Workbook

Sheet meta_data
B2: LEGEND
B3: Waiting for Input | Calcifer is in standby mode, waiting for a command from you. | C3: 1
B4: Analyzing Pinecone | Calcifer is analyzing a target pinecone to assess its size. | C4: 2
B5: Found Pinecone | Calcifer is signalling to you that it has found a suitable pinecone. | C5: 4
B6: Error | Calcifer is signalling to you that it is experiencing a critical error. | C6: 5
B7: Confused | Calcifer is signalling to you that it is confused and unsure what to do. | C7: 3
B9: Waiting for Input | Calcifer is in standby mode, waiting for a command from you. | C9: 1
B10: Interacting with Pinecone | Calcifer is interacting with a target pinecone. | C10: 2
B11: Needs Help | Calcifer is signalling to you that it needs your help. | C11: 5
B13: Not Confident at All | C13: 3
B14: Not Very Confident | C14: 4
B15: Somewhat Confident | C15: 5
B16: Very Confident | C16: 6
B17: Fully Confident | C17: 7

Sheet raw_labels
A1: StartDate | B1: EndDate | C1: Status | D1: IPAddress | E1: Progress | F1: Duration (in seconds) | G1: Finished | H1: RecordedDate | I1: ResponseId | J1: RecipientLastName | K1: RecipientFirstName | L1: RecipientEmail | M1: ExternalReference | N1: LocationLatitude | O1: LocationLongitude | P1: DistributionChannel | Q1: UserLanguage | R1: Q_RecaptchaScore | S1: 00-01_1 | T1: 00-01_2 | U1: 00-01_3 | V1: 00-01_4 | W1: 02-01 | X1: 02-02 | Y1: 02-03_1 | Z1: 02-03_2 | AA1: 02-03_3 | AB1: 02-03_4 | AC1: SPR_ISO_WFI_MOT_VID | AD1: SPR_ISO_WFI_MOT_CON | AE1: SPR_ISO_WFI_MOT_TIM_First Click | AF1: SPR_ISO_WFI_MOT_TIM_Last Click | AG1: SPR_ISO_WFI_MOT_TIM_Page Submit | AH1: SPR_ISO_WFI_MOT_TIM_Click Count | AI1: SPR_ISO_AO_MOT_VID | AJ1: SPR_ISO_AO_MOT_CON | AK1: SPR_ISO_AO_MOT_TIM_First Click | AL1: SPR_ISO_AO_MOT_TIM_Last Click | AM1: SPR_ISO_AO_MOT_TIM_Page Submit | AN1: SPR_ISO_AO_MOT_TIM_Click Count | AO1: SPR_ISO_FO_MOT_VID | AP1: SPR_ISO_FO_MOT_CON | AQ1: SPR_ISO_FO_MOT_TIM_First Click | AR1: SPR_ISO_FO_MOT_TIM_Last Click | AS1: SPR_ISO_FO_MOT_TIM_Page Submit | AT1: SPR_ISO_FO_MOT_TIM_Click Count | AU1: SPR_ISO_ER_MOT_VID | AV1: SPR_ISO_ER_MOT_CON | AW1: SPR_ISO_ER_MOT_TIM_First Click | AX1: SPR_ISO_ER_MOT_TIM_Last Click | AY1: SPR_ISO_ER_MOT_TIM_Page Submit | AZ1: SPR_ISO_ER_MOT_TIM_Click Count | BA1: SPR_ISO_CO_MOT_VID | BB1: SPR_ISO_CO_MOT_CON | BC1: SPR_ISO_CO_MOT_TIM_First Click | BD1: SPR_ISO_CO_MOT_TIM_Last Click | BE1: SPR_ISO_CO_MOT_TIM_Page Submit | BF1: SPR_ISO_CO_MOT_TIM_Click Count | BG1: SPR_NON_WFI_MOT_VID | BH1: SPR_NON_WFI_MOT_CON | BI1: SPR_NON_WFI_MOT_TIM_First Click | BJ1: SPR_NON_WFI_MOT_TIM_Last Click | BK1: SPR_NON_WFI_MOT_TIM_Page Submit | BL1: SPR_NON_WFI_MOT_TIM_Click Count | BM1: SPR_NON_AO_MOT_VID | BN1: SPR_NON_AO_MOT_CON | BO1: SPR_NON_AO_MOT_TIM_First Click | BP1: SPR_NON_AO_MOT_TIM_Last Click | BQ1: SPR_NON_AO_MOT_TIM_Page Submit | BR1: SPR_NON_AO_MOT_TIM_Click Count | BS1: SPR_NON_FO_MOT_VID | BT1: SPR_NON_FO_MOT_CON | BU1: SPR_NON_FO_MOT_TIM_First Click | BV1: SPR_NON_FO_MOT_TIM_Last Click | BW1: SPR_NON_FO_MOT_TIM_Page Submit | BX1: SPR_NON_FO_MOT_TIM_Click Count | BY1: SPR_NON_ER_MOT_VID | BZ1: SPR_NON_ER_MOT_CON | CA1: SPR_NON_ER_MOT_TIM_First Click | CB1: SPR_NON_ER_MOT_TIM_Last Click | CC1: SPR_NON_ER_MOT_TIM_Page Submit | CD1: SPR_NON_ER_MOT_TIM_Click Count | CE1: SPR_NON_CO_MOT_VID | CF1: SPR_NON_CO_MOT_CON | CG1: SPR_NON_CO_MOT_TIM_First Click | CH1: SPR_NON_CO_MOT_TIM_Last Click | CI1: SPR_NON_CO_MOT_TIM_Page Submit | CJ1: SPR_NON_CO_MOT_TIM_Click Count | CK1: SPR_EMD_WFI_MOT_VID | CL1: SPR_EMD_WFI_MOT_CON | CM1: SPR_EMD_WFI_MOT_TIM_First Click | CN1: SPR_EMD_WFI_MOT_TIM_Last Click | CO1: SPR_EMD_WFI_MOT_TIM_Page Submit | CP1: SPR_EMD_WFI_MOT_TIM_Click Count | CQ1: SPR_EMD_AO_MOT_VID | CR1: SPR_EMD_AO_MOT_CON | CS1: SPR_EMD_AO_MOT_TIM_First Click | CT1: SPR_EMD_AO_MOT_TIM_Last Click | CU1: SPR_EMD_AO_MOT_TIM_Page Submit | CV1: SPR_EMD_AO_MOT_TIM_Click Count | CW1: SPR_EMD_FO_MOT_VID | CX1: SPR_EMD_FO_MOT_CON | CY1: SPR_EMD_FO_MOT_TIM_First Click | CZ1: SPR_EMD_FO_MOT_TIM_Last Click | DA1: SPR_EMD_FO_MOT_TIM_Page Submit | DB1: SPR_EMD_FO_MOT_TIM_Click Count | DC1: SPR_EMD_ER_MOT_VID | DD1: SPR_EMD_ER_MOT_CON | DE1: SPR_EMD_ER_MOT_TIM_First Click | DF1: SPR_EMD_ER_MOT_TIM_Last Click | DG1: SPR_EMD_ER_MOT_TIM_Page Submit | DH1: SPR_EMD_ER_MOT_TIM_Click Count | DI1: SPR_EMD_CO_MOT_VID | DJ1: SPR_EMD_CO_MOT_CON | DK1: SPR_EMD_CO_MOT_TIM_First Click | DL1: SPR_EMD_CO_MOT_TIM_Last Click | DM1: SPR_EMD_CO_MOT_TIM_Page Submit | DN1: SPR_EMD_CO_MOT_TIM_Click Count | DO1: SPR_DYN_WFI_MOT_VID | DP1: SPR_DYN_WFI_MOT_CON | DQ1: SPR_DYN_WFI_MOT_TIM_First Click | DR1: SPR_DYN_WFI_MOT_TIM_Last Click | DS1: SPR_DYN_WFI_MOT_TIM_Page Submit | DT1: SPR_DYN_WFI_MOT_TIM_Click Count | DU1: SPR_DYN_AO_MOT_VID | DV1: SPR_DYN_AO_MOT_CON | DW1: SPR_DYN_AO_MOT_TIM_First Click | DX1: SPR_DYN_AO_MOT_TIM_Last Click | DY1: SPR_DYN_AO_MOT_TIM_Page Submit | DZ1: SPR_DYN_AO_MOT_TIM_Click Count | EA1: SPR_DYN_FO_MOT_VID | EB1: SPR_DYN_FO_MOT_CON | EC1: SPR_DYN_FO_MOT_TIM_First Click | ED1: SPR_DYN_FO_MOT_TIM_Last Click | EE1: SPR_DYN_FO_MOT_TIM_Page Submit | EF1: SPR_DYN_FO_MOT_TIM_Click Count | EG1: SPR_DYN_ER_MOT_VID | EH1: SPR_DYN_ER_MOT_CON | EI1: SPR_DYN_ER_MOT_TIM_First Click | EJ1: SPR_DYN_ER_MOT_TIM_Last Click | EK1: SPR_DYN_ER_MOT_TIM_Page Submit | EL1: SPR_DYN_ER_MOT_TIM_Click Count | EM1: SPR_DYN_CO_MOT_VID | EN1: SPR_DYN_CO_MOT_CON | EO1: SPR_DYN_CO_MOT_TIM_First Click | EP1: SPR_DYN_CO_MOT_TIM_Last Click | EQ1: SPR_DYN_CO_MOT_TIM_Page Submit | ER1: SPR_DYN_CO_MOT_TIM_Click Count | ES1: MIN_ISO_WFI_MOT_VID | ET1: MIN_ISO_WFI_MOT_CON | EU1: MIN_ISO_WFI_MOT_TIM_First Click | EV1: MIN_ISO_WFI_MOT_TIM_Last Click | EW1: MIN_ISO_WFI_MOT_TIM_Page Submit | EX1: MIN_ISO_WFI_MOT_TIM_Click Count | EY1: MIN_ISO_IWO_VID | EZ1: MIN_ISO_IWO_CON | FA1: MIN_ISO_IWO_TIM_First Click | FB1: MIN_ISO_IWO_TIM_Last Click | FC1: MIN_ISO_IWO_TIM_Page Submit | FD1: MIN_ISO_IWO_TIM_Click Count | FE1: MIN_ISO_NH_MOT_VID | FF1: MIN_ISO_NH_MOT_CON | FG1: Q748_First Click | FH1: Q748_Last Click | FI1: Q748_Page Submit | FJ1: Q748_Click Count | FK1: MIN_NON_WFI_MOT_VID | FL1: MIN_NON_WFI_MOT_CON | FM1: MIN_NON_WFI_MOT_TIM_First Click | FN1: MIN_NON_WFI_MOT_TIM_Last Click | FO1: MIN_NON_WFI_MOT_TIM_Page Submit | FP1: MIN_NON_WFI_MOT_TIM_Click Count | FQ1: MIN_NON_IWO_VID | FR1: MIN_NON_IWO_CON | FS1: MIN_NON_IWO_TIM_First Click | FT1: MIN_NON_IWO_TIM_Last Click | FU1: MIN_NON_IWO_TIM_Page Submit | FV1: MIN_NON_IWO_TIM_Click Count | FW1: MIN_NON_NH_MOT_VID | FX1: MIN_NON_NH_MOT_CON | FY1: MIN_NON_NH_MOT_TIM_First Click | FZ1: MIN_NON_NH_MOT_TIM_Last Click | GA1: MIN_NON_NH_MOT_TIM_Page Submit | GB1: MIN_NON_NH_MOT_TIM_Click Count | GC1: MIN_EMD_WFI_MOT_VID | GD1: MIN_EMD_WFI_MOT_CON | GE1: MIN_EMD_WFI_MOT_TIM_First Click | GF1: MIN_EMD_WFI_MOT_TIM_Last Click | GG1: MIN_EMD_WFI_MOT_TIM_Page Submit | GH1: MIN_EMD_WFI_MOT_TIM_Click Count | GI1: MIN_EMD_IWO_MOT_VID | GJ1: MIN_EMD_IWO_MOT_CON | GK1: MIN_EMD_IWO_MOT_TIM_First Click | GL1: MIN_EMD_IWO_MOT_TIM_Last Click | GM1: MIN_EMD_IWO_MOT_TIM_Page Submit | GN1: MIN_EMD_IWO_MOT_TIM_Click Count | GO1: MIN_EMD_NH_MOT_VID | GP1: MIN_EMD_NH_MOT_CON | GQ1: MIN_EMD_NH_MOT_TIM_First Click | GR1: MIN_EMD_NH_MOT_TIM_Last Click | GS1: MIN_EMD_NH_MOT_TIM_Page Submit | GT1: MIN_EMD_NH_MOT_TIM_Click Count | GU1: MIN_DYN_WFI_MOT_VID | GV1: MIN_DYN_WFI_MOT_CON | GW1: MIN_DYN_WFI_MOT_TIM_First Click | GX1: MIN_DYN_WFI_MOT_TIM_Last Click | GY1: MIN_DYN_WFI_MOT_TIM_Page Submit | GZ1: MIN_DYN_WFI_MOT_TIM_Click Count | HA1: MIN_DYN_IWO_MOT_VID | HB1: MIN_DYN_IWO_MOT_CON | HC1: MIN_DYN_IWO_MOT_TIM_First Click | HD1: MIN_DYN_IWO_MOT_TIM_Last Click | HE1: MIN_DYN_IWO_MOT_TIM_Page Submit | HF1: MIN_DYN_IWO_MOT_TIM_Click Count | HG1: MIN_DYN_NH_MOT_VID | HH1: MIN_DYN_NH_MOT_CON | HI1: MIN_DYN_NH_MOT_TIM_First Click | HJ1: MIN_DYN_NH_MOT_TIM_Last Click | HK1: MIN_DYN_NH_MOT_TIM_Page Submit | HL1: MIN_DYN_NH_MOT_TIM_Click Count | HM1: aspects_waiting | HN1: should_have_waitin | HO1: aspects_anapin | HP1: should_have_anapin | HQ1: aspects_foundpin | HR1: should_have_foundpin | HS1: aspects_error | HT1: should_have_error | HU1: aspects_confus | HV1: should_have_confused | HW1: final_feedback | HX1: email_capture | HY1: SectionCounter | HZ1: GroupOrder | IA1: VideoCounter | IB1: Create New Field or Choose From Dropdown... | IC1: Q_DataPolicyViolations
A2: Start Date | B2: End Date | C2: Response Type | D2: IP Address | E2: Progress | F2: Duration (in seconds) | G2: Finished | H2: Recorded Date | I2: Response ID | J2: Recipient Last Name | K2: Recipient First Name | L2: Recipient Email | M2: External Data Reference | N2: Location Latitude | O2: Location Longitude | P2: Distribution Channel | Q2: User Language | R2: Q_RecaptchaScore | S2: I consent to the following: - Provide non-identifying personal data (age, field of work, etc.) | T2: I consent to the following: - Watch and provide feedback on videos of expressive robots | U2: I consent to the following: - Answer a questionnaire regarding the videos of robots | V2: I consent to the following: - Have my non-identifying data published in academic publications and shared in online data repositories | W2: What is your current industry of occupation? | X2: Do you currently or have you previously owned any pets? | Y2: How often do you... - Interact with everyday technology (e.g. use a smartphone, computer or tablet) | Z2: How often do you... - Observe or interact with robots at home (e.g. supervise a vacuum robot) | AA2: How often do you... - Observe or interact with robots at work (e.g. collaborativly pack a box with a robot arm) | AB2: How often do you... - Observe or interact with robots in public (e.g. observe a grocery store cleaning robot) | AC2: Video [Field-VideoCounter]: Watch the video below and indicate which robot state you think Calcifer is communicating. | AD2: Indicate your confidence in your response: | AE2: Timing - First Click | AF2: Timing - Last Click | AG2: Timing - Page Submit | AH2: Timing - Click Count | AI2: Video [Field-VideoCounter]: Watch the video below and indicate which robot state you think Calcifer is communicating. | AJ2: Indicate your confidence in your response: | AK2: Timing - First Click | AL2: Timing - Last Click | AM2: Timing - Page Submit | AN2: Timing - Click Count | AO2: Video [Field-VideoCounter]: Watch the video below and indicate which robot state you think Calcifer is communicating. | AP2: Indicate your confidence in your response: | AQ2: Timing - First Click | AR2: Timing - Last Click | AS2: Timing - Page Submit | AT2: Timing - Click Count | AU2: Video [Field-VideoCounter]: Watch the video below and indicate which robot state you think Calcifer is communicating. | AV2: Indicate your confidence in your response: | AW2: Timing - First Click | AX2: Timing - Last Click | AY2: Timing - Page Submit | AZ2: Timing - Click Count | BA2: Video [Field-VideoCounter]: Watch the video below and indicate which robot state you think Calcifer is communicating. | BB2: Indicate your confidence in your response: | BC2: Timing - First Click | BD2: Timing - Last Click | BE2: Timing - Page Submit | BF2: Timing - Click Count | BG2: Video [Field-VideoCounter]: Watch the video below and indicate which robot state you think Calcifer is communicating. | BH2: Indicate your confidence in your response: | BI2: Timing - First Click | BJ2: Timing - Last Click | BK2: Timing - Page Submit | BL2: Timing - Click Count | BM2: Video [Field-VideoCounter]: Watch the video below and indicate which robot state you think Calcifer is communicating. | BN2: Indicate your confidence in your response: | BO2: Timing - First Click | BP2: Timing - Last Click | BQ2: Timing - Page Submit | BR2: Timing - Click Count | BS2: Video [Field-VideoCounter]: Watch the video below and indicate which robot state you think Calcifer is communicating. | BT2: Indicate your confidence in your response: | BU2: Timing - First Click | BV2: Timing - Last Click | BW2: Timing - Page Submit | BX2: Timing - Click Count | BY2: Video [Field-VideoCounter]: Watch the video below and indicate which robot state you think Calcifer is communicating. | BZ2: Indicate your confidence in your response: | CA2: Timing - First Click | CB2: Timing - Last Click | CC2: Timing - Page Submit | CD2: Timing - Click Count | CE2: Video [Field-VideoCounter]: Watch the video below and indicate which robot state you think Calcifer is communicating. | CF2: Indicate your confidence in your response: | CG2: Timing - First Click | CH2: Timing - Last Click | CI2: Timing - Page Submit | CJ2: Timing - Click Count | CK2: Video [Field-VideoCounter]: Watch the video below and indicate which robot state you think Calcifer is communicating. | CL2: Indicate your confidence in your response: | CM2: Timing - First Click | CN2: Timing - Last Click | CO2: Timing - Page Submit | CP2: Timing - Click Count | CQ2: Video [Field-VideoCounter]: Watch the video below and indicate which robot state you think Calcifer is communicating. | CR2: Indicate your confidence in your response: | CS2: Timing - First Click | CT2: Timing - Last Click | CU2: Timing - Page Submit | CV2: Timing - Click Count | CW2: Video [Field-VideoCounter]: Watch the video below and indicate which robot state you think Calcifer is communicating. | CX2: Indicate your confidence in your response: | CY2: Timing - First Click | CZ2: Timing - Last Click | DA2: Timing - Page Submit | DB2: Timing - Click Count | DC2: Video [Field-VideoCounter]: Watch the video below and indicate which robot state you think Calcifer is communicating. | DD2: Indicate your confidence in your response: | DE2: Timing - First Click | DF2: Timing - Last Click | DG2: Timing - Page Submit | DH2: Timing - Click Count | DI2: Video [Field-VideoCounter]: Watch the video below and indicate which robot state you think Calcifer is communicating. | DJ2: Indicate your confidence in your response: | DK2: Timing - First Click | DL2: Timing - Last Click | DM2: Timing - Page Submit | DN2: Timing - Click Count | DO2: Video [Field-VideoCounter]: Watch the video below and indicate which robot state you think Calcifer is communicating. | DP2: Indicate your confidence in your response: | DQ2: Timing - First Click | DR2: Timing - Last Click | DS2: Timing - Page Submit | DT2: Timing - Click Count | DU2: Video [Field-VideoCounter]: Watch the video below and indicate which robot state you think Calcifer is communicating. | DV2: Indicate your confidence in your response: | DW2: Timing - First Click | DX2: Timing - Last Click | DY2: Timing - Page Submit | DZ2: Timing - Click Count | EA2: Video [Field-VideoCounter]: Watch the video below and indicate which robot state you think Calcifer is communicating. | EB2: Indicate your confidence in your response: | EC2: Timing - First Click | ED2: Timing - Last Click | EE2: Timing - Page Submit | EF2: Timing - Click Count | EG2: Video [Field-VideoCounter]: Watch the video below and indicate which robot state you think Calcifer is communicating. | EH2: Indicate your confidence in your response: | EI2: Timing - First Click | EJ2: Timing - Last Click | EK2: Timing - Page Submit | EL2: Timing - Click Count | EM2: Video [Field-VideoCounter]: Watch the video below and indicate which robot state you think Calcifer is communicating. | EN2: Indicate your confidence in your response: | EO2: Timing - First Click | EP2: Timing - Last Click | EQ2: Timing - Page Submit | ER2: Timing - Click Count | ES2: Video [Field-VideoCounter]: Watch the video below and indicate which robot state you think Calcifer is communicating. | ET2: Indicate your confidence in your response: | EU2: Timing - First Click | EV2: Timing - Last Click | EW2: Timing - Page Submit | EX2: Timing - Click Count | EY2: Video [Field-VideoCounter]: Watch the video below and indicate which robot state you think Calcifer is communicating. | EZ2: Indicate your confidence in your response: | FA2: Timing - First Click | FB2: Timing - Last Click | FC2: Timing - Page Submit | FD2: Timing - Click Count | FE2: Video [Field-VideoCounter]: Watch the video below and indicate which robot state you think Calcifer is communicating. | FF2: Indicate your confidence in your response: | FG2: Timing - First Click | FH2: Timing - Last Click | FI2: Timing - Page Submit | FJ2: Timing - Click Count | FK2: Video [Field-VideoCounter]: Watch the video below and indicate which robot state you think Calcifer is communicating. | FL2: Indicate your confidence in your response: | FM2: Timing - First Click | FN2: Timing - Last Click | FO2: Timing - Page Submit | FP2: Timing - Click Count | FQ2: Video [Field-VideoCounter]: Watch the video below and indicate which robot state you think Calcifer is communicating. | FR2: Indicate your confidence in your response: | FS2: Timing - First Click | FT2: Timing - Last Click | FU2: Timing - Page Submit | FV2: Timing - Click Count | FW2: Video [Field-VideoCounter]: Watch the video below and indicate which robot state you think Calcifer is communicating. | FX2: Indicate your confidence in your response: | FY2: Timing - First Click | FZ2: Timing - Last Click | GA2: Timing - Page Submit | GB2: Timing - Click Count | GC2: Video [Field-VideoCounter]: Watch the video below and indicate which robot state you think Calcifer is communicating. | GD2: Indicate your confidence in your response: | GE2: Timing - First Click | GF2: Timing - Last Click | GG2: Timing - Page Submit | GH2: Timing - Click Count | GI2: Video [Field-VideoCounter]: Watch the video below and indicate which robot state you think Calcifer is communicating. | GJ2: Indicate your confidence in your response: | GK2: Timing - First Click | GL2: Timing - Last Click | GM2: Timing - Page Submit | GN2: Timing - Click Count | GO2: Video [Field-VideoCounter]: Watch the video below and indicate which robot state you think Calcifer is communicating. | GP2: Indicate your confidence in your response: | GQ2: Timing - First Click | GR2: Timing - Last Click | GS2: Timing - Page Submit | GT2: Timing - Click Count | GU2: Video [Field-VideoCounter]: Watch the video below and indicate which robot state you think Calcifer is communicating. | GV2: Indicate your confidence in your response: | GW2: Timing - First Click | GX2: Timing - Last Click | GY2: Timing - Page Submit | GZ2: Timing - Click Count | HA2: Video [Field-VideoCounter]: Watch the video below and indicate which robot state you think Calcifer is communicating. | HB2: Indicate your confidence in your response: | HC2: Timing - First Click | HD2: Timing - Last Click | HE2: Timing - Page Submit | HF2: Timing - Click Count | HG2: Video [Field-VideoCounter]: Watch the video below and indicate which robot state you think Calcifer is communicating. | HH2: Indicate your confidence in your response: | HI2: Timing - First Click | HJ2: Timing - Last Click | HK2: Timing - Page Submit | HL2: Timing - Click Count | HM2: Based on what you saw in the videos, what aspects of the robot's body language did you associate with the state Waiting for Input? | HN2: Describe what you think the robot should have done to express the state Waiting for Input? | HO2: Based on what you saw in the videos, what aspects of the robot's body language did you associate with the state Analyzing Pinecone? | HP2: Describe what you think the robot should have done to express the state Analyzing Pinecone? | HQ2: Based on what you saw in the videos, what aspects of the robot's body language did you associate with the state Found Pinecone? | HR2: Describe what you think the robot should have done to express the state Found Pinecone? | HS2: Based on what you saw in the videos, what aspects of the robot's body language did you associate with the state Error? | HT2: Describe what you think the robot should have done to express the state Error? | HU2: Based on what you saw in the videos, what aspects of the robot's body language did you associate with the state Confused? | HV2: Describe what you think the robot should have done to express the state Confused? | HW2: Optional | Is there any other feedback you’d like to provide related to the robot, this study, or this research in general? | HX2: Optional | If you are interested in participating in our future online studies, please provide your email below. This data will not be shared with anyone or used for any other purpose beyond contacting you regarding our future research studies. Your response has not been submitted yet. Hit next to continue. | HY2: SectionCounter | HZ2: GroupOrder | IA2: VideoCounter | IB2: Create New Field or Choose From Dropdown... | IC2: Q_DataPolicyViolations
A3: 45739.275 | B3: 45739.289 | C3: IP Address | D3: 185.153.179.23 | E3: 100 | F3: 1198 | G3: True | H3: 45739.289 | I3: R_7riMjeGOoUZ7EKu | N3: 49.2476 | O3: -123.1234 | P3: anonymous | Q3: EN | R3: 1 | S3: Yes | T3: Yes | U3: Yes | V3: Yes | W3: Academic (e.g. student, teacher) | X3: Dog | Y3: Nearly every day or more | Z3: Never | AA3: At least once per week | AB3: Never | AC3: Waiting for Input | Calcifer is in standby mode, waiting for a command from you. | AD3: Somewhat Confident | AE3: 10.134 | AF3: 12.068 | AG3: 12.728 | AH3: 2 | AI3: Analyzing Pinecone | Calcifer is analyzing a target pinecone to assess its size. | AJ3: Fully Confident | AK3: 10.183 | AL3: 11.6 | AM3: 12.132 | AN3: 2 | AO3: Analyzing Pinecone | Calcifer is analyzing a target pinecone to assess its size. | AP3: Fully Confident | AQ3: 6.594 | AR3: 7.73 | AS3: 8.858 | AT3: 2 | AU3: Error | Calcifer is signalling to you that it is experiencing a critical error. | AV3: Very Confident | AW3: 6.301 | AX3: 7.462 | AY3: 8.692 | AZ3: 2 | BA3: Error | Calcifer is signalling to you that it is experiencing a critical error. | BB3: Very Confident | BC3: 6.77 | BD3: 8.917 | BE3: 9.568 | BF3: 2 | BG3: Waiting for Input | Calcifer is in standby mode, waiting for a command from you. | BH3: Somewhat Confident | BI3: 12.278 | BJ3: 14.422 | BK3: 15.058 | BL3: 3 | BM3: Analyzing Pinecone | Calcifer is analyzing a target pinecone to assess its size. | BN3: Fully Confident | BO3: 10.258 | BP3: 11.574 | BQ3: 12.039 | BR3: 2 | BS3: Waiting for Input | Calcifer is in standby mode, waiting for a command from you. | BT3: Not Very Confident | BU3: 16.927 | BV3: 18.072 | BW3: 19.263 | BX3: 2 | BY3: Error | Calcifer is signalling to you that it is experiencing a critical error. | BZ3: Very Confident | CA3: 10.674 | CB3: 16.263 | CC3: 16.901 | CD3: 2 | CE3: Confused | Calcifer is signalling to you that it is confused and unsure what to do. | CF3: Somewhat Confident | CG3: 7.444 | CH3: 8.334 | CI3: 9.125 | CJ3: 2 | CK3: Waiting for Input | Calcifer is in standby mode, waiting for a command from you. | CL3: Very Confident | CM3: 7.006 | CN3: 8.336 | CO3: 8.91 | CP3: 2 | CQ3: Analyzing Pinecone | Calcifer is analyzing a target pinecone to assess its size. | CR3: Fully Confident | CS3: 51.029 | CT3: 52.383 | CU3: 52.933 | CV3: 2 | CW3: Waiting for Input | Calcifer is in standby mode, waiting for a command from you. | CX3: Somewhat Confident | CY3: 21.354 | CZ3: 27.242 | DA3: 27.948 | DB3: 2 | DC3: Error | Calcifer is signalling to you that it is experiencing a critical error. | DD3: Very Confident | DE3: 8.463 | DF3: 14.501 | DG3: 20.196 | DH3: 2 | DI3: Confused | Calcifer is signalling to you that it is confused and unsure what to do. | DJ3: Very Confident | DK3: 9 | DL3: 11.236 | DM3: 11.863 | DN3: 2 | DO3: Waiting for Input | Calcifer is in standby mode, waiting for a command from you. | DP3: Very Confident | DQ3: 7.126 | DR3: 8.409 | DS3: 9.249 | DT3: 2 | DU3: Analyzing Pinecone | Calcifer is analyzing a target pinecone to assess its size. | DV3: Very Confident | DW3: 5.884 | DX3: 7.049 | DY3: 8.814 | DZ3: 2 | EA3: Found Pinecone | Calcifer is signalling to you that it has found a suitable pinecone. | EB3: Very Confident | EC3: 5.818 | ED3: 17.806 | EE3: 21.104 | EF3: 4 | EG3: Error | Calcifer is signalling to you that it is experiencing a critical error. | EH3: Somewhat Confident | EI3: 9.812 | EJ3: 24.411 | EK3: 24.908 | EL3: 7 | EM3: Confused | Calcifer is signalling to you that it is confused and unsure what to do. | EN3: Very Confident | EO3: 6.649 | EP3: 7.635 | EQ3: 8.647 | ER3: 2 | ES3: Waiting for Input | Calcifer is in standby mode, waiting for a command from you. | ET3: Somewhat Confident | EU3: 20.294 | EV3: 30.279 | EW3: 30.877 | EX3: 3 | EY3: Interacting with Pinecone | Calcifer is interacting with a target pinecone. | EZ3: Fully Confident | FA3: 7.306 | FB3: 9.861 | FC3: 10.574 | FD3: 2 | FE3: Needs Help | Calcifer is signalling to you that it needs your help. | FF3: Not Very Confident | FG3: 69.899 | FH3: 89.116 | FI3: 90.136 | FJ3: 2 | FK3: Waiting for Input | Calcifer is in standby mode, waiting for a command from you. | FL3: Very Confident | FM3: 8.533 | FN3: 11.198 | FO3: 11.937 | FP3: 2 | FQ3: Interacting with Pinecone | Calcifer is interacting with a target pinecone. | FR3: Fully Confident | FS3: 22.188 | FT3: 23.456 | FU3: 24.548 | FV3: 2 | FW3: Needs Help | Calcifer is signalling to you that it needs your help. | FX3: Not Very Confident | FY3: 8.579 | FZ3: 14.046 | GA3: 14.776 | GB3: 4 | GC3: Waiting for Input | Calcifer is in standby mode, waiting for a command from you. | GD3: Very Confident | GE3: 8.736 | GF3: 11.89 | GG3: 12.894 | GH3: 3 | GI3: Interacting with Pinecone | Calcifer is interacting with a target pinecone. | GJ3: Fully Confident | GK3: 6.149 | GL3: 7.02 | GM3: 8.861 | GN3: 2 | GO3: Needs Help | Calcifer is signalling to you that it needs your help. | GP3: Very Confident | GQ3: 44.91 | GR3: 49.554 | GS3: 50.612 | GT3: 5 | GU3: Needs Help | Calcifer is signalling to you that it needs your help. | GV3: Very Confident | GW3: 9.74 | GX3: 12.873 | GY3: 13.939 | GZ3: 2 | HA3: Interacting with Pinecone | Calcifer is interacting with a target pinecone. | HB3: Fully Confident | HC3: 8.302 | HD3: 10.009 | HE3: 12.643 | HF3: 2 | HG3: Waiting for Input | Calcifer is in standby mode, waiting for a command from you. | HH3: Not Very Confident | HI3: 10.275 | HJ3: 16.181 | HK3: 17.468 | HL3: 4 | HM3: Looking at me and not moving | HN3: Looking at me and not moving | HO3: Was crouching down to look at the pinecone | HP3: Crouching down and looking at a pinecone | HQ3: Looking at me while in front of a pinecone | HR3: Maybe a distinctive movement to get my attention | HS3: Shaking | HT3: Shaking or lying down | HU3: Tilting its head and shoulder | HV3: Tilting its head and shoulder | HX3: colleen.ogilvie@ucalgary.ca | HY3: 2 | IA3: 20
A4: 45740.72 | B4: 45740.735 | C4: IP Address | D4: 106.70.72.222 | E4: 100 | F4: 1310 | G4: True | H4: 45740.735 | I4: R_4WAuQLonzRKrSfC | N4: -37.8333 | O4: 145.2375 | P4: anonymous | Q4: EN | R4: 1 | S4: Yes | T4: Yes | U4: Yes | V4: Yes | W4: Academic (e.g. student, teacher) | X4: Dog,Fish | Y4: Nearly every day or more | Z4: Never | AA4: At least once per week | AB4: Less than once per month | AC4: Waiting for Input | Calcifer is in standby mode, waiting for a command from you. | AD4: Somewhat Confident | AE4: 8.701 | AF4: 11.013 | AG4: 11.898 | AH4: 2 | AI4: Analyzing Pinecone | Calcifer is analyzing a target pinecone to assess its size. | AJ4: Very Confident | AK4: 6.164 | AL4: 16.862 | AM4: 17.936 | AN4: 3 | AO4: Found Pinecone | Calcifer is signalling to you that it has found a suitable pinecone. | AP4: Somewhat Confident | AQ4: 10.121 | AR4: 22.819 | AS4: 24.325 | AT4: 5 | AU4: Error | Calcifer is signalling to you that it is experiencing a critical error. | AV4: Somewhat Confident | AW4: 6.797 | AX4: 8.347 | AY4: 9.368 | AZ4: 2 | BA4: Confused | Calcifer is signalling to you that it is confused and unsure what to do. | BB4: Very Confident | BC4: 14.658 | BD4: 16.894 | BE4: 17.218 | BF4: 3 | BG4: Waiting for Input | Calcifer is in standby mode, waiting for a command from you. | BH4: Not Very Confident | BI4: 11.268 | BJ4: 13.087 | BK4: 13.824 | BL4: 4 | BM4: Analyzing Pinecone | Calcifer is analyzing a target pinecone to assess its size. | BN4: Very Confident | BO4: 17.611 | BP4: 18.806 | BQ4: 19.833 | BR4: 2 | BS4: Waiting for Input | Calcifer is in standby mode, waiting for a command from you. | BT4: Somewhat Confident | BU4: 12.226 | BV4: 14.433 | BW4: 15.883 | BX4: 2 | BY4: Confused | Calcifer is signalling to you that it is confused and unsure what to do. | BZ4: Somewhat Confident | CA4: 22.498 | CB4: 30.413 | CC4: 31.655 | CD4: 4 | CE4: Error | Calcifer is signalling to you that it is experiencing a critical error. | CF4: Somewhat Confident | CG4: 9.416 | CH4: 10.911 | CI4: 11.521 | CJ4: 2 | CK4: Waiting for Input | Calcifer is in standby mode, waiting for a command from you. | CL4: Not Very Confident | CM4: 45.296 | CN4: 59.214 | CO4: 59.964 | CP4: 3 | CQ4: Analyzing Pinecone | Calcifer is analyzing a target pinecone to assess its size. | CR4: Very Confident | CS4: 14.741 | CT4: 18.647 | CU4: 18.947 | CV4: 4 | CX4: Somewhat Confident | CY4: 19.124 | CZ4: 28.621 | DA4: 30.481 | DB4: 6 | DC4: Found Pinecone | Calcifer is signalling to you that it has found a suitable pinecone. | DD4: Somewhat Confident | DE4: 47.688 | DF4: 49.097 | DG4: 50.266 | DH4: 2 | DI4: Confused | Calcifer is signalling to you that it is confused and unsure what to do. | DJ4: Somewhat Confident | DK4: 10.718 | DL4: 12.077 | DM4: 14.022 | DN4: 2 | DO4: Waiting for Input | Calcifer is in standby mode, waiting for a command from you. | DP4: Somewhat Confident | DQ4: 58.468 | DR4: 60.373 | DS4: 61.119 | DT4: 3 | DU4: Analyzing Pinecone | Calcifer is analyzing a target pinecone to assess its size. | DV4: Very Confident | DW4: 39.923 | DX4: 47.718 | DY4: 48.691 | DZ4: 4 | EA4: Confused | Calcifer is signalling to you that it is confused and unsure what to do. | EB4: Somewhat Confident | EC4: 18.674 | ED4: 20.186 | EE4: 21.273 | EF4: 2 | EG4: Error | Calcifer is signalling to you that it is experiencing a critical error. | EH4: Very Confident | EI4: 9.452 | EJ4: 14.918 | EK4: 15.62 | EL4: 3 | EM4: Error | Calcifer is signalling to you that it is experiencing a critical error. | EN4: Not Very Confident | EO4: 47.974 | EP4: 50.721 | EQ4: 51.693 | ER4: 3 | ES4: Waiting for Input | Calcifer is in standby mode, waiting for a command from you. | ET4: Somewhat Confident | EU4: 128.747 | EV4: 131.763 | EW4: 132.613 | EX4: 4 | EY4: Interacting with Pinecone | Calcifer is interacting with a target pinecone. | EZ4: Fully Confident | FA4: 8.652 | FB4: 10.275 | FC4: 10.496 | FD4: 3 | FE4: Needs Help | Calcifer is signalling to you that it needs your help. | FF4: Fully Confident | FG4: 4.39 | FH4: 8.797 | FI4: 10.472 | FJ4: 3 | FK4: Waiting for Input | Calcifer is in standby mode, waiting for a command from you. | FL4: Fully Confident | FM4: 8.127 | FN4: 8.99 | FO4: 9.45 | FP4: 2 | FQ4: Interacting with Pinecone | Calcifer is interacting with a target pinecone. | FR4: Very Confident | FS4: 12.666 | FT4: 14.68 | FU4: 15.239 | FV4: 2 | FW4: Needs Help | Calcifer is signalling to you that it needs your help. | FX4: Fully Confident | FY4: 4.428 | FZ4: 8.893 | GA4: 9.131 | GB4: 6 | GC4: Waiting for Input | Calcifer is in standby mode, waiting for a command from you. | GD4: Very Confident | GE4: 12.575 | GF4: 17.531 | GG4: 18.158 | GH4: 2 | GI4: Interacting with Pinecone | Calcifer is interacting with a target pinecone. | GJ4: Very Confident | GK4: 7.301 | GL4: 8.863 | GM4: 9.354 | GN4: 2 | GO4: Needs Help | Calcifer is signalling to you that it needs your help. | GP4: Fully Confident | GQ4: 4.382 | GR4: 6.227 | GS4: 8.698 | GT4: 2 | GU4: Waiting for Input | Calcifer is in standby mode, waiting for a command from you. | GV4: Very Confident | GW4: 8.192 | GX4: 10.185 | GY4: 10.417 | GZ4: 3 | HA4: Interacting with Pinecone | Calcifer is interacting with a target pinecone. | HB4: Fully Confident | HC4: 7.971 | HD4: 11.324 | HE4: 11.784 | HF4: 3 | HG4: Waiting for Input | Calcifer is in standby mode, waiting for a command from you. | HH4: Very Confident | HI4: 5.234 | HJ4: 9.539 | HK4: 10.054 | HL4: 2 | HM4: When the robot was still but not facing the pine cones | HN4: Point it's head up at the user | HO4: When the robot was looking down directly at the pine cone | HP4: When the robot was looking down directly at the pine cone | HQ4: When the robot was looking up from the pinecones | HR4: When the robot was looking up from the pinecones | HS4: When the robot was shaking a lot and the body tilt was not level | HT4: A lot of shaky movement, ideally pointing at the user | HU4: When the robot was tilted away from the pinecones | HV4: When the robot was tilted away from the pinecones | HY4: 2 | IA4: 12
A5: 45740.927 | B5: 45740.955 | C5: IP Address | D5: 1.145.210.32 | E5: 100 | F5: 2384 | G5: True | H5: 45740.955 | I5: R_47j7XUtfSdILY1E | N5: -37.8159 | O5: 144.9669 | P5: anonymous | Q5: EN | R5: 0.80000001 | S5: Yes | T5: Yes | U5: Yes | V5: Yes | W5: Academic (e.g. student, teacher) | X5: Cat | Y5: Nearly every day or more | Z5: Never | AA5: A few times per month | AB5: Less than once per month | AC5: Waiting for Input | Calcifer is in standby mode, waiting for a command from you. | AD5: Very Confident | AE5: 6.636 | AF5: 9.368 | AG5: 9.711 | AH5: 3 | AI5: Analyzing Pinecone | Calcifer is analyzing a target pinecone to assess its size. | AJ5: Very Confident | AK5: 5.729 | AL5: 6.657 | AM5: 8.859 | AN5: 2 | AO5: Analyzing Pinecone | Calcifer is analyzing a target pinecone to assess its size. | AP5: Very Confident | AQ5: 5.031 | AR5: 8.978 | AS5: 9.595 | AT5: 2 | AU5: Error | Calcifer is signalling to you that it is experiencing a critical error. | AV5: Somewhat Confident | AW5: 24.637 | AX5: 48.817 | AY5: 51.74 | AZ5: 3 | BA5: Error | Calcifer is signalling to you that it is experiencing a critical error. | BB5: Not Very Confident | BC5: 25.605 | BD5: 26.597 | BE5: 27.856 | BF5: 3 | BG5: Waiting for Input | Calcifer is in standby mode, waiting for a command from you. | BH5: Very Confident | BI5: 8.711 | BJ5: 10.858 | BK5: 11.408 | BL5: 2 | BM5: Analyzing Pinecone | Calcifer is analyzing a target pinecone to assess its size. | BN5: Very Confident | BO5: 5.05 | BP5: 13.986 | BQ5: 14.981 | BR5: 2 | BS5: Analyzing Pinecone | Calcifer is analyzing a target pinecone to assess its size. | BT5: Not Very Confident | BU5: 12.53 | BV5: 17.978 | BW5: 23.62 | BX5: 2 | BY5: Error | Calcifer is signalling to you that it is experiencing a critical error. | BZ5: Not Very Confident | CA5: 9.439 | CB5: 10.403 | CC5: 11.641 | CD5: 2 | CE5: Confused | Calcifer is signalling to you that it is confused and unsure what to do. | CF5: Somewhat Confident | CG5: 6.903 | CH5: 15.758 | CI5: 19.6 | CJ5: 8 | CK5: Waiting for Input | Calcifer is in standby mode, waiting for a command from you. | CL5: Very Confident | CM5: 31.07 | CN5: 32.753 | CO5: 33.097 | CP5: 3 | CQ5: Analyzing Pinecone | Calcifer is analyzing a target pinecone to assess its size. | CR5: Very Confident | CS5: 9.526 | CT5: 11.737 | CU5: 13.456 | CV5: 2 | CW5: Analyzing Pinecone | Calcifer is analyzing a target pinecone to assess its size. | CX5: Somewhat Confident | CY5: 10.98 | CZ5: 30.835 | DA5: 31.97 | DB5: 5 | DC5: Confused | Calcifer is signalling to you that it is confused and unsure what to do. | DD5: Somewhat Confident | DE5: 92.203 | DF5: 118.602 | DG5: 120.024 | DH5: 3 | DI5: Confused | Calcifer is signalling to you that it is confused and unsure what to do. | DJ5: Somewhat Confident | DK5: 13.856 | DL5: 17.888 | DM5: 21.558 | DN5: 3 | DO5: Waiting for Input | Calcifer is in standby mode, waiting for a command from you. | DP5: Very Confident | DQ5: 40.87 | DR5: 43.009 | DS5: 45.998 | DT5: 2 | DU5: Analyzing Pinecone | Calcifer is analyzing a target pinecone to assess its size. | DV5: Very Confident | DW5: 6.997 | DX5: 8.877 | DY5: 9.815 | DZ5: 2 | EA5: Found Pinecone | Calcifer is signalling to you that it has found a suitable pinecone. | EB5: Not Very Confident | EC5: 20.923 | ED5: 22.027 | EE5: 22.658 | EF5: 2 | EG5: Error | Calcifer is signalling to you that it is experiencing a critical error. | EH5: Not Very Confident | EI5: 14.647 | EJ5: 16.154 | EK5: 16.993 | EL5: 2 | EM5: Confused | Calcifer is signalling to you that it is confused and unsure what to do. | EN5: Somewhat Confident | EO5: 93.908 | EP5: 98.892 | EQ5: 100.121 | ER5: 2 | ES5: Waiting for Input | Calcifer is in standby mode, waiting for a command from you. | ET5: Very Confident | EU5: 8.909 | EV5: 10.237 | EW5: 13.347 | EX5: 2 | EY5: Interacting with Pinecone | Calcifer is interacting with a target pinecone. | EZ5: Fully Confident | FA5: 10.22 | FB5: 11.92 | FC5: 12.514 | FD5: 2 | FF5: Not Confident at All | FG5: 9.282 | FH5: 14.578 | FI5: 15.385 | FJ5: 2 | FK5: Waiting for Input | Calcifer is in standby mode, waiting for a command from you. | FL5: Somewhat Confident | FM5: 8.547 | FN5: 10.94 | FO5: 11.586 | FP5: 2 | FQ5: Interacting with Pinecone | Calcifer is interacting with a target pinecone. | FR5: Fully Confident | FS5: 5.199 | FT5: 10.495 | FU5: 11.33 | FV5: 2 | FW5: Needs Help | Calcifer is signalling to you that it needs your help. | FX5: Not Very Confident | FY5: 27.272 | FZ5: 28.284 | GA5: 29.07 | GB5: 2 | GC5: Waiting for Input | Calcifer is in standby mode, waiting for a command from you. | GD5: Not Very Confident | GE5: 28.674 | GF5: 30.481 | GG5: 32.256 | GH5: 2 | GI5: Interacting with Pinecone | Calcifer is interacting with a target pinecone. | GJ5: Fully Confident | GK5: 6.442 | GL5: 7.674 | GM5: 10 | GN5: 2 | GO5: Needs Help | Calcifer is signalling to you that it needs your help. | GP5: Somewhat Confident | GQ5: 6.913 | GR5: 8.238 | GS5: 9.407 | GT5: 2 | GU5: Needs Help | Calcifer is signalling to you that it needs your help. | GV5: Not Very Confident | GW5: 32.82 | GX5: 38.732 | GY5: 39.634 | GZ5: 2 | HA5: Interacting with Pinecone | Calcifer is interacting with a target pinecone. | HB5: Very Confident | HC5: 9.768 | HD5: 11.081 | HE5: 12.238 | HF5: 2 | HG5: Waiting for Input | Calcifer is in standby mode, waiting for a command from you. | HH5: Not Very Confident | HI5: 36.736 | HJ5: 43.332 | HK5: 46.378 | HL5: 4 | HM5: A neutral state with no motion. I usually associated this state with flat poses and a gaze either not directed at anything or directed at me, waiting for me to give a command. Generally, I was more confident assigning this state to poses that did not have any specific focus, i.e. the pine cones or camera. | HN5: I would expect a neutral pose, with no movement or extended limbs. | HO5: I found this to be the most obvious pose, indicated by the robot looking directly at the pine cones. A tilt towards the pine cones also made this more obvious. | HP5: Looking at the pine cones from close range with raised back legs and lowered front legs was an obvious indication that the robot was analyzing the pine cones. | HQ5: I didn't see many poses that I associated with this state. I think the only pose that I assigned to this group was looking upward while standing in front of the pine cones. | HR5: I would have expected the robot to face me and move its front up and down, almost like an excited dog. Alternatively, moving its gaze between me and the cones repeatedly would have indicated that it was trying to bring them to my attention. | HS5: I mostly associated this state with jittery motions, usually while looking at the camera. | HT5: I think jittery motions are a good way to convey error, possibly in a lowered stance (like a cowering animal). | HU5: I associated this state with a lopsided pose, like a shrugging shoulder. | HV5: I think the shrugging motion was effective, especially while looking at the camera. It gave the impression that the robot was asking a question. | HW5: I think that the poses are good static presentations of the states, but dynamic/repeated motions (such as the one I described for found pinecone) could have been more descriptive. Overall, I think I felt more confident with the first group of videos. It could also be helpful to view the same poses in slightly different contexts (locations, camera angles etc.) to better understand them. I'm not expecting you to make any of these changes, but just some thoughts. A few other notes: some of the videos said 'full screen unavailable', although this wasn't much of an issue. Also, a lot of the videos felt very similar and sometimes the same clip seemed to repeat a few times, not sure if that's intentional or if its randomized though. Finally, if the scenario is the same for the 2 video sets, any need to introduce it twice? It's all looking good though Liam, good luck with the final edits. | HY5: 2 | IA5: 12
A6: 45744.426 | B6: 45744.436 | C6: IP Address | D6: 120.159.76.92 | E6: 100 | F6: 810 | G6: True | H6: 45744.436 | I6: R_4pnywJ4fzDl5YOv | N6: -37.9793 | O6: 145.1297 | P6: anonymous | Q6: EN | R6: 0.5 | S6: Yes | T6: Yes | U6: Yes | V6: Yes | W6: Academic (e.g. student, teacher) | X6: Dog | Y6: Nearly every day or more | Z6: Never | AA6: Less than once per month | AB6: Less than once per month | AC6: Waiting for Input | Calcifer is in standby mode, waiting for a command from you. | AD6: Somewhat Confident | AE6: 7.968 | AF6: 9.601 | AG6: 10.591 | AH6: 2 | AI6: Found Pinecone | Calcifer is signalling to you that it has found a suitable pinecone. | AJ6: Somewhat Confident | AK6: 6.694 | AL6: 8.366 | AM6: 9.449 | AN6: 2 | AO6: Analyzing Pinecone | Calcifer is analyzing a target pinecone to assess its size. | AP6: Very Confident | AQ6: 6.351 | AR6: 11.339 | AS6: 12.26 | AT6: 2 | AU6: Error | Calcifer is signalling to you that it is experiencing a critical error. | AV6: Somewhat Confident | AW6: 6.509 | AX6: 10.23 | AY6: 11.144 | AZ6: 3 | BA6: Error | Calcifer is signalling to you that it is experiencing a critical error. | BB6: Somewhat Confident | BC6: 7.384 | BD6: 9.386 | BE6: 9.787 | BF6: 3 | BG6: Waiting for Input | Calcifer is in standby mode, waiting for a command from you. | BH6: Very Confident | BI6: 9.26 | BJ6: 12.16 | BK6: 12.863 | BL6: 2 | BM6: Analyzing Pinecone | Calcifer is analyzing a target pinecone to assess its size. | BN6: Somewhat Confident | BO6: 10.015 | BP6: 11.457 | BQ6: 13.064 | BR6: 2 | BS6: Waiting for Input | Calcifer is in standby mode, waiting for a command from you. | BT6: Not Very Confident | BU6: 7.449 | BV6: 9.972 | BW6: 10.747 | BX6: 2 | BY6: Confused | Calcifer is signalling to you that it is confused and unsure what to do. | BZ6: Not Very Confident | CA6: 15.501 | CB6: 17.5 | CC6: 18.602 | CD6: 2 | CE6: Confused | Calcifer is signalling to you that it is confused and unsure what to do. | CF6: Somewhat Confident | CG6: 6.483 | CH6: 7.884 | CI6: 9.131 | CJ6: 2 | CK6: Waiting for Input | Calcifer is in standby mode, waiting for a command from you. | CL6: Somewhat Confident | CM6: 6.458 | CN6: 8.512 | CO6: 9.273 | CP6: 2 | CQ6: Found Pinecone | Calcifer is signalling to you that it has found a suitable pinecone. | CR6: Somewhat Confident | CS6: 8.003 | CT6: 10.977 | CU6: 11.714 | CV6: 2 | CW6: Waiting for Input | Calcifer is in standby mode, waiting for a command from you. | CX6: Somewhat Confident | CY6: 6.124 | CZ6: 7.281 | DA6: 9.088 | DB6: 2 | DC6: Error | Calcifer is signalling to you that it is experiencing a critical error. | DD6: Somewhat Confident | DE6: 7.181 | DF6: 8.412 | DG6: 9.431 | DH6: 2 | DI6: Waiting for Input | Calcifer is in standby mode, waiting for a command from you. | DJ6: Somewhat Confident | DK6: 7.245 | DL6: 8.701 | DM6: 11.848 | DN6: 2 | DO6: Waiting for Input | Calcifer is in standby mode, waiting for a command from you. | DP6: Somewhat Confident | DQ6: 6.81 | DR6: 8.302 | DS6: 9.489 | DT6: 2 | DU6: Found Pinecone | Calcifer is signalling to you that it has found a suitable pinecone. | DV6: Somewhat Confident | DW6: 7.037 | DX6: 12.634 | DY6: 13.508 | DZ6: 2 | EA6: Waiting for Input | Calcifer is in standby mode, waiting for a command from you. | EB6: Somewhat Confident | EC6: 8.726 | ED6: 10.089 | EE6: 10.902 | EF6: 2 | EG6: Error | Calcifer is signalling to you that it is experiencing a critical error. | EH6: Not Very Confident | EI6: 7.558 | EJ6: 10.206 | EK6: 10.973 | EL6: 2 | EM6: Waiting for Input | Calcifer is in standby mode, waiting for a command from you. | EN6: Somewhat Confident | EO6: 8.12 | EP6: 9.47 | EQ6: 10.367 | ER6: 2 | ES6: Waiting for Input | Calcifer is in standby mode, waiting for a command from you. | ET6: Somewhat Confident | EU6: 8.336 | EV6: 9.65 | EW6: 10.483 | EX6: 2 | EY6: Interacting with Pinecone | Calcifer is interacting with a target pinecone. | EZ6: Very Confident | FA6: 8.942 | FB6: 12.161 | FC6: 13.344 | FD6: 2 | FE6: Interacting with Pinecone | Calcifer is interacting with a target pinecone. | FF6: Somewhat Confident | FG6: 7.384 | FH6: 10.338 | FI6: 11.536 | FJ6: 3 | FK6: Waiting for Input | Calcifer is in standby mode, waiting for a command from you. | FL6: Somewhat Confident | FM6: 6.013 | FN6: 7.013 | FO6: 8.97 | FP6: 2 | FQ6: Waiting for Input | Calcifer is in standby mode, waiting for a command from you. | FR6: Somewhat Confident | FS6: 12.679 | FT6: 15.04 | FU6: 18.83 | FV6: 2 | FW6: Interacting with Pinecone | Calcifer is interacting with a target pinecone. | FX6: Somewhat Confident | FY6: 19.612 | FZ6: 22.427 | GA6: 23.643 | GB6: 2 | GC6: Waiting for Input | Calcifer is in standby mode, waiting for a command from you. | GD6: Somewhat Confident | GE6: 7.842 | GF6: 8.701 | GG6: 10.311 | GH6: 2 | GI6: Interacting with Pinecone | Calcifer is interacting with a target pinecone. | GJ6: Somewhat Confident | GK6: 8.259 | GL6: 10.123 | GM6: 11.65 | GN6: 2 | GO6: Waiting for Input | Calcifer is in standby mode, waiting for a command from you. | GP6: Somewhat Confident | GQ6: 6.232 | GR6: 9.056 | GS6: 9.844 | GT6: 2 | GU6: Waiting for Input | Calcifer is in standby mode, waiting for a command from you. | GV6: Somewhat Confident | GW6: 10.388 | GX6: 11.245 | GY6: 12.594 | GZ6: 2 | HA6: Interacting with Pinecone | Calcifer is interacting with a target pinecone. | HB6: Very Confident | HC6: 7.436 | HD6: 8.711 | HE6: 9.999 | HF6: 2 | HG6: Waiting for Input | Calcifer is in standby mode, waiting for a command from you. | HH6: Somewhat Confident | HI6: 7.863 | HJ6: 10.707 | HK6: 11.646 | HL6: 2 | HM6: Standing still and looking up at me | HN6: Sitting on its back legs and looking up at me. | HO6: Starting at the pinecone. | HP6: That seemed fine. | HQ6: Bending down to stare at the pinecone | HR6: The robot should have starred at the pinecone and shaked its behind, to imitate tail wagging | HS6: Uncontrollable shaking (although I didn't understand this at first) | HT6: Lie down on its side or back | HU6: Head twisting to the side and starting at me | HV6: More prominent head twisting. Perhaps sitting down. | HW6: I think that the behaviours should be more distinct from each other. The differences are too nuanced at the moment. Also, I'm assuming a person interacting with the robot will get a manual telling them about these behaviours - "the robot will wag its tale once it achieves a task". So all you really have to do is make all of the behaviours distinct enough for a human to identify. | HX6: mor.vered@monash.edu | HY6: 2 | HZ6: three_then_five | IA6: 20
A7: 45744.431 | B7: 45744.446 | C7: IP Address | D7: 142.160.47.236 | E7: 100 | F7: 1293 | G7: True | H7: 45744.446 | I7: R_1YBwOSs3BJxnPKF | N7: 49.8221 | O7: -97.0315 | P7: anonymous | Q7: EN | R7: 1 | S7: Yes | T7: Yes | U7: Yes | V7: Yes | W7: Healthcare (e.g. doctor, nurse) | X7: Dog,Cat,Bird,Fish,Other | Y7: Nearly every day or more | Z7: Never | AA7: Never | AB7: Less than once per month | AC7: Waiting for Input | Calcifer is in standby mode, waiting for a command from you. | AD7: Somewhat Confident | AE7: 1.134 | AF7: 15.192 | AG7: 15.469 | AH7: 9 | AI7: Analyzing Pinecone | Calcifer is analyzing a target pinecone to assess its size. | AJ7: Very Confident | AK7: 13.164 | AL7: 16.185 | AM7: 16.7 | AN7: 5 | AO7: Analyzing Pinecone | Calcifer is analyzing a target pinecone to assess its size. | AP7: Very Confident | AQ7: 5.72 | AR7: 16.713 | AS7: 17.092 | AT7: 10 | AU7: Error | Calcifer is signalling to you that it is experiencing a critical error. | AV7: Somewhat Confident | AW7: 18.755 | AX7: 21.338 | AY7: 21.667 | AZ7: 6 | BA7: Found Pinecone | Calcifer is signalling to you that it has found a suitable pinecone. | BB7: Not Very Confident | BC7: 17.878 | BD7: 29.784 | BE7: 32.037 | BF7: 8 | BG7: Waiting for Input | Calcifer is in standby mode, waiting for a command from you. | BH7: Somewhat Confident | BI7: 5.69 | BJ7: 18.13 | BK7: 18.433 | BL7: 12 | BM7: Analyzing Pinecone | Calcifer is analyzing a target pinecone to assess its size. | BN7: Somewhat Confident | BO7: 2.732 | BP7: 14.732 | BQ7: 15.501 | BR7: 12 | BS7: Waiting for Input | Calcifer is in standby mode, waiting for a command from you. | BT7: Somewhat Confident | BU7: 11.42 | BV7: 31.686 | BW7: 32.198 | BX7: 13 | BY7: Found Pinecone | Calcifer is signalling to you that it has found a suitable pinecone. | BZ7: Fully Confident | CA7: 1.536 | CB7: 15.908 | CC7: 16.603 | CD7: 10 | CE7: Confused | Calcifer is signalling to you that it is confused and unsure what to do. | CF7: Somewhat Confident | CG7: 1.244 | CH7: 14.515 | CI7: 15.177 | CJ7: 8 | CK7: Waiting for Input | Calcifer is in standby mode, waiting for a command from you. | CL7: Somewhat Confident | CM7: 1.202 | CN7: 17.273 | CO7: 17.846 | CP7: 11 | CQ7: Analyzing Pinecone | Calcifer is analyzing a target pinecone to assess its size. | CR7: Somewhat Confident | CS7: 0.981 | CT7: 17.175 | CU7: 17.744 | CV7: 7 | CW7: Waiting for Input | Calcifer is in standby mode, waiting for a command from you. | CX7: Somewhat Confident | CY7: 20.708 | CZ7: 31.902 | DA7: 32.604 | DB7: 14 | DC7: Error | Calcifer is signalling to you that it is experiencing a critical error. | DD7: Very Confident | DE7: 2.352 | DF7: 15.088 | DG7: 15.696 | DH7: 8 | DI7: Confused | Calcifer is signalling to you that it is confused and unsure what to do. | DJ7: Somewhat Confident | DK7: 2.5 | DL7: 13.34 | DM7: 13.506 | DN7: 9 | DO7: Waiting for Input | Calcifer is in standby mode, waiting for a command from you. | DP7: Somewhat Confident | DQ7: 5.482 | DR7: 19.232 | DS7: 19.856 | DT7: 8 | DU7: Analyzing Pinecone | Calcifer is analyzing a target pinecone to assess its size. | DV7: Very Confident | DW7: 4.692 | DX7: 38.273 | DY7: 39.381 | DZ7: 11 | EA7: Found Pinecone | Calcifer is signalling to you that it has found a suitable pinecone. | EB7: Somewhat Confident | EC7: 6.251 | ED7: 15.479 | EE7: 15.703 | EF7: 9 | EG7: Error | Calcifer is signalling to you that it is experiencing a critical error. | EH7: Somewhat Confident | EI7: 5.766 | EJ7: 16.577 | EK7: 16.911 | EL7: 10 | EM7: Confused | Calcifer is signalling to you that it is confused and unsure what to do. | EN7: Somewhat Confident | EO7: 1.047 | EP7: 17.628 | EQ7: 18.051 | ER7: 8 | ES7: Waiting for Input | Calcifer is in standby mode, waiting for a command from you. | ET7: Somewhat Confident | EU7: 3.055 | EV7: 15.624 | EW7: 16.1 | EX7: 10 | EY7: Interacting with Pinecone | Calcifer is interacting with a target pinecone. | EZ7: Very Confident | FA7: 13.369 | FB7: 23.177 | FC7: 23.433 | FD7: 9 | FE7: Needs Help | Calcifer is signalling to you that it needs your help. | FF7: Somewhat Confident | FG7: 7.632 | FH7: 18.414 | FI7: 18.703 | FJ7: 8 | FK7: Waiting for Input | Calcifer is in standby mode, waiting for a command from you. | FL7: Very Confident | FM7: 5.256 | FN7: 16.073 | FO7: 16.306 | FP7: 6 | FQ7: Interacting with Pinecone | Calcifer is interacting with a target pinecone. | FR7: Somewhat Confident | FS7: 1.059 | FT7: 21.031 | FU7: 21.202 | FV7: 13 | FW7: Needs Help | Calcifer is signalling to you that it needs your help. | FX7: Somewhat Confident | FY7: 7.035 | FZ7: 19.132 | GA7: 19.3 | GB7: 10 | GC7: Waiting for Input | Calcifer is in standby mode, waiting for a command from you. | GD7: Somewhat Confident | GE7: 5.543 | GF7: 15.485 | GG7: 15.797 | GH7: 8 | GI7: Interacting with Pinecone | Calcifer is interacting with a target pinecone. | GJ7: Very Confident | GK7: 8.08 | GL7: 14.439 | GM7: 14.765 | GN7: 9 | GO7: Needs Help | Calcifer is signalling to you that it needs your help. | GP7: Somewhat Confident | GQ7: 3.889 | GR7: 12.046 | GS7: 12.346 | GT7: 8 | GU7: Waiting for Input | Calcifer is in standby mode, waiting for a command from you. | GV7: Somewhat Confident | GW7: 2.934 | GX7: 19.864 | GY7: 20.179 | GZ7: 10 | HA7: Interacting with Pinecone | Calcifer is interacting with a target pinecone. | HB7: Somewhat Confident | HC7: 4.536 | HD7: 13.383 | HE7: 13.6 | HF7: 8 | HG7: Waiting for Input | Calcifer is in standby mode, waiting for a command from you. | HH7: Somewhat Confident | HI7: 5.088 | HJ7: 26.162 | HK7: 26.457 | HL7: 12 | HM7: Looking up | HN7: Neutral stance, looking up | HO7: Looking down, kneeling down, | HP7: The slight head tilt while looking down was good but i think the front legs down and back legs up while looking down work | HQ7: This was much harder, looking up front legs up back legs down, a slight bum wiggle initially but later on i found that to be more looking like an error | HR7: I dont know if you can make it sit like a dog but that would work | HS7: Any shaky movement, twisting its head while neutral or looking up | HT7: Can it do all 4 legs down and basically make its belly touch the floor? Almost like a shut down state | HU7: All 4 legs up or perhaps just the front ones with its head looking up and rotated slightly is exactly how my dog does it. The little head tilt | HV7: I cant think of a better one than a slight head tilt/rotation | HW7: Several of the videos looked almost exactly the same, i had to check to make sure i was watching the right ones. I'm assuming thats part of the design of your questionnaire but may help to warn about it upfront | HY7: 2 | HZ7: five_then_three | IA7: 12
A8: 45744.433 | B8: 45744.447 | C8: IP Address | D8: 130.194.140.55 | E8: 100 | F8: 1253 | G8: True | H8: 45744.447 | I8: R_4FiDGZYwJzUN2Ux | N8: -37.9108 | O8: 145.1332 | P8: anonymous | Q8: EN | R8: 1 | S8: Yes | T8: Yes | U8: Yes | V8: Yes | W8: Academic (e.g. student, teacher) | X8: No | Y8: Nearly every day or more | Z8: Never | AA8: At least once per week | AB8: A few times per month | AC8: Waiting for Input | Calcifer is in standby mode, waiting for a command from you. | AD8: Not Very Confident | AE8: 9.134 | AF8: 10.669 | AG8: 11.289 | AH8: 2 | AI8: Found Pinecone | Calcifer is signalling to you that it has found a suitable pinecone. | AJ8: Not Very Confident | AK8: 7.828 | AL8: 14.564 | AM8: 14.895 | AN8: 7 | AO8: Found Pinecone | Calcifer is signalling to you that it has found a suitable pinecone. | AP8: Somewhat Confident | AQ8: 9.736 | AR8: 12.384 | AS8: 13.018 | AT8: 2 | AU8: Confused | Calcifer is signalling to you that it is confused and unsure what to do. | AV8: Not Very Confident | AW8: 10.225 | AX8: 12.01 | AY8: 13.211 | AZ8: 2 | BA8: Error | Calcifer is signalling to you that it is experiencing a critical error. | BB8: Not Very Confident | BC8: 12.263 | BD8: 16.856 | BE8: 17.571 | BF8: 3 | BG8: Waiting for Input | Calcifer is in standby mode, waiting for a command from you. | BH8: Not Very Confident | BI8: 9.665 | BJ8: 11.176 | BK8: 11.9 | BL8: 2 | BM8: Found Pinecone | Calcifer is signalling to you that it has found a suitable pinecone. | BN8: Somewhat Confident | BO8: 8.622 | BP8: 10.287 | BQ8: 12.25 | BR8: 2 | BS8: Confused | Calcifer is signalling to you that it is confused and unsure what to do. | BT8: Not Confident at All | BU8: 24.637 | BV8: 27.477 | BW8: 29.118 | BX8: 2 | BY8: Error | Calcifer is signalling to you that it is experiencing a critical error. | BZ8: Not Confident at All | CA8: 8.642 | CB8: 12.106 | CC8: 13.174 | CD8: 2 | CE8: Confused | Calcifer is signalling to you that it is confused and unsure what to do. | CF8: Not Confident at All | CG8: 13.819 | CH8: 15.716 | CI8: 16.543 | CJ8: 2 | CK8: Waiting for Input | Calcifer is in standby mode, waiting for a command from you. | CL8: Somewhat Confident | CM8: 5.904 | CN8: 10.321 | CO8: 10.925 | CP8: 4 | CQ8: Found Pinecone | Calcifer is signalling to you that it has found a suitable pinecone. | CR8: Somewhat Confident | CS8: 11.231 | CT8: 13.76 | CU8: 14.505 | CV8: 2 | CW8: Waiting for Input | Calcifer is in standby mode, waiting for a command from you. | CX8: Not Very Confident | CY8: 11.046 | CZ8: 12.478 | DA8: 13.177 | DB8: 2 | DC8: Waiting for Input | Calcifer is in standby mode, waiting for a command from you. | DD8: Not Very Confident | DE8: 6.619 | DF8: 10.524 | DG8: 11.286 | DH8: 3 | DI8: Confused | Calcifer is signalling to you that it is confused and unsure what to do. | DJ8: Somewhat Confident | DK8: 7.727 | DL8: 9.47 | DM8: 10.17 | DN8: 2 | DO8: Waiting for Input | Calcifer is in standby mode, waiting for a command from you. | DP8: Somewhat Confident | DQ8: 11.305 | DR8: 15.617 | DS8: 16.26 | DT8: 3 | DU8: Analyzing Pinecone | Calcifer is analyzing a target pinecone to assess its size. | DV8: Not Very Confident | DW8: 9.854 | DX8: 16.191 | DY8: 17.907 | DZ8: 4 | EA8: Waiting for Input | Calcifer is in standby mode, waiting for a command from you. | EB8: Not Very Confident | EC8: 14.872 | ED8: 16.831 | EE8: 17.698 | EF8: 2 | EG8: Waiting for Input | Calcifer is in standby mode, waiting for a command from you. | EH8: Not Very Confident | EI8: 9.244 | EJ8: 13.451 | EK8: 16.416 | EL8: 2 | EM8: Confused | Calcifer is signalling to you that it is confused and unsure what to do. | EN8: Somewhat Confident | EO8: 8.54 | EP8: 11.979 | EQ8: 12.982 | ER8: 3 | ES8: Waiting for Input | Calcifer is in standby mode, waiting for a command from you. | ET8: Very Confident | EU8: 9.284 | EV8: 10.483 | EW8: 11.126 | EX8: 2 | EY8: Interacting with Pinecone | Calcifer is interacting with a target pinecone. | EZ8: Fully Confident | FA8: 15.841 | FB8: 19.234 | FC8: 20.055 | FD8: 2 | FE8: Needs Help | Calcifer is signalling to you that it needs your help. | FF8: Not Very Confident | FG8: 11.962 | FH8: 13.978 | FI8: 16.589 | FJ8: 2 | FK8: Waiting for Input | Calcifer is in standby mode, waiting for a command from you. | FL8: Somewhat Confident | FM8: 8.415 | FN8: 11.113 | FO8: 11.835 | FP8: 2 | FQ8: Interacting with Pinecone | Calcifer is interacting with a target pinecone. | FR8: Fully Confident | FS8: 12.328 | FT8: 15.71 | FU8: 16.691 | FV8: 2 | FW8: Waiting for Input | Calcifer is in standby mode, waiting for a command from you. | FX8: Not Very Confident | FY8: 19.49 | FZ8: 27.777 | GA8: 30.036 | GB8: 4 | GC8: Waiting for Input | Calcifer is in standby mode, waiting for a command from you. | GD8: Very Confident | GE8: 9.435 | GF8: 11.172 | GG8: 11.719 | GH8: 2 | GI8: Interacting with Pinecone | Calcifer is interacting with a target pinecone. | GJ8: Very Confident | GK8: 11.315 | GL8: 13.06 | GM8: 15.957 | GN8: 2 | GO8: Waiting for Input | Calcifer is in standby mode, waiting for a command from you. | GP8: Somewhat Confident | GQ8: 12.071 | GR8: 14.975 | GS8: 16.259 | GT8: 2 | GU8: Waiting for Input | Calcifer is in standby mode, waiting for a command from you. | GV8: Somewhat Confident | GW8: 10.43 | GX8: 12.82 | GY8: 13.43 | GZ8: 2 | HA8: Interacting with Pinecone | Calcifer is interacting with a target pinecone. | HB8: Very Confident | HC8: 8.347 | HD8: 9.523 | HE8: 10.318 | HF8: 2 | HG8: Waiting for Input | Calcifer is in standby mode, waiting for a command from you. | HH8: Somewhat Confident | HI8: 9.319 | HJ8: 11.528 | HK8: 12.179 | HL8: 3 | HM8: The robot is facing towards me and staring at me, sometimes with a tilted head(or body). | HN8: Facing towards me and staring at me, like what a dog would do. | HO8: Staring at the pinecone. | HP8: Staring at the pinecone and also moving its head around to scan the pinecone. | HQ8: Staring at the pinecone. | HR8: Staring at the pinecone, then stare at me, repeat for a few time to get my attention. | HS8: Shaking? I'm not sure. | HT8: I'm not sure, maybe lay on the ground, pretending it's sick. | HU8: Tilted head/body. | HV8: Tilted head/body. | HX8: Haoyang.Jiang@monash.edu | HY8: 2 | HZ8: three_then_five | IA8: 20
A9: 45744.446 | B9: 45744.464 | C9: IP Address | D9: 24.78.128.219 | E9: 100 | F9: 1532 | G9: True | H9: 45744.464 | I9: R_7ZebeaRanGXlxv3 | N9: 49.8538 | O9: -97.2903 | P9: anonymous | Q9: EN | R9: 0.89999998 | S9: Yes | T9: Yes | U9: Yes | V9: Yes | W9: Retired | X9: No | Y9: Nearly every day or more | Z9: Never | AA9: Never | AB9: Never | AC9: Waiting for Input | Calcifer is in standby mode, waiting for a command from you. | AD9: Somewhat Confident | AE9: 10.128 | AF9: 14.851 | AG9: 16.103 | AH9: 3 | AI9: Analyzing Pinecone | Calcifer is analyzing a target pinecone to assess its size. | AJ9: Very Confident | AK9: 14.697 | AL9: 16.66 | AM9: 18.23 | AN9: 2 | AO9: Analyzing Pinecone | Calcifer is analyzing a target pinecone to assess its size. | AP9: Very Confident | AQ9: 10.843 | AR9: 12.918 | AS9: 14.626 | AT9: 2 | AU9: Confused | Calcifer is signalling to you that it is confused and unsure what to do. | AV9: Very Confident | AW9: 9.785 | AX9: 13.388 | AY9: 14.275 | AZ9: 3 | BA9: Found Pinecone | Calcifer is signalling to you that it has found a suitable pinecone. | BB9: Very Confident | BC9: 28.611 | BD9: 32.272 | BE9: 34.255 | BF9: 2 | BG9: Confused | Calcifer is signalling to you that it is confused and unsure what to do. | BH9: Somewhat Confident | BI9: 12.701 | BJ9: 14.588 | BK9: 15.681 | BL9: 2 | BM9: Analyzing Pinecone | Calcifer is analyzing a target pinecone to assess its size. | BN9: Very Confident | BO9: 11.015 | BP9: 13.381 | BQ9: 14.768 | BR9: 2 | BS9: Waiting for Input | Calcifer is in standby mode, waiting for a command from you. | BT9: Somewhat Confident | BU9: 33.142 | BV9: 35.35 | BW9: 37.283 | BX9: 2 | BY9: Error | Calcifer is signalling to you that it is experiencing a critical error. | BZ9: Not Very Confident | CA9: 18.179 | CB9: 20.694 | CC9: 22.192 | CD9: 2 | CE9: Confused | Calcifer is signalling to you that it is confused and unsure what to do. | CF9: Somewhat Confident | CG9: 15.736 | CH9: 17.624 | CI9: 18.779 | CJ9: 2 | CK9: Waiting for Input | Calcifer is in standby mode, waiting for a command from you. | CL9: Very Confident | CM9: 8.951 | CN9: 11.086 | CO9: 11.815 | CP9: 2 | CQ9: Analyzing Pinecone | Calcifer is analyzing a target pinecone to assess its size. | CR9: Very Confident | CS9: 14.05 | CT9: 15.941 | CU9: 17.121 | CV9: 2 | CW9: Waiting for Input | Calcifer is in standby mode, waiting for a command from you. | CX9: Somewhat Confident | CY9: 17.821 | CZ9: 21.203 | DA9: 22.565 | DB9: 2 | DC9: Confused | Calcifer is signalling to you that it is confused and unsure what to do. | DD9: Very Confident | DE9: 11.016 | DF9: 13.213 | DG9: 14.26 | DH9: 2 | DI9: Waiting for Input | Calcifer is in standby mode, waiting for a command from you. | DJ9: Very Confident | DK9: 11.33 | DL9: 16.571 | DM9: 17.726 | DN9: 3 | DO9: Waiting for Input | Calcifer is in standby mode, waiting for a command from you. | DP9: Fully Confident | DQ9: 13.278 | DR9: 20.427 | DS9: 23.267 | DT9: 2 | DU9: Analyzing Pinecone | Calcifer is analyzing a target pinecone to assess its size. | DV9: Very Confident | DW9: 26.923 | DX9: 31.033 | DY9: 31.935 | DZ9: 2 | EA9: Found Pinecone | Calcifer is signalling to you that it has found a suitable pinecone. | EB9: Very Confident | EC9: 22.044 | ED9: 39.094 | EE9: 41.238 | EF9: 3 | EG9: Confused | Calcifer is signalling to you that it is confused and unsure what to do. | EH9: Very Confident | EI9: 9.268 | EJ9: 12.277 | EK9: 13.098 | EL9: 2 | EM9: Waiting for Input | Calcifer is in standby mode, waiting for a command from you. | EN9: Somewhat Confident | EO9: 7.6 | EP9: 10.104 | EQ9: 11.66 | ER9: 2 | ES9: Needs Help | Calcifer is signalling to you that it needs your help. | ET9: Somewhat Confident | EU9: 9.083 | EV9: 11.227 | EW9: 12.358 | EX9: 2 | EY9: Interacting with Pinecone | Calcifer is interacting with a target pinecone. | EZ9: Somewhat Confident | FA9: 11.604 | FB9: 13.98 | FC9: 15.29 | FD9: 2 | FE9: Needs Help | Calcifer is signalling to you that it needs your help. | FF9: Very Confident | FG9: 8.499 | FH9: 11.584 | FI9: 12.75 | FJ9: 2 | FK9: Waiting for Input | Calcifer is in standby mode, waiting for a command from you. | FL9: Very Confident | FM9: 19.271 | FN9: 22.7 | FO9: 24.136 | FP9: 2 | FQ9: Interacting with Pinecone | Calcifer is interacting with a target pinecone. | FR9: Very Confident | FS9: 8.728 | FT9: 10.676 | FU9: 11.858 | FV9: 2 | FW9: Needs Help | Calcifer is signalling to you that it needs your help. | FX9: Somewhat Confident | FY9: 9.021 | FZ9: 13.268 | GA9: 14.322 | GB9: 2 | GC9: Needs Help | Calcifer is signalling to you that it needs your help. | GD9: Somewhat Confident | GE9: 6.525 | GF9: 10.916 | GG9: 12.356 | GH9: 3 | GI9: Interacting with Pinecone | Calcifer is interacting with a target pinecone. | GJ9: Very Confident | GK9: 7.719 | GL9: 9.252 | GM9: 10.623 | GN9: 2 | GO9: Waiting for Input | Calcifer is in standby mode, waiting for a command from you. | GP9: Very Confident | GQ9: 9.032 | GR9: 10.965 | GS9: 11.915 | GT9: 2 | GU9: Needs Help | Calcifer is signalling to you that it needs your help. | GV9: Somewhat Confident | GW9: 12.157 | GX9: 14.606 | GY9: 15.502 | GZ9: 2 | HA9: Interacting with Pinecone | Calcifer is interacting with a target pinecone. | HB9: Very Confident | HC9: 11.695 | HD9: 14.243 | HE9: 15.375 | HF9: 2 | HG9: Waiting for Input | Calcifer is in standby mode, waiting for a command from you. | HH9: Very Confident | HI9: 8.14 | HJ9: 10.866 | HK9: 11.845 | HL9: 2 | HM9: Standing away from pine cone and looking up | HN9: Maybe put a paw out in front | HO9: Looking intently at the cone | HP9: Look intently and put rear legs down | HQ9: Standing over the pinecone looking down | HR9: Look at the pinecone and then up at you | HS9: Standing away from pinecone and body shakng | HT9: Laydown on it's side | HU9: Looking up and shaking | HV9: Standing away from pinecone and looking up and shaking body | HW9: Sometimes the robot's actions were similar and confusing which of the options were being considered | HX9: jayeshmaniar@gmail,com | HY9: 2 | HZ9: five_then_three | IA9: 12
A10: 45744.497 | B10: 45744.51 | C10: IP Address | D10: 130.194.140.112 | E10: 100 | F10: 1087 | G10: True | H10: 45744.51 | I10: R_97ucJYqNpZNTKi5 | N10: -37.9108 | O10: 145.1332 | P10: anonymous | Q10: EN | R10: 0.89999998 | S10: Yes | T10: Yes | U10: Yes | V10: Yes | W10: Academic (e.g. student, teacher) | X10: Dog,Cat | Y10: Nearly every day or more | Z10: Less than once per month | AA10: Less than once per month | AB10: Never | AC10: Waiting for Input | Calcifer is in standby mode, waiting for a command from you. | AD10: Very Confident | AE10: 7.233 | AF10: 9.432 | AG10: 10.089 | AH10: 2 | AI10: Analyzing Pinecone | Calcifer is analyzing a target pinecone to assess its size. | AJ10: Very Confident | AK10: 6.552 | AL10: 8.688 | AM10: 9.719 | AN10: 2 | AO10: Analyzing Pinecone | Calcifer is analyzing a target pinecone to assess its size. | AP10: Very Confident | AQ10: 8.162 | AR10: 11.227 | AS10: 11.89 | AT10: 2 | AU10: Error | Calcifer is signalling to you that it is experiencing a critical error. | AV10: Very Confident | AW10: 5.694 | AX10: 8.831 | AY10: 10.268 | AZ10: 2 | BA10: Found Pinecone | Calcifer is signalling to you that it has found a suitable pinecone. | BB10: Very Confident | BC10: 13.344 | BD10: 21.927 | BE10: 22.655 | BF10: 4 | BG10: Waiting for Input | Calcifer is in standby mode, waiting for a command from you. | BH10: Very Confident | BI10: 5.709 | BJ10: 7.093 | BK10: 8.773 | BL10: 2 | BM10: Analyzing Pinecone | Calcifer is analyzing a target pinecone to assess its size. | BN10: Very Confident | BO10: 7.077 | BP10: 13.437 | BQ10: 14.366 | BR10: 2 | BS10: Confused | Calcifer is signalling to you that it is confused and unsure what to do. | BT10: Somewhat Confident | BU10: 35.619 | BV10: 37.579 | BW10: 38.218 | BX10: 2 | BY10: Found Pinecone | Calcifer is signalling to you that it has found a suitable pinecone. | BZ10: Very Confident | CA10: 8.702 | CB10: 10.918 | CC10: 13.469 | CD10: 3 | CE10: Confused | Calcifer is signalling to you that it is confused and unsure what to do. | CF10: Somewhat Confident | CG10: 14.187 | CH10: 15.866 | CI10: 16.745 | CJ10: 2 | CK10: Waiting for Input | Calcifer is in standby mode, waiting for a command from you. | CL10: Very Confident | CM10: 6.362 | CN10: 10.994 | CO10: 11.77 | CP10: 2 | CQ10: Found Pinecone | Calcifer is signalling to you that it has found a suitable pinecone. | CR10: Very Confident | CS10: 8.102 | CT10: 11.71 | CU10: 12.478 | CV10: 2 | CX10: Somewhat Confident | CY10: 20.57 | CZ10: 22.562 | DA10: 24.355 | DB10: 2 | DC10: Waiting for Input | Calcifer is in standby mode, waiting for a command from you. | DD10: Somewhat Confident | DE10: 37.871 | DF10: 51.151 | DG10: 51.766 | DH10: 4 | DI10: Found Pinecone | Calcifer is signalling to you that it has found a suitable pinecone. | DJ10: Somewhat Confident | DK10: 15.581 | DL10: 19.013 | DM10: 19.653 | DN10: 3 | DO10: Waiting for Input | Calcifer is in standby mode, waiting for a command from you. | DP10: Very Confident | DQ10: 5.638 | DR10: 7.046 | DS10: 8.749 | DT10: 2 | DU10: Analyzing Pinecone | Calcifer is analyzing a target pinecone to assess its size. | DV10: Very Confident | DW10: 12.22 | DX10: 14.636 | DY10: 15.179 | DZ10: 2 | EA10: Found Pinecone | Calcifer is signalling to you that it has found a suitable pinecone. | EB10: Very Confident | EC10: 15.935 | ED10: 23.671 | EE10: 24.27 | EF10: 2 | EG10: Waiting for Input | Calcifer is in standby mode, waiting for a command from you. | EH10: Very Confident | EI10: 7.351 | EJ10: 8.935 | EK10: 9.535 | EL10: 2 | EM10: Found Pinecone | Calcifer is signalling to you that it has found a suitable pinecone. | EN10: Somewhat Confident | EO10: 8.737 | EP10: 15.593 | EQ10: 16.345 | ER10: 3 | ES10: Waiting for Input | Calcifer is in standby mode, waiting for a command from you. | ET10: Very Confident | EU10: 10.067 | EV10: 12.579 | EW10: 13.494 | EX10: 2 | EY10: Interacting with Pinecone | Calcifer is interacting with a target pinecone. | EZ10: Very Confident | FA10: 11.037 | FB10: 13.533 | FC10: 14.141 | FD10: 2 | FE10: Needs Help | Calcifer is signalling to you that it needs your help. | FF10: Very Confident | FG10: 18.413 | FH10: 50.205 | FI10: 50.924 | FJ10: 3 | FK10: Needs Help | Calcifer is signalling to you that it needs your help. | FL10: Somewhat Confident | FM10: 14.747 | FN10: 17.363 | FO10: 18.034 | FP10: 4 | FQ10: Interacting with Pinecone | Calcifer is interacting with a target pinecone. | FR10: Somewhat Confident | FS10: 24.128 | FT10: 35.44 | FU10: 36.064 | FV10: 5 | FW10: Needs Help | Calcifer is signalling to you that it needs your help. | FX10: Very Confident | FY10: 10.114 | FZ10: 13.644 | GA10: 13.865 | GB10: 3 | GC10: Needs Help | Calcifer is signalling to you that it needs your help. | GD10: Very Confident | GE10: 8.437 | GF10: 14.093 | GG10: 15.229 | GH10: 2 | GI10: Interacting with Pinecone | Calcifer is interacting with a target pinecone. | GJ10: Very Confident | GK10: 6.139 | GL10: 8.811 | GM10: 9.147 | GN10: 3 | GO10: Needs Help | Calcifer is signalling to you that it needs your help. | GP10: Very Confident | GQ10: 18.028 | GR10: 20.196 | GS10: 20.827 | GT10: 2 | GU10: Waiting for Input | Calcifer is in standby mode, waiting for a command from you. | GV10: Very Confident | GW10: 8.595 | GX10: 10.851 | GY10: 11.673 | GZ10: 2 | HA10: Interacting with Pinecone | Calcifer is interacting with a target pinecone. | HB10: Very Confident | HC10: 10.079 | HD10: 12.999 | HE10: 13.727 | HF10: 2 | HG10: Needs Help | Calcifer is signalling to you that it needs your help. | HH10: Somewhat Confident | HI10: 12.609 | HJ10: 22.025 | HK10: 22.68 | HL10: 3 | HM10: lower body and holding position | HN10: look at me and stay still | HO10: look at pinecone and stay still | HP10: look at pinecone and stay still | HQ10: Look at the pinecone and tail shaking | HR10: Look at the pinecone and tail shaking | HS10: shaking weridly | HT10: unexpected movement like it is faulty | HU10: maybe shaking horizontally? | HV10: maybe shaking horizontally? | HY10: 2 | HZ10: three_then_five | IA10: 20
A11: 45744.538 | B11: 45744.564 | C11: IP Address | D11: 70.72.194.78 | E11: 100 | F11: 2192 | G11: True | H11: 45744.564 | I11: R_3lI0e6W07dTDGmZ | N11: 51.0927 | O11: -114.2017 | P11: anonymous | Q11: EN | R11: 1 | S11: Yes | T11: Yes | U11: Yes | V11: Yes | W11: Engineering (e.g. design, consulting) | X11: No | Y11: Nearly every day or more | Z11: Never | AA11: A few times per month | AB11: Less than once per month | AC11: Waiting for Input | Calcifer is in standby mode, waiting for a command from you. | AD11: Very Confident | AE11: 6.769 | AF11: 9.061 | AG11: 9.747 | AH11: 2 | AI11: Analyzing Pinecone | Calcifer is analyzing a target pinecone to assess its size. | AJ11: Very Confident | AK11: 6.7 | AL11: 7.876 | AM11: 8.893 | AN11: 2 | AO11: Analyzing Pinecone | Calcifer is analyzing a target pinecone to assess its size. | AP11: Very Confident | AQ11: 17.9 | AR11: 37.317 | AS11: 38.102 | AT11: 2 | AU11: Error | Calcifer is signalling to you that it is experiencing a critical error. | AV11: Very Confident | AW11: 4.887 | AX11: 7.669 | AY11: 9.231 | AZ11: 2 | BA11: Error | Calcifer is signalling to you that it is experiencing a critical error. | BB11: Very Confident | BC11: 9.037 | BD11: 11.383 | BE11: 12.805 | BF11: 3 | BG11: Waiting for Input | Calcifer is in standby mode, waiting for a command from you. | BH11: Very Confident | BI11: 8.301 | BJ11: 10.821 | BK11: 11.42 | BL11: 2 | BM11: Analyzing Pinecone | Calcifer is analyzing a target pinecone to assess its size. | BN11: Very Confident | BO11: 7.095 | BP11: 11.549 | BQ11: 12.168 | BR11: 3 | BS11: Waiting for Input | Calcifer is in standby mode, waiting for a command from you. | BT11: Very Confident | BU11: 10.9 | BV11: 15.482 | BW11: 16.135 | BX11: 2 | BY11: Error | Calcifer is signalling to you that it is experiencing a critical error. | BZ11: Very Confident | CA11: 9.202 | CB11: 11.654 | CC11: 12.373 | CD11: 2 | CE11: Confused | Calcifer is signalling to you that it is confused and unsure what to do. | CF11: Very Confident | CG11: 5.577 | CH11: 6.551 | CI11: 8.841 | CJ11: 2 | CK11: Waiting for Input | Calcifer is in standby mode, waiting for a command from you. | CL11: Very Confident | CM11: 1.817 | CN11: 38.98 | CO11: 39.604 | CP11: 4 | CQ11: Analyzing Pinecone | Calcifer is analyzing a target pinecone to assess its size. | CR11: Very Confident | CS11: 8.681 | CT11: 12.849 | CU11: 13.754 | CV11: 2 | CW11: Waiting for Input | Calcifer is in standby mode, waiting for a command from you. | CX11: Very Confident | CY11: 6.016 | CZ11: 9.015 | DA11: 9.67 | DB11: 2 | DC11: Error | Calcifer is signalling to you that it is experiencing a critical error. | DD11: Not Very Confident | DE11: 16.622 | DF11: 25.017 | DG11: 25.66 | DH11: 3 | DI11: Confused | Calcifer is signalling to you that it is confused and unsure what to do. | DJ11: Very Confident | DK11: 27.128 | DL11: 29.842 | DM11: 38.835 | DN11: 2 | DO11: Waiting for Input | Calcifer is in standby mode, waiting for a command from you. | DP11: Very Confident | DQ11: 6.804 | DR11: 10.113 | DS11: 10.536 | DT11: 2 | DU11: Analyzing Pinecone | Calcifer is analyzing a target pinecone to assess its size. | DV11: Very Confident | DW11: 13.647 | DX11: 42.213 | DY11: 44.373 | DZ11: 2 | EA11: Found Pinecone | Calcifer is signalling to you that it has found a suitable pinecone. | EB11: Very Confident | EC11: 9.938 | ED11: 12.624 | EE11: 15.429 | EF11: 2 | EG11: Error | Calcifer is signalling to you that it is experiencing a critical error. | EH11: Very Confident | EI11: 10.641 | EJ11: 39.534 | EK11: 40.394 | EL11: 3 | EM11: Confused | Calcifer is signalling to you that it is confused and unsure what to do. | EN11: Very Confident | EO11: 8.534 | EP11: 9.193 | EQ11: 10.09 | ER11: 2 | ES11: Waiting for Input | Calcifer is in standby mode, waiting for a command from you. | ET11: Very Confident | EU11: 4.242 | EV11: 10.386 | EW11: 10.773 | EX11: 3 | EY11: Interacting with Pinecone | Calcifer is interacting with a target pinecone. | EZ11: Very Confident | FA11: 4.958 | FB11: 10.432 | FC11: 11.081 | FD11: 2 | FE11: Needs Help | Calcifer is signalling to you that it needs your help. | FF11: Very Confident | FG11: 7.068 | FH11: 13.495 | FI11: 16.448 | FJ11: 3 | FK11: Waiting for Input | Calcifer is in standby mode, waiting for a command from you. | FL11: Very Confident | FM11: 4.778 | FN11: 7.758 | FO11: 8.781 | FP11: 2 | FQ11: Needs Help | Calcifer is signalling to you that it needs your help. | FR11: Somewhat Confident | FS11: 19.031 | FT11: 21.965 | FU11: 23.949 | FV11: 2 | FW11: Needs Help | Calcifer is signalling to you that it needs your help. | FX11: Very Confident | FY11: 5.454 | FZ11: 11.368 | GA11: 12.233 | GB11: 2 | GC11: Waiting for Input | Calcifer is in standby mode, waiting for a command from you. | GD11: Very Confident | GE11: 5.197 | GF11: 11.425 | GG11: 12.129 | GH11: 2 | GI11: Needs Help | Calcifer is signalling to you that it needs your help. | GJ11: Very Confident | GK11: 15.567 | GL11: 18.563 | GM11: 19.736 | GN11: 3 | GO11: Needs Help | Calcifer is signalling to you that it needs your help. | GP11: Very Confident | GQ11: 6.696 | GR11: 9.538 | GS11: 10.205 | GT11: 2 | GU11: Waiting for Input | Calcifer is in standby mode, waiting for a command from you. | GV11: Very Confident | GW11: 4.634 | GX11: 11.631 | GY11: 20.167 | GZ11: 2 | HA11: Interacting with Pinecone | Calcifer is interacting with a target pinecone. | HB11: Very Confident | HC11: 6.575 | HD11: 8.795 | HE11: 9.442 | HF11: 2 | HH11: Very Confident | HI11: 15.053 | HJ11: 16.094 | HK11: 16.874 | HL11: 2 | HM11: Staying still and looking at me through its camera | HN11: I think it expresses pretty clearly that it is waiting for input. | HO11: looking at pinecones with a nose-down motion | HP11: The nose-down motion express well its intention. | HQ11: Staying still and looking at the sky. | HR11: I think looking up while staying still is clear enough. | HS11: Shaking its body. | HT11: The shaking motion expresses well that the robot is experiencing some kind of problems. (I am not sure it is within your research scope, but a little concern is that this motion may consume unnecessary energy) | HU11: Slightly tilting it body. | HV11: I am concerned that tilting the robot's body may cause confusion if the tilt angle is not clearly noticeable, especially when the robot is on sloped terrain (e.g., a mountain). It would be better if the robot could rotate its head (though I'm not sure if it can), so that the user can clearly see the head tilted relative to the body. | HW11: I am not sure if your research scope is just constrained to interaction with body motions. If it is not, adding other method may greatly increase the robot's communication skills (e.g., lights, sounds, texts...). | HX11: chanhong.park1@ucalgary.ca | HY11: 2 | HZ11: five_then_three | IA11: 12
A12: 45744.652 | B12: 45744.658 | C12: IP Address | D12: 130.194.132.91 | E12: 100 | F12: 576 | G12: True | H12: 45744.658 | I12: R_4Lok5ssaQvc3QwO | N12: -37.8964 | O12: 145.0799 | P12: anonymous | Q12: EN | R12: 0.89999998 | S12: Yes | T12: Yes | U12: Yes | V12: Yes | W12: Academic (e.g. student, teacher) | X12: Cat | Y12: Nearly every day or more | Z12: Less than once per month | AA12: A few times per month | AB12: A few times per month | AC12: Waiting for Input | Calcifer is in standby mode, waiting for a command from you. | AD12: Somewhat Confident | AE12: 9.414 | AF12: 12.094 | AG12: 12.961 | AH12: 2 | AI12: Analyzing Pinecone | Calcifer is analyzing a target pinecone to assess its size. | AJ12: Somewhat Confident | AK12: 4.814 | AL12: 11.159 | AM12: 11.874 | AN12: 2 | AO12: Analyzing Pinecone | Calcifer is analyzing a target pinecone to assess its size. | AP12: Somewhat Confident | AQ12: 4.798 | AR12: 9.71 | AS12: 10.544 | AT12: 2 | AU12: Error | Calcifer is signalling to you that it is experiencing a critical error. | AV12: Not Very Confident | AW12: 5.44 | AX12: 6.992 | AY12: 8.651 | AZ12: 2 | BA12: Error | Calcifer is signalling to you that it is experiencing a critical error. | BB12: Not Very Confident | BC12: 7.779 | BD12: 9.86 | BE12: 10.782 | BF12: 2 | BG12: Waiting for Input | Calcifer is in standby mode, waiting for a command from you. | BH12: Somewhat Confident | BI12: 4.458 | BJ12: 11.146 | BK12: 12.052 | BL12: 2 | BM12: Analyzing Pinecone | Calcifer is analyzing a target pinecone to assess its size. | BN12: Somewhat Confident | BO12: 6.1 | BP12: 9.939 | BQ12: 11.865 | BR12: 4 | BS12: Waiting for Input | Calcifer is in standby mode, waiting for a command from you. | BT12: Not Very Confident | BU12: 5.502 | BV12: 8.374 | BW12: 10.313 | BX12: 2 | BY12: Confused | Calcifer is signalling to you that it is confused and unsure what to do. | BZ12: Not Very Confident | CA12: 8.474 | CB12: 9.386 | CC12: 10.182 | CD12: 2 | CE12: Waiting for Input | Calcifer is in standby mode, waiting for a command from you. | CF12: Not Very Confident | CG12: 5.099 | CH12: 7.299 | CI12: 9 | CJ12: 2 | CK12: Waiting for Input | Calcifer is in standby mode, waiting for a command from you. | CL12: Not Very Confident | CM12: 4.197 | CN12: 7.741 | CO12: 8.768 | CP12: 2 | CQ12: Analyzing Pinecone | Calcifer is analyzing a target pinecone to assess its size. | CR12: Somewhat Confident | CS12: 2.709 | CT12: 8.069 | CU12: 8.791 | CV12: 3 | CW12: Waiting for Input | Calcifer is in standby mode, waiting for a command from you. | CX12: Not Very Confident | CY12: 5.124 | CZ12: 8.477 | DA12: 8.815 | DB12: 3 | DC12: Waiting for Input | Calcifer is in standby mode, waiting for a command from you. | DD12: Not Very Confident | DE12: 4.312 | DF12: 10.8 | DG12: 11.58 | DH12: 2 | DI12: Waiting for Input | Calcifer is in standby mode, waiting for a command from you. | DJ12: Not Very Confident | DK12: 4.689 | DL12: 11.984 | DM12: 12.731 | DN12: 2 | DO12: Waiting for Input | Calcifer is in standby mode, waiting for a command from you. | DP12: Not Very Confident | DQ12: 4.737 | DR12: 12.929 | DS12: 13.54 | DT12: 2 | DU12: Analyzing Pinecone | Calcifer is analyzing a target pinecone to assess its size. | DV12: Not Very Confident | DW12: 4.949 | DX12: 10.405 | DY12: 11.44 | DZ12: 2 | EA12: Waiting for Input | Calcifer is in standby mode, waiting for a command from you. | EB12: Not Very Confident | EC12: 6.473 | ED12: 10.641 | EE12: 11.659 | EF12: 2 | EG12: Waiting for Input | Calcifer is in standby mode, waiting for a command from you. | EH12: Not Very Confident | EI12: 8.249 | EJ12: 11.449 | EK12: 12.396 | EL12: 2 | EM12: Waiting for Input | Calcifer is in standby mode, waiting for a command from you. | EN12: Not Very Confident | EO12: 6.211 | EP12: 11.947 | EQ12: 12.743 | ER12: 3 | ES12: Waiting for Input | Calcifer is in standby mode, waiting for a command from you. | ET12: Somewhat Confident | EU12: 4.602 | EV12: 8.457 | EW12: 10.805 | EX12: 2 | EY12: Interacting with Pinecone | Calcifer is interacting with a target pinecone. | EZ12: Not Very Confident | FA12: 4.559 | FB12: 10.319 | FC12: 11.458 | FD12: 2 | FE12: Waiting for Input | Calcifer is in standby mode, waiting for a command from you. | FF12: Not Very Confident | FG12: 9.475 | FH12: 10.675 | FI12: 11.8 | FJ12: 2 | FK12: Waiting for Input | Calcifer is in standby mode, waiting for a command from you. | FL12: Not Very Confident | FM12: 1.666 | FN12: 18.058 | FO12: 18.741 | FP12: 3 | FQ12: Interacting with Pinecone | Calcifer is interacting with a target pinecone. | FR12: Very Confident | FS12: 5.595 | FT12: 6.714 | FU12: 11.45 | FV12: 2 | FW12: Needs Help | Calcifer is signalling to you that it needs your help. | FX12: Somewhat Confident | FY12: 9.601 | FZ12: 11.953 | GA12: 13.076 | GB12: 3 | GC12: Waiting for Input | Calcifer is in standby mode, waiting for a command from you. | GD12: Somewhat Confident | GE12: 5.259 | GF12: 9.155 | GG12: 9.806 | GH12: 4 | GI12: Interacting with Pinecone | Calcifer is interacting with a target pinecone. | GJ12: Not Very Confident | GK12: 8.069 | GL12: 12.813 | GM12: 13.752 | GN12: 2 | GO12: Needs Help | Calcifer is signalling to you that it needs your help. | GP12: Somewhat Confident | GQ12: 5.725 | GR12: 8.35 | GS12: 10.721 | GT12: 2 | GU12: Waiting for Input | Calcifer is in standby mode, waiting for a command from you. | GV12: Somewhat Confident | GW12: 4.939 | GX12: 11.531 | GY12: 12.149 | GZ12: 3 | HA12: Interacting with Pinecone | Calcifer is interacting with a target pinecone. | HB12: Somewhat Confident | HC12: 6.327 | HD12: 14.575 | HE12: 15.274 | HF12: 2 | HG12: Needs Help | Calcifer is signalling to you that it needs your help. | HH12: Somewhat Confident | HI12: 6.628 | HJ12: 7.508 | HK12: 9.151 | HL12: 2 | HM12: Looking at me, with a titled head | HN12: Look at me with, titled head | HO12: Lean down and look at pine cone | HP12: Lean down and look at pine cone | HQ12: Did not see that state | HR12: Stare and move, so it is not looking like analysis | HS12: Robot legs looking shakey | HT12: Robot legs looking shakey | HU12: Staring at the ground, without a pinecone. | HV12: Not sure | HY12: 2 | HZ12: three_then_five | IA12: 20
A13: 45744.66 | B13: 45744.671 | C13: IP Address | D13: 103.131.13.253 | E13: 100 | F13: 945 | G13: True | H13: 45744.671 | I13: R_9O6ipay435q2PNT | N13: -37.8159 | O13: 144.9669 | P13: anonymous | Q13: EN | R13: 0.89999998 | S13: Yes | T13: Yes | U13: Yes | V13: Yes | W13: Engineering (e.g. design, consulting) | X13: Dog | Y13: Nearly every day or more | Z13: A few times per month | AA13: A few times per month | AB13: Less than once per month | AC13: Analyzing Pinecone | Calcifer is analyzing a target pinecone to assess its size. | AD13: Very Confident | AE13: 14.761 | AF13: 16.764 | AG13: 17.521 | AH13: 2 | AI13: Found Pinecone | Calcifer is signalling to you that it has found a suitable pinecone. | AJ13: Very Confident | AK13: 8.891 | AL13: 10.106 | AM13: 11.349 | AN13: 2 | AO13: Analyzing Pinecone | Calcifer is analyzing a target pinecone to assess its size. | AP13: Very Confident | AQ13: 11.223 | AR13: 13.562 | AS13: 13.921 | AT13: 3 | AU13: Error | Calcifer is signalling to you that it is experiencing a critical error. | AV13: Somewhat Confident | AW13: 12.981 | AX13: 16.357 | AY13: 17.399 | AZ13: 3 | BA13: Error | Calcifer is signalling to you that it is experiencing a critical error. | BB13: Very Confident | BC13: 8.855 | BD13: 10.035 | BE13: 10.818 | BF13: 2 | BG13: Waiting for Input | Calcifer is in standby mode, waiting for a command from you. | BH13: Very Confident | BI13: 11.278 | BJ13: 14.281 | BK13: 15.546 | BL13: 3 | BM13: Found Pinecone | Calcifer is signalling to you that it has found a suitable pinecone. | BN13: Very Confident | BO13: 9.027 | BP13: 14.799 | BQ13: 16.088 | BR13: 2 | BS13: Waiting for Input | Calcifer is in standby mode, waiting for a command from you. | BT13: Very Confident | BU13: 4.303 | BV13: 11.999 | BW13: 12.653 | BX13: 3 | BY13: Error | Calcifer is signalling to you that it is experiencing a critical error. | BZ13: Somewhat Confident | CA13: 9.65 | CB13: 10.606 | CC13: 11.535 | CD13: 2 | CE13: Analyzing Pinecone | Calcifer is analyzing a target pinecone to assess its size. | CF13: Fully Confident | CG13: 10.866 | CH13: 16.095 | CI13: 17.183 | CJ13: 3 | CK13: Waiting for Input | Calcifer is in standby mode, waiting for a command from you. | CL13: Very Confident | CM13: 10.799 | CN13: 12.488 | CO13: 13.809 | CP13: 2 | CQ13: Analyzing Pinecone | Calcifer is analyzing a target pinecone to assess its size. | CR13: Very Confident | CS13: 8.965 | CT13: 10.316 | CU13: 11.098 | CV13: 2 | CW13: Waiting for Input | Calcifer is in standby mode, waiting for a command from you. | CX13: Very Confident | CY13: 4.87 | CZ13: 13.883 | DA13: 15.239 | DB13: 4 | DC13: Found Pinecone | Calcifer is signalling to you that it has found a suitable pinecone. | DD13: Very Confident | DE13: 29.506 | DF13: 30.686 | DG13: 31.751 | DH13: 2 | DI13: Confused | Calcifer is signalling to you that it is confused and unsure what to do. | DJ13: Very Confident | DK13: 12.16 | DL13: 13.645 | DM13: 14.8 | DN13: 2 | DO13: Waiting for Input | Calcifer is in standby mode, waiting for a command from you. | DP13: Very Confident | DQ13: 6.956 | DR13: 10.357 | DS13: 11.564 | DT13: 2 | DU13: Analyzing Pinecone | Calcifer is analyzing a target pinecone to assess its size. | DV13: Very Confident | DW13: 6.636 | DX13: 8.991 | DY13: 9.66 | DZ13: 3 | EA13: Found Pinecone | Calcifer is signalling to you that it has found a suitable pinecone. | EB13: Very Confident | EC13: 11.433 | ED13: 14.448 | EE13: 15.6 | EF13: 4 | EG13: Confused | Calcifer is signalling to you that it is confused and unsure what to do. | EH13: Fully Confident | EI13: 13.38 | EJ13: 15.236 | EK13: 17.201 | EL13: 2 | EM13: Confused | Calcifer is signalling to you that it is confused and unsure what to do. | EN13: Somewhat Confident | EO13: 11.618 | EP13: 13.125 | EQ13: 14.203 | ER13: 2 | ET13: Very Confident | EU13: 18.204 | EV13: 20.713 | EW13: 21.09 | EX13: 4 | EY13: Interacting with Pinecone | Calcifer is interacting with a target pinecone. | EZ13: Fully Confident | FA13: 9.741 | FB13: 10.74 | FC13: 11.364 | FD13: 2 | FE13: Needs Help | Calcifer is signalling to you that it needs your help. | FF13: Somewhat Confident | FG13: 11.751 | FH13: 13.642 | FI13: 14.572 | FJ13: 2 | FK13: Waiting for Input | Calcifer is in standby mode, waiting for a command from you. | FL13: Fully Confident | FM13: 10.678 | FN13: 13.761 | FO13: 14.683 | FP13: 2 | FQ13: Interacting with Pinecone | Calcifer is interacting with a target pinecone. | FR13: Fully Confident | FS13: 11.246 | FT13: 13.429 | FU13: 14.347 | FV13: 2 | FW13: Needs Help | Calcifer is signalling to you that it needs your help. | FX13: Fully Confident | FY13: 10.009 | FZ13: 11.768 | GA13: 12.479 | GB13: 2 | GC13: Waiting for Input | Calcifer is in standby mode, waiting for a command from you. | GD13: Fully Confident | GE13: 10.442 | GF13: 13.434 | GG13: 14.296 | GH13: 2 | GI13: Interacting with Pinecone | Calcifer is interacting with a target pinecone. | GJ13: Fully Confident | GK13: 9.178 | GL13: 12.664 | GM13: 13.481 | GN13: 3 | GP13: Very Confident | GQ13: 41.387 | GR13: 43.739 | GS13: 44.836 | GT13: 2 | GU13: Waiting for Input | Calcifer is in standby mode, waiting for a command from you. | GV13: Fully Confident | GW13: 11.849 | GX13: 13.525 | GY13: 14.779 | GZ13: 2 | HA13: Interacting with Pinecone | Calcifer is interacting with a target pinecone. | HB13: Very Confident | HC13: 12.453 | HD13: 13.869 | HE13: 15.023 | HF13: 2 | HG13: Needs Help | Calcifer is signalling to you that it needs your help. | HH13: Very Confident | HI13: 11.028 | HJ13: 12.389 | HK13: 13.127 | HL13: 2 | HM13: Sit and stay still | HN13: Sit and stay still | HO13: getting closer to the ground | HP13: Getting closer to the ground, with some movement for scanning | HQ13: Shaking happily | HR13: Shaking happily, turning around | HS13: irregular movements | HT13: irregular and inconsistent movements | HU13: Rotating the head | HV13: rotating the head and looking for help | HY13: 2 | HZ13: three_then_five | IA13: 20
A14: 45744.68 | B14: 45744.701 | C14: IP Address | D14: 49.127.56.42 | E14: 100 | F14: 1813 | G14: True | H14: 45744.701 | I14: R_9xK75PTULFqYo7N | N14: -37.9279 | O14: 145.177 | P14: anonymous | Q14: EN | R14: 1 | S14: Yes | T14: Yes | U14: Yes | V14: Yes | W14: Engineering (e.g. design, consulting) | X14: Dog,Fish | Y14: Nearly every day or more | Z14: Never | AA14: A few times per month | AB14: Less than once per month | AC14: Waiting for Input | Calcifer is in standby mode, waiting for a command from you. | AD14: Somewhat Confident | AE14: 9.053 | AF14: 11.024 | AG14: 11.95 | AH14: 2 | AI14: Analyzing Pinecone | Calcifer is analyzing a target pinecone to assess its size. | AJ14: Very Confident | AK14: 10.221 | AL14: 12.375 | AM14: 13.263 | AN14: 2 | AO14: Analyzing Pinecone | Calcifer is analyzing a target pinecone to assess its size. | AP14: Very Confident | AQ14: 5.432 | AR14: 8.389 | AS14: 10.68 | AT14: 2 | AU14: Error | Calcifer is signalling to you that it is experiencing a critical error. | AV14: Very Confident | AW14: 97.293 | AX14: 102.898 | AY14: 108.479 | AZ14: 2 | BA14: Error | Calcifer is signalling to you that it is experiencing a critical error. | BB14: Very Confident | BC14: 8.097 | BD14: 9.508 | BE14: 11.804 | BF14: 2 | BG14: Waiting for Input | Calcifer is in standby mode, waiting for a command from you. | BH14: Somewhat Confident | BI14: 7.197 | BJ14: 10.205 | BK14: 11.4 | BL14: 2 | BM14: Analyzing Pinecone | Calcifer is analyzing a target pinecone to assess its size. | BN14: Very Confident | BO14: 14.845 | BP14: 17.172 | BQ14: 18.94 | BR14: 2 | BS14: Waiting for Input | Calcifer is in standby mode, waiting for a command from you. | BT14: Somewhat Confident | BU14: 12.957 | BV14: 16.821 | BW14: 41.315 | BX14: 2 | BY14: Error | Calcifer is signalling to you that it is experiencing a critical error. | BZ14: Very Confident | CA14: 6.983 | CB14: 9.577 | CC14: 11.656 | CD14: 2 | CE14: Confused | Calcifer is signalling to you that it is confused and unsure what to do. | CF14: Very Confident | CG14: 10.062 | CH14: 14.168 | CI14: 21.445 | CJ14: 3 | CK14: Waiting for Input | Calcifer is in standby mode, waiting for a command from you. | CL14: Fully Confident | CM14: 36.239 | CN14: 55.262 | CO14: 56.975 | CP14: 2 | CQ14: Analyzing Pinecone | Calcifer is analyzing a target pinecone to assess its size. | CR14: Very Confident | CS14: 12.603 | CT14: 14.501 | CU14: 15.379 | CV14: 2 | CW14: Waiting for Input | Calcifer is in standby mode, waiting for a command from you. | CX14: Somewhat Confident | CY14: 16.798 | CZ14: 19.602 | DA14: 26.062 | DB14: 2 | DC14: Error | Calcifer is signalling to you that it is experiencing a critical error. | DD14: Somewhat Confident | DE14: 11.826 | DF14: 30.001 | DG14: 34.399 | DH14: 2 | DI14: Confused | Calcifer is signalling to you that it is confused and unsure what to do. | DJ14: Very Confident | DK14: 9.953 | DL14: 13.312 | DM14: 20.137 | DN14: 2 | DO14: Waiting for Input | Calcifer is in standby mode, waiting for a command from you. | DP14: Somewhat Confident | DQ14: 10.659 | DR14: 12.449 | DS14: 14.901 | DT14: 2 | DU14: Analyzing Pinecone | Calcifer is analyzing a target pinecone to assess its size. | DV14: Somewhat Confident | DW14: 9.485 | DX14: 12.127 | DY14: 13.606 | DZ14: 2 | EA14: Found Pinecone | Calcifer is signalling to you that it has found a suitable pinecone. | EB14: Very Confident | EC14: 11.127 | ED14: 13.386 | EE14: 19.603 | EF14: 2 | EG14: Error | Calcifer is signalling to you that it is experiencing a critical error. | EH14: Somewhat Confident | EI14: 13.577 | EJ14: 14.537 | EK14: 17.063 | EL14: 2 | EM14: Confused | Calcifer is signalling to you that it is confused and unsure what to do. | EN14: Very Confident | EO14: 11.082 | EP14: 17.755 | EQ14: 22.807 | ER14: 2 | ES14: Waiting for Input | Calcifer is in standby mode, waiting for a command from you. | ET14: Very Confident | EU14: 9.198 | EV14: 11.273 | EW14: 15.378 | EX14: 2 | EY14: Interacting with Pinecone | Calcifer is interacting with a target pinecone. | EZ14: Very Confident | FA14: 4.851 | FB14: 7.842 | FC14: 9.12 | FD14: 2 | FE14: Needs Help | Calcifer is signalling to you that it needs your help. | FF14: Very Confident | FG14: 6.444 | FH14: 9.064 | FI14: 11.203 | FJ14: 2 | FK14: Waiting for Input | Calcifer is in standby mode, waiting for a command from you. | FL14: Very Confident | FM14: 4.64 | FN14: 7.409 | FO14: 10.406 | FP14: 2 | FQ14: Interacting with Pinecone | Calcifer is interacting with a target pinecone. | FR14: Very Confident | FS14: 5.855 | FT14: 7.583 | FU14: 10.02 | FV14: 2 | FW14: Needs Help | Calcifer is signalling to you that it needs your help. | FX14: Very Confident | FY14: 6.952 | FZ14: 8.616 | GA14: 9.887 | GB14: 2 | GC14: Waiting for Input | Calcifer is in standby mode, waiting for a command from you. | GD14: Very Confident | GE14: 6.277 | GF14: 8.594 | GG14: 9.715 | GH14: 2 | GI14: Interacting with Pinecone | Calcifer is interacting with a target pinecone. | GJ14: Very Confident | GK14: 6.57 | GL14: 8.776 | GM14: 10.385 | GN14: 2 | GO14: Needs Help | Calcifer is signalling to you that it needs your help. | GP14: Very Confident | GQ14: 4.742 | GR14: 6.794 | GS14: 9.038 | GT14: 2 | GU14: Waiting for Input | Calcifer is in standby mode, waiting for a command from you. | GV14: Very Confident | GW14: 5.582 | GX14: 7.162 | GY14: 9.416 | GZ14: 2 | HA14: Interacting with Pinecone | Calcifer is interacting with a target pinecone. | HB14: Very Confident | HC14: 5.838 | HD14: 7.344 | HE14: 10.378 | HF14: 2 | HG14: Waiting for Input | Calcifer is in standby mode, waiting for a command from you. | HH14: Somewhat Confident | HI14: 11.25 | HJ14: 32.75 | HK14: 34.064 | HL14: 3 | HM14: sitting / looking up, looking at me, not moving | HN14: (sitting / looking up OR looking at me) AND (not moving) | HO14: Looking directly at the pinecone. Smooth movements or not moving, tilted body | HP14: Looking directly at the pinecone. Smooth movements or not moving | HQ14: sitting / looking up, facing towards pinecone, not moving | HR14: sitting / looking up AND facing towards pinecone AND not moving | HS14: shaking motion | HT14: The shaking motion is very clear, but also unnerving. Maybe sleeping would be better | HU14: tilted body | HV14: tilted body | HW14: the motions are very cute! I really like your research topic | HX14: Brandon.Johns@monash.edu | HY14: 2 | HZ14: five_then_three | IA14: 12
A15: 45745.033 | B15: 45745.071 | C15: IP Address | D15: 24.77.26.184 | E15: 100 | F15: 3297 | G15: True | H15: 45745.072 | I15: R_1BbowJglfXTJpOP | N15: 49.7851 | O15: -97.2117 | P15: anonymous | Q15: EN | R15: 1 | S15: Yes | T15: Yes | U15: Yes | V15: Yes | W15: Energy (e.g. renewables) | X15: Dog | Y15: Nearly every day or more | Z15: Less than once per month | AA15: Never | AB15: Never | AC15: Waiting for Input | Calcifer is in standby mode, waiting for a command from you. | AD15: Very Confident | AE15: 33.768 | AF15: 40.88 | AG15: 41.474 | AH15: 5 | AI15: Analyzing Pinecone | Calcifer is analyzing a target pinecone to assess its size. | AJ15: Very Confident | AK15: 24.068 | AL15: 79.795 | AM15: 81.673 | AN15: 6 | AO15: Found Pinecone | Calcifer is signalling to you that it has found a suitable pinecone. | AP15: Very Confident | AQ15: 30.753 | AR15: 68.215 | AS15: 69.657 | AT15: 9 | AU15: Found Pinecone | Calcifer is signalling to you that it has found a suitable pinecone. | AV15: Very Confident | AW15: 29.817 | AX15: 38.861 | AY15: 43.229 | AZ15: 6 | BA15: Error | Calcifer is signalling to you that it is experiencing a critical error. | BB15: Somewhat Confident | BC15: 26.364 | BD15: 39.041 | BE15: 39.582 | BF15: 6 | BG15: Waiting for Input | Calcifer is in standby mode, waiting for a command from you. | BH15: Somewhat Confident | BI15: 20.608 | BJ15: 24.271 | BK15: 25.081 | BL15: 5 | BM15: Found Pinecone | Calcifer is signalling to you that it has found a suitable pinecone. | BN15: Fully Confident | BO15: 21.323 | BP15: 28.605 | BQ15: 29.109 | BR15: 6 | BS15: Confused | Calcifer is signalling to you that it is confused and unsure what to do. | BT15: Somewhat Confident | BU15: 40.434 | BV15: 69.251 | BW15: 69.677 | BX15: 6 | BY15: Found Pinecone | Calcifer is signalling to you that it has found a suitable pinecone. | BZ15: Very Confident | CA15: 17.21 | CB15: 38.122 | CC15: 38.7 | CD15: 5 | CE15: Confused | Calcifer is signalling to you that it is confused and unsure what to do. | CF15: Very Confident | CG15: 33.175 | CH15: 36.817 | CI15: 41.294 | CJ15: 5 | CK15: Waiting for Input | Calcifer is in standby mode, waiting for a command from you. | CL15: Not Very Confident | CM15: 28.071 | CN15: 126.399 | CO15: 126.88 | CP15: 18 | CQ15: Analyzing Pinecone | Calcifer is analyzing a target pinecone to assess its size. | CR15: Very Confident | CS15: 15.523 | CT15: 25.078 | CU15: 25.689 | CV15: 7 | CW15: Confused | Calcifer is signalling to you that it is confused and unsure what to do. | CX15: Somewhat Confident | CY15: 23.537 | CZ15: 50.986 | DA15: 52.701 | DB15: 15 | DC15: Confused | Calcifer is signalling to you that it is confused and unsure what to do. | DD15: Somewhat Confident | DE15: 34.16 | DF15: 42.266 | DG15: 42.689 | DH15: 6 | DI15: Waiting for Input | Calcifer is in standby mode, waiting for a command from you. | DJ15: Very Confident | DK15: 43.339 | DL15: 48.206 | DM15: 48.681 | DN15: 4 | DO15: Confused | Calcifer is signalling to you that it is confused and unsure what to do. | DP15: Somewhat Confident | DQ15: 29.339 | DR15: 36.852 | DS15: 37.701 | DT15: 5 | DU15: Found Pinecone | Calcifer is signalling to you that it has found a suitable pinecone. | DV15: Fully Confident | DW15: 14.624 | DX15: 23.102 | DY15: 23.601 | DZ15: 6 | EA15: Waiting for Input | Calcifer is in standby mode, waiting for a command from you. | EB15: Very Confident | EC15: 33.707 | ED15: 56.546 | EE15: 58.455 | EF15: 11 | EG15: Confused | Calcifer is signalling to you that it is confused and unsure what to do. | EH15: Somewhat Confident | EI15: 18.644 | EJ15: 88.596 | EK15: 89.101 | EL15: 12 | EM15: Confused | Calcifer is signalling to you that it is confused and unsure what to do. | EN15: Very Confident | EO15: 18.574 | EP15: 56.821 | EQ15: 57.201 | ER15: 13 | ES15: Waiting for Input | Calcifer is in standby mode, waiting for a command from you. | ET15: Fully Confident | EU15: 27.037 | EV15: 34.98 | EW15: 37.297 | EX15: 6 | EY15: Needs Help | Calcifer is signalling to you that it needs your help. | EZ15: Fully Confident | FA15: 19.441 | FB15: 34.044 | FC15: 35.496 | FD15: 9 | FE15: Interacting with Pinecone | Calcifer is interacting with a target pinecone. | FF15: Very Confident | FG15: 19.486 | FH15: 26.171 | FI15: 27.067 | FJ15: 5 | FK15: Waiting for Input | Calcifer is in standby mode, waiting for a command from you. | FL15: Fully Confident | FM15: 21.722 | FN15: 33.099 | FO15: 33.524 | FP15: 6 | FQ15: Needs Help | Calcifer is signalling to you that it needs your help. | FR15: Fully Confident | FS15: 13.347 | FT15: 19.864 | FU15: 21.6 | FV15: 5 | FW15: Interacting with Pinecone | Calcifer is interacting with a target pinecone. | FX15: Very Confident | FY15: 38.504 | FZ15: 68.938 | GA15: 70.665 | GB15: 9 | GC15: Waiting for Input | Calcifer is in standby mode, waiting for a command from you. | GD15: Fully Confident | GE15: 25.926 | GF15: 57.362 | GG15: 62.277 | GH15: 10 | GI15: Interacting with Pinecone | Calcifer is interacting with a target pinecone. | GJ15: Very Confident | GK15: 13.763 | GL15: 27.19 | GM15: 28.48 | GN15: 6 | GO15: Waiting for Input | Calcifer is in standby mode, waiting for a command from you. | GP15: Very Confident | GQ15: 22.131 | GR15: 26.076 | GS15: 27.86 | GT15: 5 | GU15: Waiting for Input | Calcifer is in standby mode, waiting for a command from you. | GV15: Fully Confident | GW15: 12.38 | GX15: 37.78 | GY15: 38.865 | GZ15: 7 | HA15: Needs Help | Calcifer is signalling to you that it needs your help. | HB15: Fully Confident | HC15: 34.525 | HD15: 104.162 | HE15: 105.063 | HF15: 20 | HG15: Needs Help | Calcifer is signalling to you that it needs your help. | HH15: Fully Confident | HI15: 3.223 | HJ15: 117.272 | HK15: 118.704 | HL15: 11 | HM15: Sit up and look at you | HN15: Sit and lookup at you | HO15: Looking at pinecone with scanning movement to analyze pinecone | HP15: Scan pinecone in side to side and up and down movement | HQ15: Looking down and dropping front in direction of pinecone | HR15: Touch or get very close to the pinecone with downward head movement | HS15: Possible Tilting to the side | HT15: Same state of tilt on whole body | HU15: With the tilt of the head to one side while sitting | HV15: Same. Tilting of head standing or sitting. | HY15: 2 | HZ15: three_then_five | IA15: 20
A16: 45745.5 | B16: 45745.513 | C16: IP Address | D16: 104.28.124.11 | E16: 100 | F16: 1143 | G16: True | H16: 45745.513 | I16: R_3sgLX1JHHcY8Mr7 | N16: 51.0406 | O16: -114.0764 | P16: anonymous | Q16: EN | R16: 0.89999998 | S16: Yes | T16: Yes | U16: Yes | V16: Yes | W16: Engineering (e.g. design, consulting) | X16: Dog | Y16: Nearly every day or more | Z16: Never | AA16: Never | AB16: Never | AC16: Waiting for Input | Calcifer is in standby mode, waiting for a command from you. | AD16: Fully Confident | AE16: 1.146 | AF16: 10.4 | AG16: 11.141 | AH16: 5 | AI16: Analyzing Pinecone | Calcifer is analyzing a target pinecone to assess its size. | AJ16: Fully Confident | AK16: 1.097 | AL16: 15.828 | AM16: 16.744 | AN16: 7 | AO16: Analyzing Pinecone | Calcifer is analyzing a target pinecone to assess its size. | AP16: Fully Confident | AQ16: 0.952 | AR16: 18.831 | AS16: 19.671 | AT16: 7 | AU16: Error | Calcifer is signalling to you that it is experiencing a critical error. | AV16: Very Confident | AW16: 1.38 | AX16: 16.078 | AY16: 16.743 | AZ16: 7 | BA16: Error | Calcifer is signalling to you that it is experiencing a critical error. | BB16: Somewhat Confident | BC16: 0.997 | BD16: 22.856 | BE16: 23.601 | BF16: 8 | BG16: Waiting for Input | Calcifer is in standby mode, waiting for a command from you. | BH16: Fully Confident | BI16: 1.08 | BJ16: 15.957 | BK16: 17.089 | BL16: 9 | BM16: Analyzing Pinecone | Calcifer is analyzing a target pinecone to assess its size. | BN16: Fully Confident | BO16: 0.989 | BP16: 14.599 | BQ16: 15.101 | BR16: 6 | BT16: Not Very Confident | BU16: 1.025 | BV16: 23.288 | BW16: 24.005 | BX16: 8 | BZ16: Not Very Confident | CA16: 11.086 | CB16: 83.67 | CC16: 84.44 | CD16: 16 | CE16: Confused | Calcifer is signalling to you that it is confused and unsure what to do. | CF16: Somewhat Confident | CG16: 1.231 | CH16: 17.531 | CI16: 18.226 | CJ16: 6 | CK16: Waiting for Input | Calcifer is in standby mode, waiting for a command from you. | CL16: Very Confident | CM16: 7.124 | CN16: 18.938 | CO16: 19.992 | CP16: 8 | CQ16: Analyzing Pinecone | Calcifer is analyzing a target pinecone to assess its size. | CR16: Fully Confident | CS16: 0.982 | CT16: 15.977 | CU16: 16.605 | CV16: 8 | CX16: Not Very Confident | CY16: 1.11 | CZ16: 19.053 | DA16: 19.809 | DB16: 9 | DC16: Confused | Calcifer is signalling to you that it is confused and unsure what to do. | DD16: Somewhat Confident | DE16: 0.894 | DF16: 13.597 | DG16: 14.162 | DH16: 10 | DI16: Confused | Calcifer is signalling to you that it is confused and unsure what to do. | DJ16: Very Confident | DK16: 1.066 | DL16: 14.883 | DM16: 15.614 | DN16: 8 | DO16: Waiting for Input | Calcifer is in standby mode, waiting for a command from you. | DP16: Somewhat Confident | DQ16: 1.192 | DR16: 26.078 | DS16: 26.941 | DT16: 9 | DU16: Analyzing Pinecone | Calcifer is analyzing a target pinecone to assess its size. | DV16: Fully Confident | DW16: 0.957 | DX16: 16.628 | DY16: 17.301 | DZ16: 9 | EA16: Found Pinecone | Calcifer is signalling to you that it has found a suitable pinecone. | EB16: Not Very Confident | EC16: 3.344 | ED16: 53.342 | EE16: 54.027 | EF16: 11 | EG16: Error | Calcifer is signalling to you that it is experiencing a critical error. | EH16: Somewhat Confident | EI16: 1.19 | EJ16: 16.82 | EK16: 17.654 | EL16: 7 | EM16: Confused | Calcifer is signalling to you that it is confused and unsure what to do. | EN16: Fully Confident | EO16: 1.134 | EP16: 12.429 | EQ16: 13.335 | ER16: 6 | ES16: Waiting for Input | Calcifer is in standby mode, waiting for a command from you. | ET16: Fully Confident | EU16: 1.052 | EV16: 12.566 | EW16: 13.08 | EX16: 6 | EY16: Interacting with Pinecone | Calcifer is interacting with a target pinecone. | EZ16: Fully Confident | FA16: 0.975 | FB16: 10.669 | FC16: 11.098 | FD16: 7 | FE16: Needs Help | Calcifer is signalling to you that it needs your help. | FF16: Fully Confident | FG16: 2.523 | FH16: 10.391 | FI16: 11.169 | FJ16: 10 | FK16: Waiting for Input | Calcifer is in standby mode, waiting for a command from you. | FL16: Fully Confident | FM16: 1.124 | FN16: 11.393 | FO16: 12.101 | FP16: 8 | FQ16: Interacting with Pinecone | Calcifer is interacting with a target pinecone. | FR16: Fully Confident | FS16: 0.999 | FT16: 13.685 | FU16: 14.181 | FV16: 7 | FW16: Needs Help | Calcifer is signalling to you that it needs your help. | FX16: Fully Confident | FY16: 1.016 | FZ16: 13.159 | GA16: 13.701 | GB16: 7 | GC16: Waiting for Input | Calcifer is in standby mode, waiting for a command from you. | GD16: Fully Confident | GE16: 0.969 | GF16: 9.647 | GG16: 10.243 | GH16: 8 | GI16: Interacting with Pinecone | Calcifer is interacting with a target pinecone. | GJ16: Fully Confident | GK16: 1.377 | GL16: 16.105 | GM16: 16.881 | GN16: 9 | GO16: Needs Help | Calcifer is signalling to you that it needs your help. | GP16: Fully Confident | GQ16: 5.014 | GR16: 16.405 | GS16: 17.161 | GT16: 6 | GU16: Waiting for Input | Calcifer is in standby mode, waiting for a command from you. | GV16: Fully Confident | GW16: 0.866 | GX16: 11.212 | GY16: 11.678 | GZ16: 8 | HA16: Interacting with Pinecone | Calcifer is interacting with a target pinecone. | HB16: Fully Confident | HC16: 0.942 | HD16: 10.266 | HE16: 10.601 | HF16: 9 | HG16: Interacting with Pinecone | Calcifer is interacting with a target pinecone. | HH16: Very Confident | HI16: 0.903 | HJ16: 14.732 | HK16: 15.261 | HL16: 9 | HM16: Stillness, looking directly at me | HN16: What he expressed made sense to me | HO16: Crouching down, looking at pinecone | HP16: Maybe some more movement? I found it difficult to know when he was analysing vs signalling. | HQ16: I couldn’t tell the difference between analyzing and is indicating a found pine cone. | HR16: I guess the crouching down but still? | HS16: When he was shaking | HT16: I think that made sense | HU16: When he titled his head/body | HV16: Also made sense to me | HY16: 2 | HZ16: five_then_three | IA16: 12
A17: 45745.773 | B17: 45745.789 | C17: IP Address | D17: 116.255.54.37 | E17: 100 | F17: 1325 | G17: True | H17: 45745.789 | I17: R_9QFzKQ2hsgJFdSx | N17: -37.8351 | O17: 145.1285 | P17: anonymous | Q17: EN | R17: 0.69999999 | S17: Yes | T17: Yes | U17: Yes | V17: Yes | W17: Engineering (e.g. design, consulting) | X17: Fish | Y17: Nearly every day or more | Z17: Never | AA17: A few times per month | AB17: Less than once per month | AC17: Waiting for Input | Calcifer is in standby mode, waiting for a command from you. | AD17: Very Confident | AE17: 8.789 | AF17: 9.956 | AG17: 10.504 | AH17: 2 | AI17: Analyzing Pinecone | Calcifer is analyzing a target pinecone to assess its size. | AJ17: Fully Confident | AK17: 4.015 | AL17: 5.054 | AM17: 8.712 | AN17: 2 | AO17: Analyzing Pinecone | Calcifer is analyzing a target pinecone to assess its size. | AP17: Very Confident | AQ17: 6.137 | AR17: 9.098 | AS17: 9.554 | AT17: 4 | AU17: Error | Calcifer is signalling to you that it is experiencing a critical error. | AV17: Very Confident | AW17: 4.814 | AX17: 6.302 | AY17: 8.787 | AZ17: 3 | BA17: Error | Calcifer is signalling to you that it is experiencing a critical error. | BB17: Fully Confident | BC17: 11.306 | BD17: 12.901 | BE17: 13.483 | BF17: 3 | BG17: Waiting for Input | Calcifer is in standby mode, waiting for a command from you. | BH17: Fully Confident | BI17: 6.612 | BJ17: 9.603 | BK17: 10.298 | BL17: 4 | BM17: Analyzing Pinecone | Calcifer is analyzing a target pinecone to assess its size. | BN17: Very Confident | BO17: 5.918 | BP17: 7.312 | BQ17: 8.677 | BR17: 3 | BS17: Analyzing Pinecone | Calcifer is analyzing a target pinecone to assess its size. | BT17: Somewhat Confident | BU17: 15.076 | BV17: 17.504 | BW17: 17.786 | BX17: 3 | BY17: Error | Calcifer is signalling to you that it is experiencing a critical error. | BZ17: Very Confident | CA17: 5.594 | CB17: 7.806 | CC17: 8.641 | CD17: 6 | CE17: Confused | Calcifer is signalling to you that it is confused and unsure what to do. | CF17: Very Confident | CG17: 5.492 | CH17: 6.892 | CI17: 8.764 | CJ17: 3 | CK17: Waiting for Input | Calcifer is in standby mode, waiting for a command from you. | CL17: Fully Confident | CM17: 10.3 | CN17: 12.831 | CO17: 13.385 | CP17: 3 | CQ17: Analyzing Pinecone | Calcifer is analyzing a target pinecone to assess its size. | CR17: Somewhat Confident | CS17: 23.112 | CT17: 282.489 | CU17: 283.497 | CV17: 2 | CW17: Analyzing Pinecone | Calcifer is analyzing a target pinecone to assess its size. | CX17: Fully Confident | CY17: 4.137 | CZ17: 5.897 | DA17: 8.65 | DB17: 2 | DC17: Error | Calcifer is signalling to you that it is experiencing a critical error. | DD17: Very Confident | DE17: 6.278 | DF17: 7.469 | DG17: 8.575 | DH17: 2 | DI17: Confused | Calcifer is signalling to you that it is confused and unsure what to do. | DJ17: Fully Confident | DK17: 100.305 | DL17: 102.442 | DM17: 103.28 | DN17: 3 | DO17: Waiting for Input | Calcifer is in standby mode, waiting for a command from you. | DP17: Fully Confident | DQ17: 8.661 | DR17: 10.091 | DS17: 10.445 | DT17: 3 | DU17: Analyzing Pinecone | Calcifer is analyzing a target pinecone to assess its size. | DV17: Fully Confident | DW17: 8.702 | DX17: 10.135 | DY17: 10.666 | DZ17: 3 | EA17: Found Pinecone | Calcifer is signalling to you that it has found a suitable pinecone. | EB17: Somewhat Confident | EC17: 6.475 | ED17: 8.545 | EE17: 9.105 | EF17: 3 | EG17: Error | Calcifer is signalling to you that it is experiencing a critical error. | EH17: Fully Confident | EI17: 6.674 | EJ17: 7.89 | EK17: 8.7 | EL17: 2 | EM17: Confused | Calcifer is signalling to you that it is confused and unsure what to do. | EN17: Fully Confident | EO17: 7.492 | EP17: 9.097 | EQ17: 9.563 | ER17: 2 | ES17: Waiting for Input | Calcifer is in standby mode, waiting for a command from you. | ET17: Somewhat Confident | EU17: 8.056 | EV17: 12.831 | EW17: 13.531 | EX17: 5 | EY17: Interacting with Pinecone | Calcifer is interacting with a target pinecone. | EZ17: Fully Confident | FA17: 4.725 | FB17: 5.98 | FC17: 9.382 | FD17: 2 | FE17: Needs Help | Calcifer is signalling to you that it needs your help. | FF17: Fully Confident | FG17: 10.599 | FH17: 15.473 | FI17: 16.378 | FJ17: 4 | FK17: Waiting for Input | Calcifer is in standby mode, waiting for a command from you. | FL17: Fully Confident | FM17: 6.473 | FN17: 7.706 | FO17: 8.884 | FP17: 2 | FQ17: Interacting with Pinecone | Calcifer is interacting with a target pinecone. | FR17: Fully Confident | FS17: 6.484 | FT17: 9.739 | FU17: 10.472 | FV17: 2 | FW17: Needs Help | Calcifer is signalling to you that it needs your help. | FX17: Very Confident | FY17: 5.727 | FZ17: 7.869 | GA17: 9.552 | GB17: 2 | GC17: Waiting for Input | Calcifer is in standby mode, waiting for a command from you. | GD17: Fully Confident | GE17: 6.07 | GF17: 7.516 | GG17: 8.696 | GH17: 2 | GI17: Interacting with Pinecone | Calcifer is interacting with a target pinecone. | GJ17: Fully Confident | GK17: 5.58 | GL17: 7.075 | GM17: 8.682 | GN17: 2 | GO17: Needs Help | Calcifer is signalling to you that it needs your help. | GP17: Somewhat Confident | GQ17: 18.051 | GR17: 19.652 | GS17: 20.346 | GT17: 2 | GU17: Waiting for Input | Calcifer is in standby mode, waiting for a command from you. | GV17: Very Confident | GW17: 18.302 | GX17: 19.264 | GY17: 19.772 | GZ17: 2 | HA17: Interacting with Pinecone | Calcifer is interacting with a target pinecone. | HB17: Fully Confident | HC17: 5.204 | HD17: 6.284 | HE17: 8.7 | HF17: 2 | HG17: Needs Help | Calcifer is signalling to you that it needs your help. | HH17: Not Very Confident | HI17: 331.015 | HJ17: 333.05 | HK17: 334.22 | HL17: 3 | HM17: Looking at the user | HN17: Looking at the user, not shaking, flat not tilted | HO17: Looking at the ground, tilting body | HP17: Looking at the ground, tilting body | HQ17: Looking at the ground, flat | HR17: Looking at the ground, flat | HS17: Shaking motion looking at the user | HT17: Shaking motion looking at the user | HU17: Looking at the user head tilted | HV17: Looking at the user head tilted | HX17: tsam0009@student.monash.edu | HY17: 2 | HZ17: three_then_five | IA17: 20
A18: 45739.228 | B18: 45739.23 | C18: IP Address | D18: 24.66.134.148 | E18: 17 | F18: 160 | G18: False | H18: 45746.23 | I18: R_7CsaZewVAJAl9J0 | N18: 51.0455 | O18: -114.1988 | P18: anonymous | Q18: EN | R18: 0.69999999 | S18: Yes | T18: Yes | U18: Yes | V18: Yes | W18: Academic (e.g. student, teacher) | X18: Dog | Y18: A few times per month | Z18: A few times per month | AA18: A few times per month | AB18: A few times per month | FK18: Waiting for Input | Calcifer is in standby mode, waiting for a command from you. | FL18: Very Confident | FM18: 23.642 | FN18: 24.992 | FO18: 25.634 | FP18: 2 | FQ18: Interacting with Pinecone | Calcifer is interacting with a target pinecone. | FR18: Very Confident | FS18: 1.903 | FT18: 26.396 | FU18: 26.724 | FV18: 3 | HG18: Interacting with Pinecone | Calcifer is interacting with a target pinecone. | HH18: Very Confident | HI18: 2.78 | HJ18: 4.057 | HK18: 10.712 | HL18: 2 | HY18: 1 | IA18: 4
A19: 45746.248 | B19: 45746.268 | C19: IP Address | D19: 68.146.22.107 | E19: 100 | F19: 1768 | G19: True | H19: 45746.268 | I19: R_56oyO4Os4M6bCJb | N19: 51.0455 | O19: -114.1988 | P19: anonymous | Q19: EN | R19: 0.40000001 | S19: Yes | T19: Yes | U19: Yes | V19: Yes | W19: Technology (e.g. app developer) | X19: Dog,Cat,Rabbit,Fish | Y19: Nearly every day or more | Z19: Never | AA19: Never | AB19: Never | AC19: Error | Calcifer is signalling to you that it is experiencing a critical error. | AD19: Somewhat Confident | AE19: 20.757 | AF19: 21.901 | AG19: 22.593 | AH19: 2 | AI19: Analyzing Pinecone | Calcifer is analyzing a target pinecone to assess its size. | AJ19: Very Confident | AK19: 9.318 | AL19: 13.183 | AM19: 13.979 | AN19: 2 | AO19: Analyzing Pinecone | Calcifer is analyzing a target pinecone to assess its size. | AP19: Somewhat Confident | AQ19: 12.727 | AR19: 16.758 | AS19: 17.451 | AT19: 2 | AU19: Error | Calcifer is signalling to you that it is experiencing a critical error. | AV19: Very Confident | AW19: 17.059 | AX19: 20.427 | AY19: 21.5 | AZ19: 2 | BA19: Found Pinecone | Calcifer is signalling to you that it has found a suitable pinecone. | BB19: Very Confident | BC19: 12.522 | BD19: 14.343 | BE19: 15.468 | BF19: 2 | BG19: Confused | Calcifer is signalling to you that it is confused and unsure what to do. | BH19: Somewhat Confident | BI19: 22.982 | BJ19: 24.421 | BK19: 25.339 | BL19: 2 | BM19: Found Pinecone | Calcifer is signalling to you that it has found a suitable pinecone. | BN19: Somewhat Confident | BO19: 11.861 | BP19: 13.941 | BQ19: 15.257 | BR19: 2 | BT19: Somewhat Confident | BU19: 16.611 | BV19: 19.611 | BW19: 20.448 | BX19: 3 | BY19: Found Pinecone | Calcifer is signalling to you that it has found a suitable pinecone. | BZ19: Very Confident | CA19: 18.075 | CB19: 20.187 | CC19: 21.591 | CD19: 2 | CE19: Error | Calcifer is signalling to you that it is experiencing a critical error. | CF19: Somewhat Confident | CG19: 18.018 | CH19: 19.587 | CI19: 20.375 | CJ19: 2 | CK19: Confused | Calcifer is signalling to you that it is confused and unsure what to do. | CL19: Somewhat Confident | CM19: 30.509 | CN19: 32.63 | CO19: 33.635 | CP19: 2 | CQ19: Analyzing Pinecone | Calcifer is analyzing a target pinecone to assess its size. | CR19: Very Confident | CS19: 14.122 | CT19: 15.45 | CU19: 16.239 | CV19: 2 | CX19: Somewhat Confident | CY19: 4.937 | CZ19: 25.939 | DA19: 27.039 | DB19: 3 | DC19: Waiting for Input | Calcifer is in standby mode, waiting for a command from you. | DD19: Very Confident | DE19: 30.075 | DF19: 41.547 | DG19: 42.848 | DH19: 2 | DI19: Confused | Calcifer is signalling to you that it is confused and unsure what to do. | DJ19: Very Confident | DK19: 15.923 | DL19: 17.147 | DM19: 17.792 | DN19: 2 | DO19: Confused | Calcifer is signalling to you that it is confused and unsure what to do. | DP19: Somewhat Confident | DQ19: 14.597 | DR19: 15.733 | DS19: 16.713 | DT19: 2 | DU19: Found Pinecone | Calcifer is signalling to you that it has found a suitable pinecone. | DV19: Somewhat Confident | DW19: 12.611 | DX19: 15.698 | DY19: 16.447 | DZ19: 2 | EA19: Found Pinecone | Calcifer is signalling to you that it has found a suitable pinecone. | EB19: Somewhat Confident | EC19: 21.379 | ED19: 23.027 | EE19: 24.376 | EF19: 2 | EG19: Waiting for Input | Calcifer is in standby mode, waiting for a command from you. | EH19: Very Confident | EI19: 9.472 | EJ19: 11.592 | EK19: 12.374 | EL19: 2 | EM19: Confused | Calcifer is signalling to you that it is confused and unsure what to do. | EN19: Very Confident | EO19: 11.346 | EP19: 12.769 | EQ19: 13.461 | ER19: 2 | ES19: Needs Help | Calcifer is signalling to you that it needs your help. | ET19: Somewhat Confident | EU19: 29.784 | EV19: 41.097 | EW19: 41.975 | EX19: 3 | EY19: Interacting with Pinecone | Calcifer is interacting with a target pinecone. | EZ19: Very Confident | FA19: 8.676 | FB19: 10.572 | FC19: 11.823 | FD19: 2 | FF19: Not Very Confident | FG19: 31.335 | FH19: 32.655 | FI19: 33.46 | FJ19: 2 | FK19: Waiting for Input | Calcifer is in standby mode, waiting for a command from you. | FL19: Very Confident | FM19: 7.636 | FN19: 9.812 | FO19: 10.514 | FP19: 2 | FQ19: Interacting with Pinecone | Calcifer is interacting with a target pinecone. | FR19: Very Confident | FS19: 17.727 | FT19: 19.399 | FU19: 20.235 | FV19: 2 | FW19: Needs Help | Calcifer is signalling to you that it needs your help. | FX19: Very Confident | FY19: 12.298 | FZ19: 15.905 | GA19: 17.989 | GB19: 2 | GC19: Waiting for Input | Calcifer is in standby mode, waiting for a command from you. | GD19: Very Confident | GE19: 9.654 | GF19: 11.783 | GG19: 12.539 | GH19: 2 | GI19: Interacting with Pinecone | Calcifer is interacting with a target pinecone. | GJ19: Very Confident | GK19: 10.335 | GL19: 12.119 | GM19: 13.4 | GN19: 3 | GO19: Waiting for Input | Calcifer is in standby mode, waiting for a command from you. | GP19: Very Confident | GQ19: 15.522 | GR19: 17.281 | GS19: 18.023 | GT19: 2 | GU19: Waiting for Input | Calcifer is in standby mode, waiting for a command from you. | GV19: Very Confident | GW19: 16.791 | GX19: 18.638 | GY19: 19.475 | GZ19: 2 | HA19: Interacting with Pinecone | Calcifer is interacting with a target pinecone. | HB19: Very Confident | HC19: 7.26 | HD19: 8.972 | HE19: 9.705 | HF19: 2 | HG19: Waiting for Input | Calcifer is in standby mode, waiting for a command from you. | HH19: Somewhat Confident | HI19: 22.628 | HJ19: 23.748 | HK19: 24.545 | HL19: 2 | HM19: Looking at me. | HN19: Look at me | HO19: Looking at pinecones | HP19: Look at pinecones | HQ19: Looking at pinecones and wagging | HR19: Look at pinecones and wag | HS19: Looking at ground and crouching with a tilt | HT19: Lie down and roll over to play dead | HU19: Look at ground and move front of body side to side | HV19: Look at ground and move front of body side to side as if shaking ones head to say 'no' | HW19: The greater the range of motion of the robot the easier it will be communicate their state. | HX19: Rainer@Iraschko.net | HY19: 2 | HZ19: five_then_three | IA19: 12
A20: 45733.501 | B20: 45740.372 | C20: IP Address | D20: 66.183.102.57 | E20: 0 | F20: 593667 | G20: False | H20: 45747.372 | I20: R_3tsc7fmIkaerHJn | N20: 48.4204 | O20: -123.3005 | P20: anonymous | Q20: EN | R20: 1
A21: 45747.529 | B21: 45747.542 | C21: IP Address | D21: 136.226.79.7 | E21: 100 | F21: 1084 | G21: True | H21: 45747.542 | I21: R_5Y9rumy3PJyVL9I | N21: 37.3388 | O21: -121.8916 | P21: anonymous | Q21: EN | R21: 0.89999998 | S21: Yes | T21: Yes | U21: Yes | V21: Yes | W21: Engineering (e.g. design, consulting) | X21: Cat | Y21: Nearly every day or more | Z21: Never | AA21: Never | AB21: Less than once per month | AC21: Waiting for Input | Calcifer is in standby mode, waiting for a command from you. | AD21: Somewhat Confident | AE21: 10.695 | AF21: 15.537 | AG21: 16.344 | AH21: 4 | AI21: Analyzing Pinecone | Calcifer is analyzing a target pinecone to assess its size. | AJ21: Fully Confident | AK21: 6.203 | AL21: 9.856 | AM21: 10.648 | AN21: 2 | AO21: Analyzing Pinecone | Calcifer is analyzing a target pinecone to assess its size. | AP21: Fully Confident | AQ21: 11.62 | AR21: 14.714 | AS21: 15.49 | AT21: 3 | AU21: Error | Calcifer is signalling to you that it is experiencing a critical error. | AV21: Somewhat Confident | AW21: 12.997 | AX21: 16.027 | AY21: 17.679 | AZ21: 3 | BA21: Error | Calcifer is signalling to you that it is experiencing a critical error. | BB21: Not Very Confident | BC21: 13.738 | BD21: 15.932 | BE21: 17.598 | BF21: 2 | BG21: Waiting for Input | Calcifer is in standby mode, waiting for a command from you. | BH21: Not Very Confident | BI21: 18.299 | BJ21: 20.346 | BK21: 21.673 | BL21: 2 | BM21: Analyzing Pinecone | Calcifer is analyzing a target pinecone to assess its size. | BN21: Fully Confident | BO21: 10.338 | BP21: 14.934 | BQ21: 18.907 | BR21: 3 | BS21: Confused | Calcifer is signalling to you that it is confused and unsure what to do. | BT21: Not Very Confident | BU21: 14.328 | BV21: 16.92 | BW21: 18.223 | BX21: 2 | BY21: Error | Calcifer is signalling to you that it is experiencing a critical error. | BZ21: Somewhat Confident | CA21: 11.109 | CB21: 15.892 | CC21: 17.896 | CD21: 2 | CE21: Confused | Calcifer is signalling to you that it is confused and unsure what to do. | CF21: Not Very Confident | CG21: 12.773 | CH21: 15.315 | CI21: 16.627 | CJ21: 2 | CK21: Waiting for Input | Calcifer is in standby mode, waiting for a command from you. | CL21: Somewhat Confident | CM21: 9.076 | CN21: 10.688 | CO21: 11.534 | CP21: 2 | CQ21: Analyzing Pinecone | Calcifer is analyzing a target pinecone to assess its size. | CR21: Fully Confident | CS21: 10.259 | CT21: 13.371 | CU21: 14.142 | CV21: 2 | CW21: Confused | Calcifer is signalling to you that it is confused and unsure what to do. | CX21: Not Very Confident | CY21: 9.041 | CZ21: 10.022 | DA21: 11.669 | DB21: 2 | DC21: Confused | Calcifer is signalling to you that it is confused and unsure what to do. | DD21: Not Very Confident | DE21: 9.501 | DF21: 11.092 | DG21: 12.448 | DH21: 3 | DI21: Waiting for Input | Calcifer is in standby mode, waiting for a command from you. | DJ21: Fully Confident | DK21: 5.863 | DL21: 9.969 | DM21: 11.903 | DN21: 3 | DO21: Error | Calcifer is signalling to you that it is experiencing a critical error. | DP21: Not Very Confident | DQ21: 15.213 | DR21: 16.674 | DS21: 17.784 | DT21: 2 | DU21: Analyzing Pinecone | Calcifer is analyzing a target pinecone to assess its size. | DV21: Fully Confident | DW21: 8.519 | DX21: 17.347 | DY21: 18.327 | DZ21: 4 | EA21: Found Pinecone | Calcifer is signalling to you that it has found a suitable pinecone. | EB21: Very Confident | EC21: 7.383 | ED21: 13.071 | EE21: 13.959 | EF21: 2 | EG21: Confused | Calcifer is signalling to you that it is confused and unsure what to do. | EH21: Not Very Confident | EI21: 12.331 | EJ21: 28.202 | EK21: 29.013 | EL21: 3 | EM21: Waiting for Input | Calcifer is in standby mode, waiting for a command from you. | EN21: Very Confident | EO21: 10.569 | EP21: 13.082 | EQ21: 14.31 | ER21: 2 | ET21: Somewhat Confident | EU21: 17.209 | EV21: 18.535 | EW21: 19.56 | EX21: 2 | EY21: Interacting with Pinecone | Calcifer is interacting with a target pinecone. | EZ21: Very Confident | FA21: 26.094 | FB21: 34.558 | FC21: 35.257 | FD21: 2 | FF21: Somewhat Confident | FG21: 8.291 | FH21: 22.173 | FI21: 23.635 | FJ21: 3 | FK21: Waiting for Input | Calcifer is in standby mode, waiting for a command from you. | FL21: Very Confident | FM21: 6.326 | FN21: 7.287 | FO21: 8.801 | FP21: 2 | FQ21: Interacting with Pinecone | Calcifer is interacting with a target pinecone. | FR21: Very Confident | FS21: 5.41 | FT21: 6.694 | FU21: 8.681 | FV21: 2 | FX21: Somewhat Confident | FY21: 7.169 | FZ21: 9.927 | GA21: 10.742 | GB21: 2 | GC21: Waiting for Input | Calcifer is in standby mode, waiting for a command from you. | GD21: Somewhat Confident | GE21: 6.257 | GF21: 7.76 | GG21: 9.151 | GH21: 2 | GI21: Interacting with Pinecone | Calcifer is interacting with a target pinecone. | GJ21: Very Confident | GK21: 5.301 | GL21: 10.326 | GM21: 11.139 | GN21: 2 | GO21: Needs Help | Calcifer is signalling to you that it needs your help. | GP21: Not Very Confident | GQ21: 7.467 | GR21: 8.464 | GS21: 9.549 | GT21: 2 | GU21: Waiting for Input | Calcifer is in standby mode, waiting for a command from you. | GV21: Very Confident | GW21: 4.772 | GX21: 7.054 | GY21: 8.768 | GZ21: 2 | HA21: Interacting with Pinecone | Calcifer is interacting with a target pinecone. | HB21: Very Confident | HC21: 9.323 | HD21: 10.591 | HE21: 11.28 | HF21: 2 | HG21: Needs Help | Calcifer is signalling to you that it needs your help. | HH21: Somewhat Confident | HI21: 10.619 | HJ21: 12.17 | HK21: 12.879 | HL21: 2 | HM21: Looking at me and sat still | HN21: Looking at me and sat still | HO21: Looking at pinecone not moving | HP21: Looking at pinecone not moving | HQ21: Looking at pinecone and moving | HR21: Look at pinecone then look at me or sit next to the pinecone | HS21: Shaking, not looking at anything | HT21: Lay down and not move | HU21: Tilted head | HV21: Tilt head | HW21: A lot of the videos look the same | HY21: 2 | HZ21: five_then_three | IA21: 12
A22: 45747.674 | B22: 45747.691 | C22: IP Address | D22: 220.233.4.109 | E22: 100 | F22: 1527 | G22: True | H22: 45747.691 | I22: R_9q1SqyY6LCOxUGk | N22: -37.8159 | O22: 144.9669 | P22: anonymous | Q22: EN | R22: 0.89999998 | S22: Yes | T22: Yes | U22: Yes | V22: Yes | W22: Academic (e.g. student, teacher) | X22: Bird | Y22: Nearly every day or more | Z22: Less than once per month | AA22: At least once per week | AB22: Less than once per month | AC22: Waiting for Input | Calcifer is in standby mode, waiting for a command from you. | AD22: Somewhat Confident | AE22: 19.213 | AF22: 27.257 | AG22: 28.189 | AH22: 2 | AI22: Found Pinecone | Calcifer is signalling to you that it has found a suitable pinecone. | AJ22: Very Confident | AK22: 10.441 | AL22: 11.797 | AM22: 12.898 | AN22: 2 | AO22: Analyzing Pinecone | Calcifer is analyzing a target pinecone to assess its size. | AP22: Somewhat Confident | AQ22: 9.855 | AR22: 12.239 | AS22: 13.298 | AT22: 2 | AU22: Error | Calcifer is signalling to you that it is experiencing a critical error. | AV22: Somewhat Confident | AW22: 11.991 | AX22: 13.601 | AY22: 15.16 | AZ22: 2 | BA22: Confused | Calcifer is signalling to you that it is confused and unsure what to do. | BB22: Somewhat Confident | BC22: 14.85 | BD22: 16.583 | BE22: 17.623 | BF22: 2 | BG22: Waiting for Input | Calcifer is in standby mode, waiting for a command from you. | BH22: Somewhat Confident | BI22: 11.661 | BJ22: 14.179 | BK22: 15.476 | BL22: 2 | BM22: Analyzing Pinecone | Calcifer is analyzing a target pinecone to assess its size. | BN22: Very Confident | BO22: 9.843 | BP22: 11.374 | BQ22: 12.272 | BR22: 2 | BS22: Waiting for Input | Calcifer is in standby mode, waiting for a command from you. | BT22: Somewhat Confident | BU22: 10.202 | BV22: 12.007 | BW22: 12.851 | BX22: 2 | BY22: Confused | Calcifer is signalling to you that it is confused and unsure what to do. | BZ22: Somewhat Confident | CA22: 8.503 | CB22: 11.732 | CC22: 12.976 | CD22: 2 | CE22: Found Pinecone | Calcifer is signalling to you that it has found a suitable pinecone. | CF22: Somewhat Confident | CG22: 14.597 | CH22: 16.048 | CI22: 17.594 | CJ22: 2 | CK22: Waiting for Input | Calcifer is in standby mode, waiting for a command from you. | CL22: Somewhat Confident | CM22: 11.44 | CN22: 13.315 | CO22: 14.744 | CP22: 2 | CQ22: Analyzing Pinecone | Calcifer is analyzing a target pinecone to assess its size. | CR22: Very Confident | CS22: 8.261 | CT22: 11.648 | CU22: 14.524 | CV22: 2 | CW22: Waiting for Input | Calcifer is in standby mode, waiting for a command from you. | CX22: Somewhat Confident | CY22: 11.795 | CZ22: 13.224 | DA22: 14.381 | DB22: 2 | DC22: Found Pinecone | Calcifer is signalling to you that it has found a suitable pinecone. | DD22: Very Confident | DE22: 8.642 | DF22: 12.464 | DG22: 13.973 | DH22: 2 | DI22: Waiting for Input | Calcifer is in standby mode, waiting for a command from you. | DJ22: Very Confident | DK22: 8.146 | DL22: 10.088 | DM22: 11.247 | DN22: 2 | DO22: Waiting for Input | Calcifer is in standby mode, waiting for a command from you. | DP22: Somewhat Confident | DQ22: 8.857 | DR22: 11.086 | DS22: 12.35 | DT22: 2 | DU22: Analyzing Pinecone | Calcifer is analyzing a target pinecone to assess its size. | DV22: Very Confident | DW22: 6.148 | DX22: 9.33 | DY22: 10.608 | DZ22: 2 | EA22: Found Pinecone | Calcifer is signalling to you that it has found a suitable pinecone. | EB22: Very Confident | EC22: 16.467 | ED22: 19.64 | EE22: 20.907 | EF22: 2 | EG22: Confused | Calcifer is signalling to you that it is confused and unsure what to do. | EH22: Somewhat Confident | EI22: 11.962 | EJ22: 13.562 | EK22: 14.775 | EL22: 2 | EM22: Found Pinecone | Calcifer is signalling to you that it has found a suitable pinecone. | EN22: Very Confident | EO22: 12.23 | EP22: 14.043 | EQ22: 15.465 | ER22: 2 | ES22: Waiting for Input | Calcifer is in standby mode, waiting for a command from you. | ET22: Somewhat Confident | EU22: 14.469 | EV22: 16.009 | EW22: 17.069 | EX22: 2 | EY22: Interacting with Pinecone | Calcifer is interacting with a target pinecone. | EZ22: Somewhat Confident | FA22: 12.652 | FB22: 14.995 | FC22: 16.594 | FD22: 2 | FE22: Needs Help | Calcifer is signalling to you that it needs your help. | FF22: Somewhat Confident | FG22: 11.867 | FH22: 13.869 | FI22: 15.302 | FJ22: 2 | FK22: Waiting for Input | Calcifer is in standby mode, waiting for a command from you. | FL22: Somewhat Confident | FM22: 11.487 | FN22: 13.899 | FO22: 15.276 | FP22: 2 | FQ22: Interacting with Pinecone | Calcifer is interacting with a target pinecone. | FR22: Very Confident | FS22: 5.867 | FT22: 7.98 | FU22: 9.238 | FV22: 2 | FW22: Needs Help | Calcifer is signalling to you that it needs your help. | FX22: Very Confident | FY22: 13.14 | FZ22: 16.038 | GA22: 23.286 | GB22: 2 | GC22: Needs Help | Calcifer is signalling to you that it needs your help. | GD22: Somewhat Confident | GE22: 11.339 | GF22: 12.294 | GG22: 13.737 | GH22: 2 | GI22: Interacting with Pinecone | Calcifer is interacting with a target pinecone. | GJ22: Very Confident | GK22: 25.095 | GL22: 35.588 | GM22: 36.83 | GN22: 2 | GO22: Needs Help | Calcifer is signalling to you that it needs your help. | GP22: Somewhat Confident | GQ22: 14.748 | GR22: 22.3 | GS22: 23.434 | GT22: 2 | GU22: Waiting for Input | Calcifer is in standby mode, waiting for a command from you. | GV22: Somewhat Confident | GW22: 24.311 | GX22: 25.995 | GY22: 27.085 | GZ22: 2 | HA22: Interacting with Pinecone | Calcifer is interacting with a target pinecone. | HB22: Somewhat Confident | HC22: 23.115 | HD22: 26.497 | HE22: 27.656 | HF22: 2 | HG22: Waiting for Input | Calcifer is in standby mode, waiting for a command from you. | HH22: Somewhat Confident | HI22: 14.213 | HJ22: 15.82 | HK22: 16.685 | HL22: 2 | HM22: sitting or standing still and facing me | HN22: sitting still and facing me | HO22: standing with lowered front while facing the pinecone | HP22: small head movement that looks like "scanning" the pinecone, or circling around the pinecone | HQ22: sitting next to the pinecone with head tilted towards the pinecone while facing me | HR22: look at pinecone, then look at me | HS22: trembles | HT22: head scratches? lying upside down? this one is kinda hard to communicate and probably depends on what error the robot is experiencing | HU22: trembles | HV22: I consider confused as a type of error, so it's difficult to distinguish them | HW22: some states are difficult to distinguish from gesture alone, such as sitting still may either be waiting for inputs or pinecone found | HX22: Leimin.Tian@monash.edu | HY22: 2 | HZ22: three_then_five | IA22: 20
A23: 45748.256 | B23: 45748.268 | C23: IP Address | D23: 50.98.17.157 | E23: 100 | F23: 1015 | G23: True | H23: 45748.268 | I23: R_5GjLlCHb4av6RQT | N23: 51.0038 | O23: -118.1838 | P23: anonymous | Q23: EN | R23: 0.89999998 | S23: Yes | T23: Yes | U23: Yes | V23: Yes | W23: Other | X23: Dog,Cat,Rabbit,Other | Y23: Nearly every day or more | Z23: Never | AA23: Never | AB23: Never | AC23: Waiting for Input | Calcifer is in standby mode, waiting for a command from you. | AD23: Somewhat Confident | AE23: 0.786 | AF23: 17.327 | AG23: 18.068 | AH23: 8 | AI23: Analyzing Pinecone | Calcifer is analyzing a target pinecone to assess its size. | AJ23: Somewhat Confident | AK23: 0.861 | AL23: 15.88 | AM23: 16.563 | AN23: 9 | AO23: Found Pinecone | Calcifer is signalling to you that it has found a suitable pinecone. | AP23: Very Confident | AQ23: 0.718 | AR23: 14.951 | AS23: 15.647 | AT23: 9 | AU23: Error | Calcifer is signalling to you that it is experiencing a critical error. | AV23: Somewhat Confident | AW23: 0.764 | AX23: 17.396 | AY23: 17.939 | AZ23: 7 | BA23: Error | Calcifer is signalling to you that it is experiencing a critical error. | BB23: Fully Confident | BC23: 0.77 | BD23: 14.354 | BE23: 14.701 | BF23: 5 | BG23: Waiting for Input | Calcifer is in standby mode, waiting for a command from you. | BH23: Not Very Confident | BI23: 0.705 | BJ23: 13.958 | BK23: 14.633 | BL23: 8 | BM23: Analyzing Pinecone | Calcifer is analyzing a target pinecone to assess its size. | BN23: Somewhat Confident | BO23: 10.039 | BP23: 26.726 | BQ23: 27.272 | BR23: 6 | BS23: Waiting for Input | Calcifer is in standby mode, waiting for a command from you. | BT23: Not Very Confident | BU23: 0.721 | BV23: 18.654 | BW23: 19.095 | BX23: 9 | BY23: Confused | Calcifer is signalling to you that it is confused and unsure what to do. | BZ23: Somewhat Confident | CA23: 1.198 | CB23: 15.852 | CC23: 16.542 | CD23: 8 | CF23: Not Very Confident | CG23: 0.777 | CH23: 29.373 | CI23: 29.6 | CJ23: 14 | CK23: Waiting for Input | Calcifer is in standby mode, waiting for a command from you. | CL23: Fully Confident | CM23: 0.738 | CN23: 19.696 | CO23: 20.278 | CP23: 8 | CQ23: Analyzing Pinecone | Calcifer is analyzing a target pinecone to assess its size. | CR23: Somewhat Confident | CS23: 0.694 | CT23: 14.035 | CU23: 14.652 | CV23: 5 | CW23: Waiting for Input | Calcifer is in standby mode, waiting for a command from you. | CX23: Very Confident | CY23: 0.719 | CZ23: 16.449 | DA23: 16.968 | DB23: 6 | DC23: Error | Calcifer is signalling to you that it is experiencing a critical error. | DD23: Somewhat Confident | DE23: 0.962 | DF23: 15.594 | DG23: 16.285 | DH23: 8 | DI23: Confused | Calcifer is signalling to you that it is confused and unsure what to do. | DJ23: Very Confident | DK23: 0.633 | DL23: 16.572 | DM23: 16.974 | DN23: 8 | DO23: Waiting for Input | Calcifer is in standby mode, waiting for a command from you. | DP23: Fully Confident | DQ23: 0.899 | DR23: 18.299 | DS23: 19.923 | DT23: 6 | DU23: Found Pinecone | Calcifer is signalling to you that it has found a suitable pinecone. | DV23: Somewhat Confident | DW23: 0.775 | DX23: 16.279 | DY23: 16.792 | DZ23: 7 | EA23: Analyzing Pinecone | Calcifer is analyzing a target pinecone to assess its size. | EB23: Not Very Confident | EC23: 0.907 | ED23: 46.518 | EE23: 47.386 | EF23: 16 | EG23: Confused | Calcifer is signalling to you that it is confused and unsure what to do. | EH23: Fully Confident | EI23: 0.704 | EJ23: 12.535 | EK23: 13.177 | EL23: 8 | EM23: Confused | Calcifer is signalling to you that it is confused and unsure what to do. | EN23: Very Confident | EO23: 0.713 | EP23: 15.468 | EQ23: 16.178 | ER23: 8 | ES23: Waiting for Input | Calcifer is in standby mode, waiting for a command from you. | ET23: Very Confident | EU23: 2.42 | EV23: 29.229 | EW23: 29.643 | EX23: 7 | EY23: Interacting with Pinecone | Calcifer is interacting with a target pinecone. | EZ23: Somewhat Confident | FA23: 1.091 | FB23: 26.912 | FC23: 27.486 | FD23: 13 | FE23: Needs Help | Calcifer is signalling to you that it needs your help. | FF23: Somewhat Confident | FG23: 0.905 | FH23: 19.444 | FI23: 20.083 | FJ23: 8 | FK23: Waiting for Input | Calcifer is in standby mode, waiting for a command from you. | FL23: Somewhat Confident | FM23: 2.131 | FN23: 28.644 | FO23: 28.991 | FP23: 9 | FQ23: Interacting with Pinecone | Calcifer is interacting with a target pinecone. | FR23: Very Confident | FS23: 1.169 | FT23: 13.014 | FU23: 15.13 | FV23: 9 | FW23: Needs Help | Calcifer is signalling to you that it needs your help. | FX23: Somewhat Confident | FY23: 1.357 | FZ23: 18.692 | GA23: 19.2 | GB23: 8 | GC23: Waiting for Input | Calcifer is in standby mode, waiting for a command from you. | GD23: Very Confident | GE23: 1.12 | GF23: 14.667 | GG23: 15.373 | GH23: 5 | GI23: Interacting with Pinecone | Calcifer is interacting with a target pinecone. | GJ23: Somewhat Confident | GK23: 1.079 | GL23: 18.359 | GM23: 19.12 | GN23: 5 | GO23: Needs Help | Calcifer is signalling to you that it needs your help. | GP23: Very Confident | GQ23: 0.807 | GR23: 17.127 | GS23: 18.654 | GT23: 6 | GU23: Waiting for Input | Calcifer is in standby mode, waiting for a command from you. | GV23: Somewhat Confident | GW23: 1.298 | GX23: 15.674 | GY23: 16.117 | GZ23: 9 | HA23: Interacting with Pinecone | Calcifer is interacting with a target pinecone. | HB23: Somewhat Confident | HC23: 1.11 | HD23: 19.597 | HE23: 19.914 | HF23: 8 | HG23: Waiting for Input | Calcifer is in standby mode, waiting for a command from you. | HH23: Somewhat Confident | HI23: 1.053 | HJ23: 14.998 | HK23: 15.439 | HL23: 9 | HM23: Standing still | HN23: Neutral, still, maybe looking at you | HO23: Staring at a pinecone | HP23: I think this one was accurate, though it was hard to distinguish analyzing and finding pinecones | HQ23: Standing over pinecone neutral stance | HR23: After analyzing, making contact with owner in some way | HS23: Glitchy, trembling look | HT23: Lie down | HU23: Tilted body, cocked head | HV23: This one was accurate | HY23: 2 | HZ23: three_then_five | IA23: 20
A24: 45748.262 | B24: 45748.285 | C24: IP Address | D24: 198.48.144.85 | E24: 100 | F24: 2013 | G24: True | H24: 45748.285 | I24: R_5h3bXLhIsIQHDIV | N24: 51.0605 | O24: -114.1102 | P24: anonymous | Q24: EN | R24: 0.1 | S24: Yes | T24: Yes | U24: Yes | V24: Yes | W24: Engineering (e.g. design, consulting) | X24: Dog,Fish,Other | Y24: Nearly every day or more | Z24: Never | AA24: Less than once per month | AB24: Less than once per month | AC24: Error | Calcifer is signalling to you that it is experiencing a critical error. | AD24: Not Very Confident | AE24: 1.014 | AF24: 15.883 | AG24: 16.272 | AH24: 8 | AI24: Analyzing Pinecone | Calcifer is analyzing a target pinecone to assess its size. | AJ24: Somewhat Confident | AK24: 0.93 | AL24: 12.791 | AM24: 13.156 | AN24: 10 | AO24: Analyzing Pinecone | Calcifer is analyzing a target pinecone to assess its size. | AP24: Somewhat Confident | AQ24: 1.197 | AR24: 14.54 | AS24: 14.802 | AT24: 6 | AU24: Confused | Calcifer is signalling to you that it is confused and unsure what to do. | AV24: Not Very Confident | AW24: 2.736 | AX24: 57.461 | AY24: 58.135 | AZ24: 12 | BA24: Confused | Calcifer is signalling to you that it is confused and unsure what to do. | BB24: Not Very Confident | BC24: 0.849 | BD24: 24.159 | BE24: 24.502 | BF24: 9 | BG24: Waiting for Input | Calcifer is in standby mode, waiting for a command from you. | BH24: Not Very Confident | BI24: 1.165 | BJ24: 20.167 | BK24: 20.501 | BL24: 11 | BM24: Analyzing Pinecone | Calcifer is analyzing a target pinecone to assess its size. | BN24: Somewhat Confident | BO24: 0.883 | BP24: 12.886 | BQ24: 13.101 | BR24: 9 | BS24: Found Pinecone | Calcifer is signalling to you that it has found a suitable pinecone. | BT24: Somewhat Confident | BU24: 1.216 | BV24: 17.344 | BW24: 17.755 | BX24: 11 | BY24: Found Pinecone | Calcifer is signalling to you that it has found a suitable pinecone. | BZ24: Somewhat Confident | CA24: 1.1 | CB24: 18.479 | CC24: 18.901 | CD24: 9 | CE24: Waiting for Input | Calcifer is in standby mode, waiting for a command from you. | CF24: Not Very Confident | CG24: 1.392 | CH24: 43.723 | CI24: 44.345 | CJ24: 7 | CK24: Waiting for Input | Calcifer is in standby mode, waiting for a command from you. | CL24: Not Very Confident | CM24: 2.181 | CN24: 18.44 | CO24: 19.301 | CP24: 8 | CQ24: Analyzing Pinecone | Calcifer is analyzing a target pinecone to assess its size. | CR24: Very Confident | CS24: 0.956 | CT24: 12.349 | CU24: 13.397 | CV24: 9 | CW24: Found Pinecone | Calcifer is signalling to you that it has found a suitable pinecone. | CX24: Not Very Confident | CY24: 1.297 | CZ24: 30.201 | DA24: 30.898 | DB24: 9 | DC24: Confused | Calcifer is signalling to you that it is confused and unsure what to do. | DD24: Not Very Confident | DE24: 0.866 | DF24: 17.058 | DG24: 17.573 | DH24: 8 | DI24: Waiting for Input | Calcifer is in standby mode, waiting for a command from you. | DJ24: Not Very Confident | DK24: 0.838 | DL24: 19.194 | DM24: 19.7 | DN24: 12 | DO24: Waiting for Input | Calcifer is in standby mode, waiting for a command from you. | DP24: Not Very Confident | DQ24: 1.008 | DR24: 20.299 | DS24: 20.748 | DT24: 9 | DU24: Analyzing Pinecone | Calcifer is analyzing a target pinecone to assess its size. | DV24: Somewhat Confident | DW24: 0.919 | DX24: 40.236 | DY24: 40.277 | DZ24: 10 | EA24: Confused | Calcifer is signalling to you that it is confused and unsure what to do. | EB24: Not Very Confident | EC24: 0.911 | ED24: 46.297 | EE24: 46.791 | EF24: 12 | EG24: Error | Calcifer is signalling to you that it is experiencing a critical error. | EH24: Not Very Confident | EI24: 0.968 | EJ24: 30.368 | EK24: 30.601 | EL24: 8 | EM24: Waiting for Input | Calcifer is in standby mode, waiting for a command from you. | EN24: Somewhat Confident | EO24: 0.999 | EP24: 14.272 | EQ24: 14.901 | ER24: 9 | ES24: Needs Help | Calcifer is signalling to you that it needs your help. | ET24: Not Confident at All | EU24: 0.926 | EV24: 15.196 | EW24: 15.67 | EX24: 9 | EY24: Interacting with Pinecone | Calcifer is interacting with a target pinecone. | EZ24: Very Confident | FA24: 0.875 | FB24: 11.215 | FC24: 11.595 | FD24: 8 | FE24: Needs Help | Calcifer is signalling to you that it needs your help. | FF24: Somewhat Confident | FG24: 1.171 | FH24: 11.197 | FI24: 11.403 | FJ24: 9 | FK24: Waiting for Input | Calcifer is in standby mode, waiting for a command from you. | FL24: Somewhat Confident | FM24: 0.901 | FN24: 12.938 | FO24: 13.253 | FP24: 10 | FQ24: Interacting with Pinecone | Calcifer is interacting with a target pinecone. | FR24: Very Confident | FS24: 1.129 | FT24: 15.042 | FU24: 15.462 | FV24: 9 | FW24: Needs Help | Calcifer is signalling to you that it needs your help. | FX24: Somewhat Confident | FY24: 6.962 | FZ24: 41.823 | GA24: 42.46 | GB24: 18 | GC24: Waiting for Input | Calcifer is in standby mode, waiting for a command from you. | GD24: Very Confident | GE24: 0.878 | GF24: 12.58 | GG24: 12.954 | GH24: 8 | GI24: Interacting with Pinecone | Calcifer is interacting with a target pinecone. | GJ24: Very Confident | GK24: 1.169 | GL24: 12.692 | GM24: 13.096 | GN24: 10 | GO24: Needs Help | Calcifer is signalling to you that it needs your help. | GP24: Somewhat Confident | GQ24: 0.988 | GR24: 16.397 | GS24: 16.774 | GT24: 7 | GU24: Waiting for Input | Calcifer is in standby mode, waiting for a command from you. | GV24: Somewhat Confident | GW24: 1.087 | GX24: 13.013 | GY24: 13.453 | GZ24: 9 | HA24: Interacting with Pinecone | Calcifer is interacting with a target pinecone. | HB24: Somewhat Confident | HC24: 0.701 | HD24: 20.51 | HE24: 20.8 | HF24: 12 | HG24: Needs Help | Calcifer is signalling to you that it needs your help. | HH24: Not Confident at All | HI24: 1.048 | HJ24: 31.712 | HK24: 32.267 | HL24: 11 | HM24: static pose, gaze oriented towards viewer, "head tilt" | HN24: same as previous | HO24: gaze directed at pinecones | HP24: same as previous | HQ24: unsure | HR24: body oriented towards pinecone, but angled upwards (not looking at them) | HS24: resting pose (flat, not moving) | HT24: depends on the error - probably lie down | HU24: shaking | HV24: tilt back and forth | HY24: 2 | HZ24: five_then_three | IA24: 12
A25: 45748.291 | B25: 45748.303 | C25: IP Address | D25: 68.147.96.134 | E25: 100 | F25: 1096 | G25: True | H25: 45748.303 | I25: R_7784oRAC9TBfTVs | N25: 51.0406 | O25: -114.0764 | P25: anonymous | Q25: EN | R25: 0.89999998 | S25: Yes | T25: Yes | U25: Yes | V25: Yes | W25: Technology (e.g. app developer) | X25: Cat,Fish | Y25: Nearly every day or more | Z25: Less than once per month | AA25: Never | AB25: Less than once per month | AC25: Waiting for Input | Calcifer is in standby mode, waiting for a command from you. | AD25: Very Confident | AE25: 9.869 | AF25: 13.148 | AG25: 13.734 | AH25: 5 | AI25: Analyzing Pinecone | Calcifer is analyzing a target pinecone to assess its size. | AJ25: Very Confident | AK25: 8.271 | AL25: 11.447 | AM25: 12.028 | AN25: 5 | AO25: Analyzing Pinecone | Calcifer is analyzing a target pinecone to assess its size. | AP25: Very Confident | AQ25: 7.137 | AR25: 12.37 | AS25: 12.883 | AT25: 6 | AU25: Error | Calcifer is signalling to you that it is experiencing a critical error. | AV25: Very Confident | AW25: 6.83 | AX25: 9.934 | AY25: 10.829 | AZ25: 4 | BA25: Confused | Calcifer is signalling to you that it is confused and unsure what to do. | BB25: Very Confident | BC25: 10.437 | BD25: 12.777 | BE25: 13.381 | BF25: 4 | BG25: Waiting for Input | Calcifer is in standby mode, waiting for a command from you. | BH25: Very Confident | BI25: 8.753 | BJ25: 11.595 | BK25: 14.652 | BL25: 5 | BM25: Analyzing Pinecone | Calcifer is analyzing a target pinecone to assess its size. | BN25: Somewhat Confident | BO25: 15.344 | BP25: 18.26 | BQ25: 18.71 | BR25: 6 | BS25: Waiting for Input | Calcifer is in standby mode, waiting for a command from you. | BT25: Very Confident | BU25: 10.51 | BV25: 15.574 | BW25: 16.035 | BX25: 5 | BY25: Error | Calcifer is signalling to you that it is experiencing a critical error. | BZ25: Very Confident | CA25: 9.496 | CB25: 14.55 | CC25: 15.053 | CD25: 7 | CE25: Found Pinecone | Calcifer is signalling to you that it has found a suitable pinecone. | CF25: Somewhat Confident | CG25: 7.625 | CH25: 17.988 | CI25: 18.939 | CJ25: 6 | CK25: Waiting for Input | Calcifer is in standby mode, waiting for a command from you. | CL25: Somewhat Confident | CM25: 9.513 | CN25: 12.752 | CO25: 13.245 | CP25: 6 | CQ25: Analyzing Pinecone | Calcifer is analyzing a target pinecone to assess its size. | CR25: Very Confident | CS25: 7.627 | CT25: 12.351 | CU25: 12.799 | CV25: 6 | CW25: Waiting for Input | Calcifer is in standby mode, waiting for a command from you. | CX25: Somewhat Confident | CY25: 6.378 | CZ25: 13.02 | DA25: 13.566 | DB25: 8 | DC25: Error | Calcifer is signalling to you that it is experiencing a critical error. | DD25: Somewhat Confident | DE25: 5.791 | DF25: 9.383 | DG25: 10.014 | DH25: 5 | DI25: Found Pinecone | Calcifer is signalling to you that it has found a suitable pinecone. | DJ25: Somewhat Confident | DK25: 5.174 | DL25: 13.036 | DM25: 13.62 | DN25: 8 | DO25: Waiting for Input | Calcifer is in standby mode, waiting for a command from you. | DP25: Somewhat Confident | DQ25: 6.046 | DR25: 9.003 | DS25: 9.831 | DT25: 4 | DU25: Analyzing Pinecone | Calcifer is analyzing a target pinecone to assess its size. | DV25: Very Confident | DW25: 5.231 | DX25: 13.74 | DY25: 14.274 | DZ25: 6 | EA25: Analyzing Pinecone | Calcifer is analyzing a target pinecone to assess its size. | EB25: Somewhat Confident | EC25: 9.775 | ED25: 19.719 | EE25: 20.288 | EF25: 9 | EG25: Confused | Calcifer is signalling to you that it is confused and unsure what to do. | EH25: Very Confident | EI25: 7.608 | EJ25: 17.257 | EK25: 20.182 | EL25: 8 | EM25: Found Pinecone | Calcifer is signalling to you that it has found a suitable pinecone. | EN25: Somewhat Confident | EO25: 8.634 | EP25: 11.286 | EQ25: 11.843 | ER25: 5 | ES25: Waiting for Input | Calcifer is in standby mode, waiting for a command from you. | ET25: Somewhat Confident | EU25: 5.18 | EV25: 13.059 | EW25: 14.058 | EX25: 7 | EY25: Interacting with Pinecone | Calcifer is interacting with a target pinecone. | EZ25: Somewhat Confident | FA25: 6.159 | FB25: 18.928 | FC25: 19.541 | FD25: 9 | FE25: Needs Help | Calcifer is signalling to you that it needs your help. | FF25: Very Confident | FG25: 9.763 | FH25: 13.474 | FI25: 14.394 | FJ25: 4 | FK25: Waiting for Input | Calcifer is in standby mode, waiting for a command from you. | FL25: Very Confident | FM25: 7.154 | FN25: 11.667 | FO25: 12.157 | FP25: 5 | FQ25: Interacting with Pinecone | Calcifer is interacting with a target pinecone. | FR25: Somewhat Confident | FS25: 7.124 | FT25: 18.603 | FU25: 19.162 | FV25: 6 | FW25: Needs Help | Calcifer is signalling to you that it needs your help. | FX25: Very Confident | FY25: 3.119 | FZ25: 25.427 | GA25: 25.82 | GB25: 7 | GC25: Waiting for Input | Calcifer is in standby mode, waiting for a command from you. | GD25: Somewhat Confident | GE25: 2.353 | GF25: 13.9 | GG25: 14.661 | GH25: 4 | GI25: Interacting with Pinecone | Calcifer is interacting with a target pinecone. | GJ25: Somewhat Confident | GK25: 4.614 | GL25: 32.08 | GM25: 32.651 | GN25: 8 | GO25: Needs Help | Calcifer is signalling to you that it needs your help. | GP25: Somewhat Confident | GQ25: 3.204 | GR25: 17.777 | GS25: 18.276 | GT25: 8 | GU25: Waiting for Input | Calcifer is in standby mode, waiting for a command from you. | GV25: Very Confident | GW25: 3.194 | GX25: 10.047 | GY25: 10.587 | GZ25: 7 | HA25: Interacting with Pinecone | Calcifer is interacting with a target pinecone. | HB25: Somewhat Confident | HC25: 10.62 | HD25: 14.244 | HE25: 14.853 | HF25: 6 | HG25: Waiting for Input | Calcifer is in standby mode, waiting for a command from you. | HH25: Somewhat Confident | HI25: 8.334 | HJ25: 12.429 | HK25: 12.947 | HL25: 3 | HM25: Still body | HN25: It did a good job. Maybe sitting down and waiting? | HO25: Facing the pinecone | HP25: It did a good job - maybe touching it? | HQ25: Slight head movement looking at me | HR25: Maybe a combination of looking at pine cone and looking back at me | HS25: Shaking motions | HT25: It was good but more erratic shaking. | HU25: It was hard to differentiate between this and error. | HV25: Not sure | HW25: That was cool! | HY25: 2 | HZ25: three_then_five | IA25: 20
A26: 45748.31 | B26: 45748.33 | C26: IP Address | D26: 72.143.236.37 | E26: 100 | F26: 1667 | G26: True | H26: 45748.33 | I26: R_65JfEUbvx4I2EBb | N26: 49.2476 | O26: -123.1234 | P26: anonymous | Q26: EN | R26: 1 | S26: Yes | T26: Yes | U26: Yes | V26: Yes | W26: Healthcare (e.g. doctor, nurse) | X26: Dog | Y26: Nearly every day or more | Z26: Never | AA26: Never | AB26: Never | AC26: Waiting for Input | Calcifer is in standby mode, waiting for a command from you. | AD26: Somewhat Confident | AE26: 8.672 | AF26: 15.42 | AG26: 15.879 | AH26: 10 | AI26: Analyzing Pinecone | Calcifer is analyzing a target pinecone to assess its size. | AJ26: Very Confident | AK26: 11.898 | AL26: 29.499 | AM26: 30.038 | AN26: 17 | AO26: Analyzing Pinecone | Calcifer is analyzing a target pinecone to assess its size. | AP26: Somewhat Confident | AQ26: 32.573 | AR26: 46.1 | AS26: 46.907 | AT26: 9 | AU26: Error | Calcifer is signalling to you that it is experiencing a critical error. | AV26: Very Confident | AW26: 4.92 | AX26: 11.117 | AY26: 11.741 | AZ26: 9 | BA26: Error | Calcifer is signalling to you that it is experiencing a critical error. | BB26: Very Confident | BC26: 2.738 | BD26: 14.961 | BE26: 15.555 | BF26: 13 | BG26: Waiting for Input | Calcifer is in standby mode, waiting for a command from you. | BH26: Somewhat Confident | BI26: 8.401 | BJ26: 30.442 | BK26: 31.29 | BL26: 18 | BM26: Found Pinecone | Calcifer is signalling to you that it has found a suitable pinecone. | BN26: Somewhat Confident | BO26: 6.562 | BP26: 16.748 | BQ26: 17.367 | BR26: 13 | BS26: Waiting for Input | Calcifer is in standby mode, waiting for a command from you. | BT26: Somewhat Confident | BU26: 2.806 | BV26: 17.624 | BW26: 18.377 | BX26: 9 | BY26: Error | Calcifer is signalling to you that it is experiencing a critical error. | BZ26: Not Very Confident | CA26: 3.672 | CB26: 26.535 | CC26: 27.137 | CD26: 15 | CE26: Confused | Calcifer is signalling to you that it is confused and unsure what to do. | CF26: Very Confident | CG26: 7.339 | CH26: 14.116 | CI26: 14.781 | CJ26: 9 | CK26: Waiting for Input | Calcifer is in standby mode, waiting for a command from you. | CL26: Somewhat Confident | CM26: 7.424 | CN26: 12.42 | CO26: 13.123 | CP26: 8 | CQ26: Found Pinecone | Calcifer is signalling to you that it has found a suitable pinecone. | CR26: Somewhat Confident | CS26: 7.072 | CT26: 15.605 | CU26: 16.22 | CV26: 11 | CW26: Found Pinecone | Calcifer is signalling to you that it has found a suitable pinecone. | CX26: Somewhat Confident | CY26: 13.73 | CZ26: 36.336 | DA26: 37.04 | DB26: 11 | DC26: Confused | Calcifer is signalling to you that it is confused and unsure what to do. | DD26: Somewhat Confident | DE26: 11.529 | DF26: 14.358 | DG26: 15.14 | DH26: 7 | DI26: Confused | Calcifer is signalling to you that it is confused and unsure what to do. | DJ26: Very Confident | DK26: 7.646 | DL26: 13.332 | DM26: 13.889 | DN26: 12 | DO26: Waiting for Input | Calcifer is in standby mode, waiting for a command from you. | DP26: Not Confident at All | DQ26: 9.798 | DR26: 26.52 | DS26: 27.868 | DT26: 12 | DU26: Found Pinecone | Calcifer is signalling to you that it has found a suitable pinecone. | DV26: Somewhat Confident | DW26: 6.543 | DX26: 11.171 | DY26: 11.859 | DZ26: 8 | EA26: Found Pinecone | Calcifer is signalling to you that it has found a suitable pinecone. | EB26: Somewhat Confident | EC26: 22.547 | ED26: 26.458 | EE26: 27.214 | EF26: 6 | EG26: Confused | Calcifer is signalling to you that it is confused and unsure what to do. | EH26: Somewhat Confident | EI26: 3.194 | EJ26: 10.561 | EK26: 11.505 | EL26: 9 | EM26: Confused | Calcifer is signalling to you that it is confused and unsure what to do. | EN26: Very Confident | EO26: 3.137 | EP26: 12.768 | EQ26: 13.577 | ER26: 13 | ES26: Waiting for Input | Calcifer is in standby mode, waiting for a command from you. | ET26: Somewhat Confident | EU26: 2.827 | EV26: 39.545 | EW26: 40.081 | EX26: 11 | EY26: Interacting with Pinecone | Calcifer is interacting with a target pinecone. | EZ26: Very Confident | FA26: 12.215 | FB26: 16.96 | FC26: 17.597 | FD26: 7 | FE26: Needs Help | Calcifer is signalling to you that it needs your help. | FF26: Very Confident | FG26: 7.496 | FH26: 13.738 | FI26: 14.399 | FJ26: 8 | FK26: Waiting for Input | Calcifer is in standby mode, waiting for a command from you. | FL26: Somewhat Confident | FM26: 10.109 | FN26: 62.049 | FO26: 63.197 | FP26: 15 | FQ26: Interacting with Pinecone | Calcifer is interacting with a target pinecone. | FR26: Fully Confident | FS26: 4.392 | FT26: 14.582 | FU26: 15.456 | FV26: 9 | FW26: Needs Help | Calcifer is signalling to you that it needs your help. | FX26: Very Confident | FY26: 3.316 | FZ26: 10.607 | GA26: 11.343 | GB26: 8 | GC26: Waiting for Input | Calcifer is in standby mode, waiting for a command from you. | GD26: Fully Confident | GE26: 3.042 | GF26: 15.456 | GG26: 16.181 | GH26: 9 | GI26: Interacting with Pinecone | Calcifer is interacting with a target pinecone. | GJ26: Fully Confident | GK26: 4.044 | GL26: 13.511 | GM26: 14.332 | GN26: 7 | GO26: Needs Help | Calcifer is signalling to you that it needs your help. | GP26: Very Confident | GQ26: 3.191 | GR26: 13.72 | GS26: 14.436 | GT26: 12 | GU26: Waiting for Input | Calcifer is in standby mode, waiting for a command from you. | GV26: Very Confident | GW26: 3.691 | GX26: 34.803 | GY26: 35.248 | GZ26: 13 | HA26: Interacting with Pinecone | Calcifer is interacting with a target pinecone. | HB26: Very Confident | HC26: 3.256 | HD26: 9.532 | HE26: 10.272 | HF26: 7 | HG26: Needs Help | Calcifer is signalling to you that it needs your help. | HH26: Somewhat Confident | HI26: 3.097 | HJ26: 13.974 | HK26: 14.57 | HL26: 9 | HM26: Body lowering, facing my direction | HN26: Same as above (body lowering and facing my direction) | HO26: Looking at pinecone with rear end in the air | HP26: Same as above, but if head could swivel, would be more clear) | HQ26: Standing facing pinecone, rear in the air (same as analyzing) | HR26: Standing facing pinecone, rear in the air (no head swivel) | HS26: Body shaking erratically | HT26: Body shaking erratically | HU26: Looking at me, swivelling head to the side | HV26: Same as above | HW26: Please don't use this research for any robots that will be used in war | HY26: 2 | HZ26: three_then_five | IA26: 20
A27: 45748.319 | B27: 45748.335 | C27: IP Address | D27: 24.76.74.105 | E27: 100 | F27: 1359 | G27: True | H27: 45748.335 | I27: R_5q2DW39OQmlnFHf | N27: 49.5291 | O27: -96.6852 | P27: anonymous | Q27: EN | R27: 0.69999999 | S27: Yes | T27: Yes | U27: Yes | V27: Yes | W27: Healthcare (e.g. doctor, nurse) | X27: Dog,Cat,Rabbit,Bird,Fish | Y27: Nearly every day or more | Z27: Never | AA27: Never | AB27: Never | AD27: Fully Confident | AE27: 11.395 | AF27: 18.12 | AG27: 18.651 | AH27: 6 | AI27: Found Pinecone | Calcifer is signalling to you that it has found a suitable pinecone. | AJ27: Fully Confident | AK27: 9.728 | AL27: 13.68 | AM27: 14.462 | AN27: 6 | AO27: Found Pinecone | Calcifer is signalling to you that it has found a suitable pinecone. | AP27: Fully Confident | AQ27: 8.346 | AR27: 16.329 | AS27: 16.984 | AT27: 8 | AU27: Confused | Calcifer is signalling to you that it is confused and unsure what to do. | AV27: Very Confident | AW27: 17.003 | AX27: 23.787 | AY27: 24.692 | AZ27: 6 | BA27: Confused | Calcifer is signalling to you that it is confused and unsure what to do. | BB27: Somewhat Confident | BC27: 12.253 | BD27: 15.841 | BE27: 16.899 | BF27: 4 | BG27: Waiting for Input | Calcifer is in standby mode, waiting for a command from you. | BH27: Very Confident | BI27: 24.598 | BJ27: 28.582 | BK27: 29.353 | BL27: 5 | BM27: Analyzing Pinecone | Calcifer is analyzing a target pinecone to assess its size. | BN27: Fully Confident | BO27: 15.134 | BP27: 17.872 | BQ27: 18.661 | BR27: 5 | BT27: Very Confident | BU27: 8.912 | BV27: 21.875 | BW27: 22.6 | BX27: 6 | BY27: Found Pinecone | Calcifer is signalling to you that it has found a suitable pinecone. | BZ27: Fully Confident | CA27: 38.764 | CB27: 61.839 | CC27: 62.963 | CD27: 9 | CE27: Analyzing Pinecone | Calcifer is analyzing a target pinecone to assess its size. | CF27: Fully Confident | CG27: 18.548 | CH27: 29.756 | CI27: 30.499 | CJ27: 7 | CL27: Very Confident | CM27: 8.462 | CN27: 13.181 | CO27: 13.965 | CP27: 5 | CQ27: Analyzing Pinecone | Calcifer is analyzing a target pinecone to assess its size. | CR27: Very Confident | CS27: 19.5 | CT27: 24.77 | CU27: 25.507 | CV27: 6 | CW27: Analyzing Pinecone | Calcifer is analyzing a target pinecone to assess its size. | CX27: Somewhat Confident | CY27: 27.234 | CZ27: 44.082 | DA27: 44.973 | DB27: 7 | DC27: Found Pinecone | Calcifer is signalling to you that it has found a suitable pinecone. | DD27: Very Confident | DE27: 12.888 | DF27: 17.584 | DG27: 20.888 | DH27: 6 | DI27: Waiting for Input | Calcifer is in standby mode, waiting for a command from you. | DJ27: Fully Confident | DK27: 25.207 | DL27: 34.534 | DM27: 35.382 | DN27: 8 | DP27: Fully Confident | DQ27: 8.524 | DR27: 11.97 | DS27: 12.47 | DT27: 6 | DU27: Analyzing Pinecone | Calcifer is analyzing a target pinecone to assess its size. | DV27: Fully Confident | DW27: 12.999 | DX27: 19.724 | DY27: 20.284 | DZ27: 6 | EA27: Found Pinecone | Calcifer is signalling to you that it has found a suitable pinecone. | EB27: Fully Confident | EC27: 17.698 | ED27: 24.224 | EE27: 24.935 | EF27: 7 | EG27: Found Pinecone | Calcifer is signalling to you that it has found a suitable pinecone. | EH27: Very Confident | EI27: 17.706 | EJ27: 26.19 | EK27: 26.892 | EL27: 6 | EM27: Confused | Calcifer is signalling to you that it is confused and unsure what to do. | EN27: Fully Confident | EO27: 10.252 | EP27: 14.714 | EQ27: 15.404 | ER27: 6 | ES27: Waiting for Input | Calcifer is in standby mode, waiting for a command from you. | ET27: Fully Confident | EU27: 11.387 | EV27: 13.94 | EW27: 14.798 | EX27: 4 | EY27: Interacting with Pinecone | Calcifer is interacting with a target pinecone. | EZ27: Fully Confident | FA27: 8.521 | FB27: 12.452 | FC27: 12.805 | FD27: 5 | FE27: Needs Help | Calcifer is signalling to you that it needs your help. | FF27: Fully Confident | FG27: 9.286 | FH27: 12.476 | FI27: 12.9 | FJ27: 4 | FK27: Waiting for Input | Calcifer is in standby mode, waiting for a command from you. | FL27: Fully Confident | FM27: 6.225 | FN27: 15.077 | FO27: 15.634 | FP27: 7 | FQ27: Interacting with Pinecone | Calcifer is interacting with a target pinecone. | FR27: Fully Confident | FS27: 7.88 | FT27: 11.892 | FU27: 12.6 | FV27: 6 | FW27: Needs Help | Calcifer is signalling to you that it needs your help. | FX27: Fully Confident | FY27: 8.403 | FZ27: 13.276 | GA27: 13.992 | GB27: 6 | GC27: Waiting for Input | Calcifer is in standby mode, waiting for a command from you. | GD27: Fully Confident | GE27: 7.27 | GF27: 12.034 | GG27: 12.69 | GH27: 6 | GI27: Interacting with Pinecone | Calcifer is interacting with a target pinecone. | GJ27: Fully Confident | GK27: 14.234 | GL27: 18.891 | GM27: 19.555 | GN27: 6 | GO27: Needs Help | Calcifer is signalling to you that it needs your help. | GP27: Fully Confident | GQ27: 14.765 | GR27: 18.61 | GS27: 19.108 | GT27: 6 | GU27: Waiting for Input | Calcifer is in standby mode, waiting for a command from you. | GV27: Fully Confident | GW27: 6.681 | GX27: 10.328 | GY27: 10.824 | GZ27: 4 | HA27: Interacting with Pinecone | Calcifer is interacting with a target pinecone. | HB27: Fully Confident | HC27: 1.626 | HD27: 22.84 | HE27: 23.3 | HF27: 10 | HG27: Waiting for Input | Calcifer is in standby mode, waiting for a command from you. | HH27: Very Confident | HI27: 17.868 | HJ27: 22.124 | HK27: 25.258 | HL27: 6 | HM27: Standing to side of cones | HN27: Looked at it then looked away | HO27: Bending down to sniff them | HP27: Was good | HQ27: Bend down and wiggle | HR27: Was good | HS27: Did nothing | HT27: Do nothing tuen | HU27: Turn head a few times and look away | HV27: Good | HY27: 2 | HZ27: five_then_three | IA27: 12
A28: 45748.32 | B28: 45748.337 | C28: IP Address | D28: 24.76.206.15 | E28: 100 | F28: 1479 | G28: True | H28: 45748.337 | I28: R_5V449fXhZ4fyxs5 | N28: 49.8432 | O28: -97.1141 | P28: anonymous | Q28: EN | R28: 1 | S28: Yes | T28: Yes | U28: Yes | V28: Yes | W28: Other | X28: Dog,Cat | Y28: Nearly every day or more | Z28: Never | AA28: Never | AB28: Less than once per month | AC28: Error | Calcifer is signalling to you that it is experiencing a critical error. | AD28: Somewhat Confident | AE28: 4.193 | AF28: 25.628 | AG28: 27.356 | AH28: 5 | AI28: Found Pinecone | Calcifer is signalling to you that it has found a suitable pinecone. | AJ28: Somewhat Confident | AK28: 6.527 | AL28: 23.134 | AM28: 24.019 | AN28: 5 | AO28: Analyzing Pinecone | Calcifer is analyzing a target pinecone to assess its size. | AP28: Very Confident | AQ28: 15.324 | AR28: 17.97 | AS28: 18.543 | AT28: 4 | AU28: Found Pinecone | Calcifer is signalling to you that it has found a suitable pinecone. | AV28: Fully Confident | AW28: 3.762 | AX28: 20.105 | AY28: 21.087 | AZ28: 4 | BA28: Found Pinecone | Calcifer is signalling to you that it has found a suitable pinecone. | BB28: Fully Confident | BC28: 19.625 | BD28: 22.669 | BE28: 23.468 | BF28: 4 | BG28: Error | Calcifer is signalling to you that it is experiencing a critical error. | BH28: Somewhat Confident | BI28: 3.275 | BJ28: 24.974 | BK28: 25.758 | BL28: 6 | BM28: Analyzing Pinecone | Calcifer is analyzing a target pinecone to assess its size. | BN28: Very Confident | BO28: 15.633 | BP28: 18.345 | BQ28: 20.194 | BR28: 4 | BS28: Found Pinecone | Calcifer is signalling to you that it has found a suitable pinecone. | BT28: Somewhat Confident | BU28: 3.148 | BV28: 19.956 | BW28: 20.987 | BX28: 6 | BY28: Analyzing Pinecone | Calcifer is analyzing a target pinecone to assess its size. | BZ28: Very Confident | CA28: 5.363 | CB28: 40.341 | CC28: 41.74 | CD28: 9 | CE28: Confused | Calcifer is signalling to you that it is confused and unsure what to do. | CF28: Very Confident | CG28: 9.007 | CH28: 41.668 | CI28: 42.503 | CJ28: 6 | CK28: Error | Calcifer is signalling to you that it is experiencing a critical error. | CL28: Very Confident | CM28: 15.256 | CN28: 20.18 | CO28: 21.057 | CP28: 7 | CQ28: Analyzing Pinecone | Calcifer is analyzing a target pinecone to assess its size. | CR28: Somewhat Confident | CS28: 7.637 | CT28: 27.005 | CU28: 27.805 | CV28: 8 | CW28: Found Pinecone | Calcifer is signalling to you that it has found a suitable pinecone. | CX28: Very Confident | CY28: 251.427 | CZ28: 275.873 | DA28: 279.566 | DB28: 8 | DC28: Confused | Calcifer is signalling to you that it is confused and unsure what to do. | DD28: Very Confident | DE28: 17.493 | DF28: 20.388 | DG28: 21.769 | DH28: 4 | DI28: Waiting for Input | Calcifer is in standby mode, waiting for a command from you. | DJ28: Very Confident | DK28: 3.097 | DL28: 17.707 | DM28: 18.376 | DN28: 5 | DO28: Error | Calcifer is signalling to you that it is experiencing a critical error. | DP28: Somewhat Confident | DQ28: 3.094 | DR28: 23.844 | DS28: 24.501 | DT28: 5 | DU28: Analyzing Pinecone | Calcifer is analyzing a target pinecone to assess its size. | DV28: Very Confident | DW28: 16.077 | DX28: 19.688 | DY28: 20.48 | DZ28: 6 | EA28: Waiting for Input | Calcifer is in standby mode, waiting for a command from you. | EB28: Very Confident | EC28: 17.526 | ED28: 21.386 | EE28: 22.069 | EF28: 4 | EG28: Confused | Calcifer is signalling to you that it is confused and unsure what to do. | EH28: Very Confident | EI28: 4.127 | EJ28: 17.609 | EK28: 18.288 | EL28: 6 | EM28: Waiting for Input | Calcifer is in standby mode, waiting for a command from you. | EN28: Very Confident | EO28: 8.293 | EP28: 24.867 | EQ28: 25.791 | ER28: 8 | ES28: Needs Help | Calcifer is signalling to you that it needs your help. | ET28: Fully Confident | EU28: 2.79 | EV28: 15.418 | EW28: 16.12 | EX28: 5 | EY28: Interacting with Pinecone | Calcifer is interacting with a target pinecone. | EZ28: Fully Confident | FA28: 1.007 | FB28: 12.053 | FC28: 12.769 | FD28: 7 | FE28: Interacting with Pinecone | Calcifer is interacting with a target pinecone. | FF28: Fully Confident | FG28: 0.97 | FH28: 15.596 | FI28: 16.297 | FJ28: 7 | FK28: Waiting for Input | Calcifer is in standby mode, waiting for a command from you. | FL28: Fully Confident | FM28: 1.331 | FN28: 12.944 | FO28: 13.793 | FP28: 9 | FQ28: Interacting with Pinecone | Calcifer is interacting with a target pinecone. | FR28: Fully Confident | FS28: 4.839 | FT28: 12.164 | FU28: 13.192 | FV28: 5 | FW28: Interacting with Pinecone | Calcifer is interacting with a target pinecone. | FX28: Fully Confident | FY28: 1.301 | FZ28: 15.997 | GA28: 17.125 | GB28: 10 | GC28: Waiting for Input | Calcifer is in standby mode, waiting for a command from you. | GD28: Fully Confident | GE28: 3.871 | GF28: 16.534 | GG28: 17.599 | GH28: 6 | GI28: Interacting with Pinecone | Calcifer is interacting with a target pinecone. | GJ28: Fully Confident | GK28: 3.924 | GL28: 20.198 | GM28: 20.982 | GN28: 8 | GO28: Waiting for Input | Calcifer is in standby mode, waiting for a command from you. | GP28: Fully Confident | GQ28: 1.53 | GR28: 11.601 | GS28: 12.614 | GT28: 6 | GU28: Waiting for Input | Calcifer is in standby mode, waiting for a command from you. | GV28: Fully Confident | GW28: 10.764 | GX28: 14.827 | GY28: 15.542 | GZ28: 5 | HA28: Interacting with Pinecone | Calcifer is interacting with a target pinecone. | HB28: Fully Confident | HC28: 3.489 | HD28: 17.9 | HE28: 18.766 | HF28: 7 | HG28: Waiting for Input | Calcifer is in standby mode, waiting for a command from you. | HH28: Fully Confident | HI28: 1.062 | HJ28: 12.644 | HK28: 13.627 | HL28: 7 | HM28: Looking upward toward the user to see a command | HN28: None. Action was clear. | HO28: Looking downward and tilting body toward the pinecone on the ground | HP28: None. Action was clear. | HQ28: Looking downward and tilting body toward pinecone on the ground | HR28: It was hard to tell the difference between analyzing and found. Lowering entire body to the ground could have indicated a found pinecone | HS28: Staring straight a head. Lowering entire body slightly | HT28: Staring straight ahead and moving entire body up and down to attract attention | HU28: Tilted head and body | HV28: None. Action was clear. | HY28: 2 | HZ28: five_then_three | IA28: 12
A29: 45748.348 | B29: 45748.357 | C29: IP Address | D29: 207.148.150.66 | E29: 100 | F29: 765 | G29: True | H29: 45748.357 | I29: R_5Etk2Vhd8p7qT3t | N29: 50.9265 | O29: -113.9725 | P29: anonymous | Q29: EN | R29: 1 | S29: Yes | T29: Yes | U29: Yes | V29: Yes | W29: Technology (e.g. app developer) | X29: Dog,Cat,Bird | Y29: Nearly every day or more | Z29: Never | AA29: Never | AB29: Never | AC29: Waiting for Input | Calcifer is in standby mode, waiting for a command from you. | AD29: Somewhat Confident | AE29: 6.749 | AF29: 8.339 | AG29: 8.88 | AH29: 2 | AI29: Found Pinecone | Calcifer is signalling to you that it has found a suitable pinecone. | AJ29: Very Confident | AK29: 6.975 | AL29: 7.797 | AM29: 8.812 | AN29: 2 | AO29: Analyzing Pinecone | Calcifer is analyzing a target pinecone to assess its size. | AP29: Not Very Confident | AQ29: 5.997 | AR29: 6.831 | AS29: 8.573 | AT29: 2 | AU29: Error | Calcifer is signalling to you that it is experiencing a critical error. | AV29: Very Confident | AW29: 4.82 | AX29: 8.629 | AY29: 9.203 | AZ29: 4 | BA29: Error | Calcifer is signalling to you that it is experiencing a critical error. | BB29: Very Confident | BC29: 5.029 | BD29: 7.485 | BE29: 8.726 | BF29: 2 | BG29: Waiting for Input | Calcifer is in standby mode, waiting for a command from you. | BH29: Very Confident | BI29: 7.101 | BJ29: 10.244 | BK29: 10.461 | BL29: 3 | BM29: Found Pinecone | Calcifer is signalling to you that it has found a suitable pinecone. | BN29: Somewhat Confident | BO29: 8.169 | BP29: 19.839 | BQ29: 20.601 | BR29: 11 | BS29: Confused | Calcifer is signalling to you that it is confused and unsure what to do. | BT29: Not Very Confident | BU29: 7.364 | BV29: 8.431 | BW29: 9.168 | BX29: 2 | BY29: Error | Calcifer is signalling to you that it is experiencing a critical error. | BZ29: Very Confident | CA29: 7.421 | CB29: 8.264 | CC29: 8.927 | CD29: 2 | CE29: Confused | Calcifer is signalling to you that it is confused and unsure what to do. | CF29: Somewhat Confident | CG29: 5.943 | CH29: 7.143 | CI29: 8.549 | CJ29: 3 | CK29: Waiting for Input | Calcifer is in standby mode, waiting for a command from you. | CL29: Very Confident | CM29: 6.158 | CN29: 8.556 | CO29: 8.954 | CP29: 2 | CQ29: Waiting for Input | Calcifer is in standby mode, waiting for a command from you. | CR29: Not Very Confident | CS29: 5.211 | CT29: 17.081 | CU29: 18.186 | CV29: 4 | CW29: Error | Calcifer is signalling to you that it is experiencing a critical error. | CX29: Very Confident | CY29: 8.732 | CZ29: 12.377 | DA29: 13.808 | DB29: 5 | DC29: Confused | Calcifer is signalling to you that it is confused and unsure what to do. | DD29: Very Confident | DE29: 7.068 | DF29: 7.975 | DG29: 10.279 | DH29: 2 | DI29: Confused | Calcifer is signalling to you that it is confused and unsure what to do. | DJ29: Very Confident | DK29: 7.675 | DL29: 8.513 | DM29: 9.368 | DN29: 2 | DO29: Waiting for Input | Calcifer is in standby mode, waiting for a command from you. | DP29: Somewhat Confident | DQ29: 6.768 | DR29: 7.512 | DS29: 8.735 | DT29: 2 | DU29: Found Pinecone | Calcifer is signalling to you that it has found a suitable pinecone. | DV29: Somewhat Confident | DW29: 7.261 | DX29: 10.485 | DY29: 10.797 | DZ29: 3 | EA29: Waiting for Input | Calcifer is in standby mode, waiting for a command from you. | EB29: Very Confident | EC29: 6.026 | ED29: 6.949 | EE29: 8.955 | EF29: 2 | EG29: Error | Calcifer is signalling to you that it is experiencing a critical error. | EH29: Very Confident | EI29: 7.572 | EJ29: 9.19 | EK29: 9.493 | EL29: 4 | EM29: Confused | Calcifer is signalling to you that it is confused and unsure what to do. | EN29: Somewhat Confident | EO29: 7.789 | EP29: 9.741 | EQ29: 10.045 | ER29: 4 | ES29: Needs Help | Calcifer is signalling to you that it needs your help. | ET29: Very Confident | EU29: 9.312 | EV29: 10.308 | EW29: 10.907 | EX29: 2 | EY29: Waiting for Input | Calcifer is in standby mode, waiting for a command from you. | EZ29: Somewhat Confident | FA29: 23.228 | FB29: 30.793 | FC29: 31.442 | FD29: 2 | FE29: Needs Help | Calcifer is signalling to you that it needs your help. | FF29: Very Confident | FG29: 12.095 | FH29: 13.969 | FI29: 14.542 | FJ29: 2 | FK29: Waiting for Input | Calcifer is in standby mode, waiting for a command from you. | FL29: Very Confident | FM29: 8.167 | FN29: 11.066 | FO29: 11.629 | FP29: 2 | FQ29: Interacting with Pinecone | Calcifer is interacting with a target pinecone. | FR29: Very Confident | FS29: 7.061 | FT29: 8.114 | FU29: 9.042 | FV29: 2 | FW29: Needs Help | Calcifer is signalling to you that it needs your help. | FX29: Somewhat Confident | FY29: 6.487 | FZ29: 7.43 | GA29: 8.56 | GB29: 2 | GC29: Waiting for Input | Calcifer is in standby mode, waiting for a command from you. | GD29: Very Confident | GE29: 5.934 | GF29: 6.958 | GG29: 8.865 | GH29: 2 | GI29: Interacting with Pinecone | Calcifer is interacting with a target pinecone. | GJ29: Very Confident | GK29: 8.491 | GL29: 10.153 | GM29: 10.806 | GN29: 2 | GO29: Waiting for Input | Calcifer is in standby mode, waiting for a command from you. | GP29: Very Confident | GQ29: 9.529 | GR29: 10.729 | GS29: 11.312 | GT29: 2 | GU29: Waiting for Input | Calcifer is in standby mode, waiting for a command from you. | GV29: Very Confident | GW29: 8.785 | GX29: 9.57 | GY29: 10.554 | GZ29: 2 | HA29: Interacting with Pinecone | Calcifer is interacting with a target pinecone. | HB29: Very Confident | HC29: 6.83 | HD29: 9.959 | HE29: 10.426 | HF29: 5 | HG29: Needs Help | Calcifer is signalling to you that it needs your help. | HH29: Very Confident | HI29: 7.373 | HJ29: 8.41 | HK29: 9.163 | HL29: 2 | HM29: looking "into eyes" | HN29: look into my eyes | HO29: looking on the pinecone with its front part lower than its back part | HP29: it was doing it clearly | HQ29: looking on pinecone | HR29: first look on the pinecone then look into my eyes | HS29: shaking | HT29: shaking | HU29: get into a bit weird pose | HV29: It was clear in videos | HY29: 2 | HZ29: three_then_five | IA29: 20
A30: 45748.344 | B30: 45748.357 | C30: IP Address | D30: 24.66.134.148 | E30: 100 | F30: 1130 | G30: True | H30: 45748.357 | I30: R_5CwHPdnJm0Q5exI | N30: 51.0455 | O30: -114.1988 | P30: anonymous | Q30: EN | R30: 0.80000001 | S30: Yes | T30: Yes | U30: Yes | V30: Yes | W30: Engineering (e.g. design, consulting) | X30: Dog | Y30: Nearly every day or more | Z30: Less than once per month | AA30: Never | AB30: Less than once per month | AC30: Waiting for Input | Calcifer is in standby mode, waiting for a command from you. | AD30: Very Confident | AE30: 3.513 | AF30: 8.649 | AG30: 8.947 | AH30: 3 | AI30: Analyzing Pinecone | Calcifer is analyzing a target pinecone to assess its size. | AJ30: Very Confident | AK30: 4.14 | AL30: 5.682 | AM30: 8.617 | AN30: 3 | AO30: Analyzing Pinecone | Calcifer is analyzing a target pinecone to assess its size. | AP30: Very Confident | AQ30: 1.834 | AR30: 5.779 | AS30: 11.838 | AT30: 2 | AU30: Error | Calcifer is signalling to you that it is experiencing a critical error. | AV30: Very Confident | AW30: 8.656 | AX30: 12.187 | AY30: 13.301 | AZ30: 3 | BA30: Error | Calcifer is signalling to you that it is experiencing a critical error. | BB30: Very Confident | BC30: 4.48 | BD30: 6.196 | BE30: 9.126 | BF30: 2 | BG30: Waiting for Input | Calcifer is in standby mode, waiting for a command from you. | BH30: Very Confident | BI30: 7.626 | BJ30: 9.866 | BK30: 10.566 | BL30: 3 | BM30: Analyzing Pinecone | Calcifer is analyzing a target pinecone to assess its size. | BN30: Somewhat Confident | BO30: 5.049 | BP30: 11.286 | BQ30: 16.745 | BR30: 2 | BS30: Found Pinecone | Calcifer is signalling to you that it has found a suitable pinecone. | BT30: Somewhat Confident | BU30: 1.666 | BV30: 8.755 | BW30: 11.093 | BX30: 2 | BY30: Error | Calcifer is signalling to you that it is experiencing a critical error. | BZ30: Very Confident | CA30: 4.46 | CB30: 6.226 | CC30: 8.624 | CD30: 2 | CE30: Confused | Calcifer is signalling to you that it is confused and unsure what to do. | CF30: Somewhat Confident | CG30: 5.444 | CH30: 6.769 | CI30: 8.641 | CJ30: 2 | CK30: Waiting for Input | Calcifer is in standby mode, waiting for a command from you. | CL30: Very Confident | CM30: 10.811 | CN30: 12.654 | CO30: 13.473 | CP30: 2 | CQ30: Analyzing Pinecone | Calcifer is analyzing a target pinecone to assess its size. | CR30: Somewhat Confident | CS30: 2.061 | CT30: 10.863 | CU30: 12.442 | CV30: 2 | CW30: Found Pinecone | Calcifer is signalling to you that it has found a suitable pinecone. | CX30: Not Very Confident | CY30: 6.081 | CZ30: 12.351 | DA30: 13.142 | DB30: 4 | DC30: Error | Calcifer is signalling to you that it is experiencing a critical error. | DD30: Very Confident | DE30: 4.389 | DF30: 11.51 | DG30: 12.455 | DH30: 3 | DI30: Confused | Calcifer is signalling to you that it is confused and unsure what to do. | DJ30: Very Confident | DK30: 5.001 | DL30: 5.939 | DM30: 8.684 | DN30: 2 | DO30: Waiting for Input | Calcifer is in standby mode, waiting for a command from you. | DP30: Very Confident | DQ30: 3.923 | DR30: 5.705 | DS30: 9.393 | DT30: 2 | DU30: Analyzing Pinecone | Calcifer is analyzing a target pinecone to assess its size. | DV30: Somewhat Confident | DW30: 2.013 | DX30: 4.097 | DY30: 10.533 | DZ30: 2 | EA30: Found Pinecone | Calcifer is signalling to you that it has found a suitable pinecone. | EB30: Very Confident | EC30: 2.487 | ED30: 5.684 | EE30: 8.865 | EF30: 2 | EG30: Error | Calcifer is signalling to you that it is experiencing a critical error. | EH30: Very Confident | EI30: 4.902 | EJ30: 8.872 | EK30: 9.759 | EL30: 2 | EM30: Confused | Calcifer is signalling to you that it is confused and unsure what to do. | EN30: Very Confident | EO30: 5.142 | EP30: 6.78 | EQ30: 8.76 | ER30: 2 | ES30: Waiting for Input | Calcifer is in standby mode, waiting for a command from you. | ET30: Very Confident | EU30: 3.399 | EV30: 8.577 | EW30: 9.095 | EX30: 3 | EY30: Interacting with Pinecone | Calcifer is interacting with a target pinecone. | EZ30: Somewhat Confident | FA30: 2.25 | FB30: 4.017 | FC30: 9.2 | FD30: 2 | FE30: Needs Help | Calcifer is signalling to you that it needs your help. | FF30: Somewhat Confident | FG30: 6.589 | FH30: 9.741 | FI30: 10.682 | FJ30: 2 | FK30: Waiting for Input | Calcifer is in standby mode, waiting for a command from you. | FL30: Very Confident | FM30: 5.355 | FN30: 6.803 | FO30: 8.641 | FP30: 2 | FQ30: Interacting with Pinecone | Calcifer is interacting with a target pinecone. | FR30: Very Confident | FS30: 4.983 | FT30: 6.541 | FU30: 9.888 | FV30: 2 | FW30: Needs Help | Calcifer is signalling to you that it needs your help. | FX30: Very Confident | FY30: 3.917 | FZ30: 5.462 | GA30: 8.677 | GB30: 2 | GC30: Waiting for Input | Calcifer is in standby mode, waiting for a command from you. | GD30: Very Confident | GE30: 5.666 | GF30: 6.648 | GG30: 9.095 | GH30: 2 | GI30: Interacting with Pinecone | Calcifer is interacting with a target pinecone. | GJ30: Fully Confident | GK30: 1.674 | GL30: 8.604 | GM30: 8.939 | GN30: 4 | GO30: Needs Help | Calcifer is signalling to you that it needs your help. | GP30: Very Confident | GQ30: 3.681 | GR30: 6.476 | GS30: 8.547 | GT30: 4 | GU30: Waiting for Input | Calcifer is in standby mode, waiting for a command from you. | GV30: Very Confident | GW30: 5.157 | GX30: 8.07 | GY30: 9.859 | GZ30: 2 | HA30: Interacting with Pinecone | Calcifer is interacting with a target pinecone. | HB30: Very Confident | HC30: 17.634 | HD30: 25.863 | HE30: 26.563 | HF30: 4 | HG30: Interacting with Pinecone | Calcifer is interacting with a target pinecone. | HH30: Not Very Confident | HI30: 7.062 | HJ30: 22.419 | HK30: 23.27 | HL30: 4 | HM30: The robot was still. Not moving too much. Looking at the camera | HN30: The robot should not move, or maybe even laid down on the ground. | HO30: When the robot was looking closely at the pinecone, having its head face the pinecone. | HP30: It would be very clear iif the robot had some sort of status light on its back to show red if it was bad or green if it was good. | HQ30: When the robot stood proud facing the pinecone. This was a harder state to figure out because it seems like it should be the same things as analyzing the pinecone for the body position. | HR30: Described above, if the robot had a status light on its back that was red, green, yellow, or something to show yes/no, this second indicator would help a lot. | HS30: When the robot was shaking its body, it moved kinda unnaturally. | HT30: The robot could have perhaps had some sort of error sound or alert sound. | HU30: When the robot tilted its head to the side calmly, this reminded me of how a real dog does it | HV30: I think when the robot tilted its head in the videos that was very good at showing it was confused. It made sense because this is what a real dog does when it is confused. | HW30: this was fun! Much easier than the last study when we had to pick all the parts of the robots body language ourselves. | HY30: 2 | HZ30: three_then_five | IA30: 20
A31: 45748.364 | B31: 45748.376 | C31: IP Address | D31: 49.183.116.48 | E31: 100 | F31: 1037 | G31: True | H31: 45748.376 | I31: R_3hBOcgFbUtv0NFf | N31: -37.8159 | O31: 144.9669 | P31: anonymous | Q31: EN | R31: 1 | S31: Yes | T31: Yes | U31: Yes | V31: Yes | W31: Academic (e.g. student, teacher) | X31: Dog,Bird,Fish | Y31: Nearly every day or more | Z31: A few times per month | AA31: Never | AB31: Less than once per month | AC31: Waiting for Input | Calcifer is in standby mode, waiting for a command from you. | AD31: Fully Confident | AE31: 7.028 | AF31: 9.089 | AG31: 10.256 | AH31: 2 | AI31: Found Pinecone | Calcifer is signalling to you that it has found a suitable pinecone. | AJ31: Fully Confident | AK31: 8.882 | AL31: 10.473 | AM31: 11.712 | AN31: 2 | AO31: Found Pinecone | Calcifer is signalling to you that it has found a suitable pinecone. | AP31: Fully Confident | AQ31: 11.281 | AR31: 12.936 | AS31: 15.957 | AT31: 2 | AU31: Found Pinecone | Calcifer is signalling to you that it has found a suitable pinecone. | AV31: Not Confident at All | AW31: 13.702 | AX31: 22.165 | AY31: 25.282 | AZ31: 3 | BA31: Found Pinecone | Calcifer is signalling to you that it has found a suitable pinecone. | BB31: Not Confident at All | BC31: 13.58 | BD31: 22.128 | BE31: 25.431 | BF31: 3 | BG31: Waiting for Input | Calcifer is in standby mode, waiting for a command from you. | BH31: Very Confident | BI31: 7.473 | BJ31: 9.504 | BK31: 10.657 | BL31: 2 | BM31: Found Pinecone | Calcifer is signalling to you that it has found a suitable pinecone. | BN31: Very Confident | BO31: 8.263 | BP31: 9.642 | BQ31: 10.813 | BR31: 2 | BS31: Analyzing Pinecone | Calcifer is analyzing a target pinecone to assess its size. | BT31: Very Confident | BU31: 22.771 | BV31: 39.409 | BW31: 41.212 | BX31: 2 | BY31: Found Pinecone | Calcifer is signalling to you that it has found a suitable pinecone. | BZ31: Not Very Confident | CA31: 14.13 | CB31: 22.858 | CC31: 26.631 | CD31: 3 | CE31: Confused | Calcifer is signalling to you that it is confused and unsure what to do. | CF31: Somewhat Confident | CG31: 9.575 | CH31: 11.661 | CI31: 13.397 | CJ31: 2 | CK31: Waiting for Input | Calcifer is in standby mode, waiting for a command from you. | CL31: Somewhat Confident | CM31: 5.917 | CN31: 8.412 | CO31: 9.872 | CP31: 2 | CQ31: Found Pinecone | Calcifer is signalling to you that it has found a suitable pinecone. | CR31: Fully Confident | CS31: 8.483 | CT31: 10.331 | CU31: 11.366 | CV31: 2 | CW31: Waiting for Input | Calcifer is in standby mode, waiting for a command from you. | CX31: Not Confident at All | CY31: 22.947 | CZ31: 24.276 | DA31: 25.917 | DB31: 2 | DC31: Waiting for Input | Calcifer is in standby mode, waiting for a command from you. | DD31: Somewhat Confident | DE31: 7.018 | DF31: 9.308 | DG31: 11.063 | DH31: 2 | DI31: Confused | Calcifer is signalling to you that it is confused and unsure what to do. | DJ31: Very Confident | DK31: 11.413 | DL31: 13.234 | DM31: 14.847 | DN31: 2 | DO31: Waiting for Input | Calcifer is in standby mode, waiting for a command from you. | DP31: Very Confident | DQ31: 9.778 | DR31: 13.855 | DS31: 18.001 | DT31: 2 | DU31: Found Pinecone | Calcifer is signalling to you that it has found a suitable pinecone. | DV31: Fully Confident | DW31: 9.388 | DX31: 14.146 | DY31: 15.325 | DZ31: 3 | EA31: Found Pinecone | Calcifer is signalling to you that it has found a suitable pinecone. | EB31: Very Confident | EC31: 8.247 | ED31: 28.797 | EE31: 36.264 | EF31: 3 | EG31: Waiting for Input | Calcifer is in standby mode, waiting for a command from you. | EH31: Somewhat Confident | EI31: 15.291 | EJ31: 16.982 | EK31: 21.404 | EL31: 2 | EM31: Confused | Calcifer is signalling to you that it is confused and unsure what to do. | EN31: Somewhat Confident | EO31: 11.265 | EP31: 13.235 | EQ31: 24.245 | ER31: 2 | ES31: Waiting for Input | Calcifer is in standby mode, waiting for a command from you. | ET31: Fully Confident | EU31: 7.565 | EV31: 9.229 | EW31: 10.379 | EX31: 2 | EY31: Interacting with Pinecone | Calcifer is interacting with a target pinecone. | EZ31: Fully Confident | FA31: 6.89 | FB31: 8.824 | FC31: 9.879 | FD31: 2 | FE31: Interacting with Pinecone | Calcifer is interacting with a target pinecone. | FF31: Fully Confident | FG31: 7.986 | FH31: 11.487 | FI31: 12.627 | FJ31: 2 | FK31: Waiting for Input | Calcifer is in standby mode, waiting for a command from you. | FL31: Very Confident | FM31: 5.973 | FN31: 8.236 | FO31: 10.039 | FP31: 2 | FQ31: Interacting with Pinecone | Calcifer is interacting with a target pinecone. | FR31: Fully Confident | FS31: 6.187 | FT31: 8.062 | FU31: 9.763 | FV31: 2 | FW31: Interacting with Pinecone | Calcifer is interacting with a target pinecone. | FX31: Not Very Confident | FY31: 14.117 | FZ31: 16.131 | GA31: 17.73 | GB31: 2 | GC31: Waiting for Input | Calcifer is in standby mode, waiting for a command from you. | GD31: Fully Confident | GE31: 5.74 | GF31: 7.325 | GG31: 9.619 | GH31: 2 | GI31: Interacting with Pinecone | Calcifer is interacting with a target pinecone. | GJ31: Fully Confident | GK31: 6.483 | GL31: 9.129 | GM31: 10.364 | GN31: 2 | GO31: Waiting for Input | Calcifer is in standby mode, waiting for a command from you. | GP31: Not Very Confident | GQ31: 7.378 | GR31: 13.734 | GS31: 15.602 | GT31: 2 | GU31: Waiting for Input | Calcifer is in standby mode, waiting for a command from you. | GV31: Fully Confident | GW31: 5.215 | GX31: 7.255 | GY31: 9.178 | GZ31: 2 | HA31: Interacting with Pinecone | Calcifer is interacting with a target pinecone. | HB31: Fully Confident | HC31: 5.5 | HD31: 7.377 | HE31: 9.614 | HF31: 2 | HG31: Waiting for Input | Calcifer is in standby mode, waiting for a command from you. | HH31: Fully Confident | HI31: 5.399 | HJ31: 8.197 | HK31: 9.622 | HL31: 2 | HM31: head tilted up, back down | HN31: remain still instead of moving | HO31: head down - slight sideways movements, back up | HP31: the robot's actions seemed clear | HQ31: head down, back up, remained still | HR31: the robot's actions seemed clear | HS31: wasn't sure | HT31: jerky movements (jumping up/down) and sort of malfunctioning | HU31: head up tilted sideways, back down | HV31: the robot's actions seemed clear | HW31: i wasn't sure if the robot is excitedly waiting for input or informing of an error | HY31: 2 | HZ31: five_then_three | IA31: 12
A32: 45748.365 | B32: 45748.382 | C32: IP Address | D32: 72.143.238.74 | E32: 100 | F32: 1490 | G32: True | H32: 45748.382 | I32: R_5oG7bKZ1JC669He | N32: 49.2476 | O32: -123.1234 | P32: anonymous | Q32: EN | R32: 1 | S32: Yes | T32: Yes | U32: Yes | V32: Yes | W32: Engineering (e.g. design, consulting) | X32: No | Y32: Nearly every day or more | Z32: Never | AA32: Less than once per month | AB32: Never | AC32: Waiting for Input | Calcifer is in standby mode, waiting for a command from you. | AD32: Very Confident | AE32: 9.779 | AF32: 13.489 | AG32: 14.256 | AH32: 6 | AI32: Analyzing Pinecone | Calcifer is analyzing a target pinecone to assess its size. | AJ32: Very Confident | AK32: 7.251 | AL32: 10.767 | AM32: 11.324 | AN32: 5 | AO32: Analyzing Pinecone | Calcifer is analyzing a target pinecone to assess its size. | AP32: Somewhat Confident | AQ32: 21.622 | AR32: 23.826 | AS32: 24.619 | AT32: 4 | AU32: Error | Calcifer is signalling to you that it is experiencing a critical error. | AV32: Very Confident | AW32: 24.665 | AX32: 26.9 | AY32: 27.501 | AZ32: 5 | BA32: Error | Calcifer is signalling to you that it is experiencing a critical error. | BB32: Somewhat Confident | BC32: 12.416 | BD32: 22.462 | BE32: 23.056 | BF32: 5 | BG32: Waiting for Input | Calcifer is in standby mode, waiting for a command from you. | BH32: Very Confident | BI32: 7.83 | BJ32: 9.37 | BK32: 9.882 | BL32: 3 | BM32: Analyzing Pinecone | Calcifer is analyzing a target pinecone to assess its size. | BN32: Very Confident | BO32: 0.325 | BP32: 13.492 | BQ32: 14.082 | BR32: 5 | BS32: Waiting for Input | Calcifer is in standby mode, waiting for a command from you. | BT32: Very Confident | BU32: 19.995 | BV32: 23.424 | BW32: 23.992 | BX32: 5 | BY32: Error | Calcifer is signalling to you that it is experiencing a critical error. | BZ32: Very Confident | CA32: 6.605 | CB32: 8.228 | CC32: 8.815 | CD32: 4 | CE32: Confused | Calcifer is signalling to you that it is confused and unsure what to do. | CF32: Very Confident | CG32: 16.979 | CH32: 19.189 | CI32: 19.837 | CJ32: 4 | CK32: Waiting for Input | Calcifer is in standby mode, waiting for a command from you. | CL32: Somewhat Confident | CM32: 2.661 | CN32: 15.847 | CO32: 16.978 | CP32: 6 | CQ32: Analyzing Pinecone | Calcifer is analyzing a target pinecone to assess its size. | CR32: Very Confident | CS32: 5.89 | CT32: 8.009 | CU32: 8.622 | CV32: 4 | CW32: Waiting for Input | Calcifer is in standby mode, waiting for a command from you. | CX32: Very Confident | CY32: 8.099 | CZ32: 9.87 | DA32: 10.361 | DB32: 5 | DC32: Error | Calcifer is signalling to you that it is experiencing a critical error. | DD32: Very Confident | DE32: 7.465 | DF32: 9.62 | DG32: 10.041 | DH32: 5 | DI32: Confused | Calcifer is signalling to you that it is confused and unsure what to do. | DJ32: Somewhat Confident | DK32: 28.344 | DL32: 31.012 | DM32: 32.074 | DN32: 5 | DO32: Waiting for Input | Calcifer is in standby mode, waiting for a command from you. | DP32: Very Confident | DQ32: 3.959 | DR32: 6.739 | DS32: 8.623 | DT32: 5 | DU32: Analyzing Pinecone | Calcifer is analyzing a target pinecone to assess its size. | DV32: Somewhat Confident | DW32: 11.996 | DX32: 14.239 | DY32: 15.023 | DZ32: 5 | EA32: Found Pinecone | Calcifer is signalling to you that it has found a suitable pinecone. | EB32: Somewhat Confident | EC32: 10.425 | ED32: 13.237 | EE32: 13.93 | EF32: 5 | EG32: Error | Calcifer is signalling to you that it is experiencing a critical error. | EH32: Very Confident | EI32: 8.63 | EJ32: 15.041 | EK32: 15.577 | EL32: 4 | EM32: Confused | Calcifer is signalling to you that it is confused and unsure what to do. | EN32: Very Confident | EO32: 8.611 | EP32: 10.099 | EQ32: 10.986 | ER32: 3 | ES32: Needs Help | Calcifer is signalling to you that it needs your help. | ET32: Somewhat Confident | EU32: 19.615 | EV32: 128.901 | EW32: 129.368 | EX32: 7 | EY32: Interacting with Pinecone | Calcifer is interacting with a target pinecone. | EZ32: Very Confident | FA32: 2.695 | FB32: 8.293 | FC32: 8.812 | FD32: 10 | FE32: Waiting for Input | Calcifer is in standby mode, waiting for a command from you. | FF32: Very Confident | FG32: 6.992 | FH32: 11.943 | FI32: 12.468 | FJ32: 10 | FK32: Interacting with Pinecone | Calcifer is interacting with a target pinecone. | FL32: Somewhat Confident | FM32: 1.502 | FN32: 8.401 | FO32: 9.034 | FP32: 15 | FQ32: Interacting with Pinecone | Calcifer is interacting with a target pinecone. | FR32: Somewhat Confident | FS32: 2.351 | FT32: 10.287 | FU32: 10.879 | FV32: 5 | FW32: Waiting for Input | Calcifer is in standby mode, waiting for a command from you. | FX32: Not Very Confident | FY32: 17.351 | FZ32: 46.387 | GA32: 47.038 | GB32: 7 | GC32: Waiting for Input | Calcifer is in standby mode, waiting for a command from you. | GD32: Somewhat Confident | GE32: 8.332 | GF32: 11.004 | GG32: 11.532 | GH32: 5 | GI32: Interacting with Pinecone | Calcifer is interacting with a target pinecone. | GJ32: Somewhat Confident | GK32: 6.023 | GL32: 10.215 | GM32: 10.7 | GN32: 7 | GO32: Waiting for Input | Calcifer is in standby mode, waiting for a command from you. | GP32: Somewhat Confident | GQ32: 77.932 | GR32: 85.67 | GS32: 86.194 | GT32: 9 | GU32: Waiting for Input | Calcifer is in standby mode, waiting for a command from you. | GV32: Somewhat Confident | GW32: 59.407 | GX32: 82.226 | GY32: 82.797 | GZ32: 6 | HA32: Interacting with Pinecone | Calcifer is interacting with a target pinecone. | HB32: Not Very Confident | HC32: 7.841 | HD32: 12.937 | HE32: 13.415 | HF32: 8 | HG32: Interacting with Pinecone | Calcifer is interacting with a target pinecone. | HH32: Not Very Confident | HI32: 45.179 | HJ32: 48.821 | HK32: 49.238 | HL32: 6 | HM32: No response | HN32: Looking up | HO32: Focusing on it | HP32: Focusing and approaching it | HQ32: N/A | HR32: Moving its body while watching the pinecone | HS32: Shaking its body | HT32: Shaking its body | HU32: Twisting its head | HV32: Twisting its head | HY32: 2 | HZ32: three_then_five | IA32: 20
