Workbook

Sheet PROXY_SENSITIV_ANLYS_RESULT
B2: MEAN ABSOLUTE ERROR (MAE) =AVERAGE(ABS(seriesA -seriesB)) | J2: MEAN ABSOLUTE ALIGNMENT (MAA = 1 - MAE) =1 - (AVERAGE(ABS(seriesA -seriesB)))
B3: Values represent error between human responses and LLM proxy. | D3: Omission Probability (OP) Internal parameter for accuracy proxy | J3: Values represent alignment between human responses and LLM proxy. | L3: Omission Probability (OP) Internal parameter for accuracy proxy
D4: 0.1 | E4: 0.3 | F4: 0.5 | G4: 0.7 | H4: 0.9 | L4: 0.1 | M4: 0.3 | N4: 0.5 | O4: 0.7 | P4: 0.9
B5: Reasoning OpenAI API paramter for GPT models 5+ | C5: none | D5: =PROXY_SENSITIV_ANLYS_DATA!Q94 -> 0.13074074 | E5: =PROXY_SENSITIV_ANLYS_DATA!T94 -> 0.1237037 | F5: =PROXY_SENSITIV_ANLYS_DATA!W94 -> 0.11481481 | G5: =PROXY_SENSITIV_ANLYS_DATA!Z94 -> 0.15518519 | H5: =PROXY_SENSITIV_ANLYS_DATA!AC94 -> 0.2412963 | J5: Reasoning OpenAI API paramter for GPT models 5+ | K5: none | L5: =1-PROXY_SENSITIV_ANLYS_DATA!Q94 -> 0.86925926 | M5: =1-PROXY_SENSITIV_ANLYS_DATA!T94 -> 0.8762963 | N5: =1-PROXY_SENSITIV_ANLYS_DATA!W94 -> 0.88518519 | O5: =1-PROXY_SENSITIV_ANLYS_DATA!Z94 -> 0.84481481 | P5: =1-PROXY_SENSITIV_ANLYS_DATA!AC94 -> 0.7587037
C6: low | D6: =PROXY_SENSITIV_ANLYS_DATA!AF94 -> 0.14037037 | E6: =PROXY_SENSITIV_ANLYS_DATA!AI94 -> 0.11351852 | F6: =PROXY_SENSITIV_ANLYS_DATA!AL94 -> 0.097222222 | G6: =PROXY_SENSITIV_ANLYS_DATA!AO94 -> 0.12407407 | H6: =PROXY_SENSITIV_ANLYS_DATA!AR94 -> 0.22351852 | K6: low | L6: =1-PROXY_SENSITIV_ANLYS_DATA!AF94 -> 0.85962963 | M6: =1-PROXY_SENSITIV_ANLYS_DATA!AI94 -> 0.88648148 | N6: =1-PROXY_SENSITIV_ANLYS_DATA!AL94 -> 0.90277778 | O6: =1-PROXY_SENSITIV_ANLYS_DATA!AO94 -> 0.87592593 | P6: =1-PROXY_SENSITIV_ANLYS_DATA!AR94 -> 0.77648148
C7: medium | D7: =PROXY_SENSITIV_ANLYS_DATA!AU94 -> 0.14851852 | E7: =PROXY_SENSITIV_ANLYS_DATA!AX94 -> 0.11944444 | F7: =AVERAGE(PROXY_SENSITIV_ANLYS_DATA!BA94,PROXY_SENSITIV_ANLYS_DATA!G94,PROXY_SENSITIV_ANLYS_DATA!J94,PROXY_SENSITIV_ANLYS_DATA!M94) -> 0.095972222 | G7: =PROXY_SENSITIV_ANLYS_DATA!BD94 -> 0.13425926 | H7: =PROXY_SENSITIV_ANLYS_DATA!BG94 -> 0.24444444 | K7: medium | L7: =1-PROXY_SENSITIV_ANLYS_DATA!AU94 -> 0.85148148 | M7: =1-PROXY_SENSITIV_ANLYS_DATA!AX94 -> 0.88055556 | N7: =1-AVERAGE(PROXY_SENSITIV_ANLYS_DATA!BA94,PROXY_SENSITIV_ANLYS_DATA!G94,PROXY_SENSITIV_ANLYS_DATA!J94,PROXY_SENSITIV_ANLYS_DATA!M94) -> 0.90402778 | O7: =1-PROXY_SENSITIV_ANLYS_DATA!BD94 -> 0.86574074 | P7: =1-PROXY_SENSITIV_ANLYS_DATA!BG94 -> 0.75555556
E9: Values we used for the pilot experiment | M9: Values we used for the pilot experiment
B11: ROOT MEAN SQUARED ERROR (RMSE) =SQRT( AVERAGE( (seriesA -seriesB)^2 ) ) | J11: ROOT MEAN SQUARED ALIGNMENT (1 - RMSE) =1 - (SQRT( AVERAGE( (seriesA -seriesB)^2 ) ))
B12: Values represent error between human responses and LLM proxy. | D12: Omission Probability (OP) Internal parameter for accuracy proxy | J12: Values represent alignment between human responses and LLM proxy. | L12: Omission Probability (OP) Internal parameter for accuracy proxy
D13: 0.1 | E13: 0.3 | F13: 0.5 | G13: 0.7 | H13: 0.9 | L13: 0.1 | M13: 0.3 | N13: 0.5 | O13: 0.7 | P13: 0.9
B14: Reasoning OpenAI API paramter for GPT models 5+ | C14: none | D14: =PROXY_SENSITIV_ANLYS_DATA!Q95 -> 0.20655911 | E14: =PROXY_SENSITIV_ANLYS_DATA!T95 -> 0.18479218 | F14: =PROXY_SENSITIV_ANLYS_DATA!W95 -> 0.16555183 | G14: =PROXY_SENSITIV_ANLYS_DATA!Z95 -> 0.21743454 | H14: =PROXY_SENSITIV_ANLYS_DATA!AC95 -> 0.35319966 | J14: Reasoning OpenAI API paramter for GPT models 5+ | K14: none | L14: =1-PROXY_SENSITIV_ANLYS_DATA!Q95 -> 0.79344089 | M14: =1-PROXY_SENSITIV_ANLYS_DATA!T95 -> 0.81520782 | N14: =1-PROXY_SENSITIV_ANLYS_DATA!W95 -> 0.83444817 | O14: =1-PROXY_SENSITIV_ANLYS_DATA!Z95 -> 0.78256546 | P14: =1-PROXY_SENSITIV_ANLYS_DATA!AC95 -> 0.64680034
C15: low | D15: =PROXY_SENSITIV_ANLYS_DATA!AF95 -> 0.22599574 | E15: =PROXY_SENSITIV_ANLYS_DATA!AI95 -> 0.17355221 | F15: =PROXY_SENSITIV_ANLYS_DATA!AL95 -> 0.1485423 | G15: =PROXY_SENSITIV_ANLYS_DATA!AO95 -> 0.18002057 | H15: =PROXY_SENSITIV_ANLYS_DATA!AR95 -> 0.32802721 | K15: low | L15: =1-PROXY_SENSITIV_ANLYS_DATA!AF95 -> 0.77400426 | M15: =1-PROXY_SENSITIV_ANLYS_DATA!AI95 -> 0.82644779 | N15: =1-PROXY_SENSITIV_ANLYS_DATA!AL95 -> 0.8514577 | O15: =1-PROXY_SENSITIV_ANLYS_DATA!AO95 -> 0.81997943 | P15: =1-PROXY_SENSITIV_ANLYS_DATA!AR95 -> 0.67197279
C16: medium | D16: =PROXY_SENSITIV_ANLYS_DATA!AU95 -> 0.23005635 | E16: =PROXY_SENSITIV_ANLYS_DATA!AX95 -> 0.17828919 | F16: =PROXY_SENSITIV_ANLYS_DATA!BA95 -> 0.14621775 | G16: =PROXY_SENSITIV_ANLYS_DATA!BD95 -> 0.1917029 | H16: =PROXY_SENSITIV_ANLYS_DATA!BG95 -> 0.36479319 | K16: medium | L16: =1-PROXY_SENSITIV_ANLYS_DATA!AU95 -> 0.76994365 | M16: =1-PROXY_SENSITIV_ANLYS_DATA!AX95 -> 0.82171081 | N16: =1-PROXY_SENSITIV_ANLYS_DATA!BA95 -> 0.85378225 | O16: =1-PROXY_SENSITIV_ANLYS_DATA!BD95 -> 0.8082971 | P16: =1-PROXY_SENSITIV_ANLYS_DATA!BG95 -> 0.63520681
E18: Values we used for the pilot experiment | M18: Values we used for the pilot experiment

Sheet PROXY_SENSITIV_ANLYS_DATA
A1: CONDITION | B1: REAL STATE | C1: STATE SELECTION OPTIONS | D1: SURVEY 03 | F1: BASELINE | Reproduce 01 | I1: BASELINE | Reproduce 02 | L1: BASELINE | Reproduce 03 | P1: ID 20 | OP = 0.1 | REASON = none | S1: ID 21 | OP = 0.3 | REASON = none | V1: ID 22 | OP = 0.5 | REASON = none | Y1: ID 23 | OP = 0.7 | REASON = none | AB1: ID 24 | OP = 0.9 | REASON = none | AE1: ID 25 | OP = 0.1 | REASON = low | AH1: ID 26 | OP = 0.3 | REASON = low | AK1: ID 27 | OP = 0.5 | REASON = low | AN1: ID 28 | OP = 0.7 | REASON = low | AQ1: ID 29 | OP = 0.9 | REASON = low | AT1: ID 30 | OP = 0.1 | REASON = medium | AW1: ID 31 | OP = 0.3 | REASON = medium | AZ1: ID 32 | OP = 0.5 | REASON = medium | BC1: ID 33 | OP = 0.7 | REASON = medium | BF1: ID 34 | OP = 0.9 | REASON = medium
D2: HUMAN RESPONSE (%) | F2: PROXY RESPONSE (%) | G2: ABS DELTA | I2: PROXY RESPONSE (%) | J2: ABS DELTA | L2: PROXY RESPONSE (%) | M2: ABS DELTA | P2: PROXY RESPONSE (%) | Q2: ABS DELTA | S2: PROXY RESPONSE (%) | T2: ABS DELTA | V2: PROXY RESPONSE (%) | W2: ABS DELTA | Y2: PROXY RESPONSE (%) | Z2: ABS DELTA | AB2: PROXY RESPONSE (%) | AC2: ABS DELTA | AE2: PROXY RESPONSE (%) | AF2: ABS DELTA | AH2: PROXY RESPONSE (%) | AI2: ABS DELTA | AK2: PROXY RESPONSE (%) | AL2: ABS DELTA | AN2: PROXY RESPONSE (%) | AO2: ABS DELTA | AQ2: PROXY RESPONSE (%) | AR2: ABS DELTA | AT2: PROXY RESPONSE (%) | AU2: ABS DELTA | AW2: PROXY RESPONSE (%) | AX2: ABS DELTA | AZ2: PROXY RESPONSE (%) | BA2: ABS DELTA | BC2: PROXY RESPONSE (%) | BD2: ABS DELTA | BF2: PROXY RESPONSE (%) | BG2: ABS DELTA
A3: GPT4 | B3: Waiting for Input | C3: Waiting for Input | D3: =COUNTIFS(STUDY03_DATA!C:C,A3,STUDY03_DATA!D:D,B3,STUDY03_DATA!F:F,C3)/'META DATA'!$B$2 -> 0.73333333 | F3: {=LLM_WFI_14!S2:S7} -> 0.7 | G3: =ABS($D3-F3) -> 0.033333333 | I3: {=LLM_WFI_18!S2:S7} -> 0.7 | J3: =ABS($D3-I3) -> 0.033333333 | L3: {=LLM_WFI_19!S2:S7} -> 0.75 | M3: =ABS($D3-L3) -> 0.016666667 | P3: {=LLM_WFI_20!S2:S7} -> 0.8 | Q3: =ABS($D3-P3) -> 0.066666667 | S3: {=LLM_WFI_21!S2:S7} -> 0.9 | T3: =ABS($D3-S3) -> 0.16666667 | V3: {=LLM_WFI_22!S2:S7} -> 0.3 | W3: =ABS($D3-V3) -> 0.43333333 | Y3: {=LLM_WFI_23!S2:S7} -> 0.2 | Z3: =ABS($D3-Y3) -> 0.53333333 | AB3: {=LLM_WFI_24!S2:S7} -> 0.2 | AC3: =ABS($D3-AB3) -> 0.53333333 | AE3: {=LLM_WFI_25!S2:S7} -> 0.85 | AF3: =ABS($D3-AE3) -> 0.11666667 | AH3: {=LLM_WFI_26!S2:S7} -> 0.95 | AI3: =ABS($D3-AH3) -> 0.21666667 | AK3: {=LLM_WFI_27!S2:S7} -> 0.45 | AL3: =ABS($D3-AK3) -> 0.28333333 | AN3: {=LLM_WFI_28!S2:S7} -> 0.55 | AO3: =ABS($D3-AN3) -> 0.18333333 | AQ3: {=LLM_WFI_29!S2:S7} -> 0.1 | AR3: =ABS($D3-AQ3) -> 0.63333333 | AT3: {=LLM_WFI_30!S2:S7} -> 0.95 | AU3: =ABS($D3-AT3) -> 0.21666667 | AW3: {=LLM_WFI_31!S2:S7} -> 0.85 | AX3: =ABS($D3-AW3) -> 0.11666667 | AZ3: {=LLM_WFI_32!S2:S7} -> 0.5 | BA3: =ABS($D3-AZ3) -> 0.23333333 | BC3: {=LLM_WFI_33!S2:S7} -> 0.6 | BD3: =ABS($D3-BC3) -> 0.13333333 | BF3: {=LLM_WFI_34!S2:S7} -> 0.1 | BG3: =ABS($D3-BF3) -> 0.63333333 | BJ3: ACCURACY PROXY VALIDATION DATA (MEAN ABS ERROR = MAE) | ID 32
A4: GPT4 | B4: Waiting for Input | C4: Analyzing Object | D4: =COUNTIFS(STUDY03_DATA!C:C,A4,STUDY03_DATA!D:D,B4,STUDY03_DATA!F:F,C4)/'META DATA'!$B$2 -> 0.016666667 | F4: 0.05 | G4: =ABS($D4-F4) -> 0.033333333 | I4: 0.05 | J4: =ABS($D4-I4) -> 0.033333333 | L4: 0.05 | M4: =ABS($D4-L4) -> 0.033333333 | P4: 0 | Q4: =ABS($D4-P4) -> 0.016666667 | S4: 0 | T4: =ABS($D4-S4) -> 0.016666667 | V4: 0.15 | W4: =ABS($D4-V4) -> 0.13333333 | Y4: 0.05 | Z4: =ABS($D4-Y4) -> 0.033333333 | AB4: 0 | AC4: =ABS($D4-AB4) -> 0.016666667 | AE4: 0 | AF4: =ABS($D4-AE4) -> 0.016666667 | AH4: 0 | AI4: =ABS($D4-AH4) -> 0.016666667 | AK4: 0.1 | AL4: =ABS($D4-AK4) -> 0.083333333 | AN4: 0 | AO4: =ABS($D4-AN4) -> 0.016666667 | AQ4: 0.05 | AR4: =ABS($D4-AQ4) -> 0.033333333 | AT4: 0 | AU4: =ABS($D4-AT4) -> 0.016666667 | AW4: 0.1 | AX4: =ABS($D4-AW4) -> 0.083333333 | AZ4: 0 | BA4: =ABS($D4-AZ4) -> 0.016666667 | BC4: 0.1 | BD4: =ABS($D4-BC4) -> 0.083333333 | BF4: 0 | BG4: =ABS($D4-BF4) -> 0.016666667 | BJ4: Condition | BK4: State | BL4: Delta by State | BM4: Delta by Cond | BN4: Overall Delta
A5: GPT4 | B5: Waiting for Input | C5: Found Object | D5: =COUNTIFS(STUDY03_DATA!C:C,A5,STUDY03_DATA!D:D,B5,STUDY03_DATA!F:F,C5)/'META DATA'!$B$2 -> 0.016666667 | F5: 0 | G5: =ABS($D5-F5) -> 0.016666667 | I5: 0 | J5: =ABS($D5-I5) -> 0.016666667 | L5: 0 | M5: =ABS($D5-L5) -> 0.016666667 | P5: 0 | Q5: =ABS($D5-P5) -> 0.016666667 | S5: 0 | T5: =ABS($D5-S5) -> 0.016666667 | V5: 0 | W5: =ABS($D5-V5) -> 0.016666667 | Y5: 0 | Z5: =ABS($D5-Y5) -> 0.016666667 | AB5: 0 | AC5: =ABS($D5-AB5) -> 0.016666667 | AE5: 0 | AF5: =ABS($D5-AE5) -> 0.016666667 | AH5: 0 | AI5: =ABS($D5-AH5) -> 0.016666667 | AK5: 0 | AL5: =ABS($D5-AK5) -> 0.016666667 | AN5: 0 | AO5: =ABS($D5-AN5) -> 0.016666667 | AQ5: 0 | AR5: =ABS($D5-AQ5) -> 0.016666667 | AT5: 0 | AU5: =ABS($D5-AT5) -> 0.016666667 | AW5: 0 | AX5: =ABS($D5-AW5) -> 0.016666667 | AZ5: 0 | BA5: =ABS($D5-AZ5) -> 0.016666667 | BC5: 0 | BD5: =ABS($D5-BC5) -> 0.016666667 | BF5: 0 | BG5: =ABS($D5-BF5) -> 0.016666667 | BJ5: GPT4 | BK5: Waiting for Input | BL5: =AVERAGE(BA2:BA7) -> 0.076666667 | BM5: =AVERAGE(BL5:BL9) -> 0.097 | BN5: =AVERAGE(BM5,BM10,BM15) -> 0.096407407
A6: GPT4 | B6: Waiting for Input | C6: Needs Help | D6: =COUNTIFS(STUDY03_DATA!C:C,A6,STUDY03_DATA!D:D,B6,STUDY03_DATA!F:F,C6)/'META DATA'!$B$2 -> 0.05 | F6: 0 | G6: =ABS($D6-F6) -> 0.05 | I6: 0 | J6: =ABS($D6-I6) -> 0.05 | L6: 0 | M6: =ABS($D6-L6) -> 0.05 | P6: 0.1 | Q6: =ABS($D6-P6) -> 0.05 | S6: 0.05 | T6: =ABS($D6-S6) -> 0 | V6: 0.05 | W6: =ABS($D6-V6) -> 0 | Y6: 0.2 | Z6: =ABS($D6-Y6) -> 0.15 | AB6: 0 | AC6: =ABS($D6-AB6) -> 0.05 | AE6: 0 | AF6: =ABS($D6-AE6) -> 0.05 | AH6: 0 | AI6: =ABS($D6-AH6) -> 0.05 | AK6: 0.05 | AL6: =ABS($D6-AK6) -> 0 | AN6: 0.05 | AO6: =ABS($D6-AN6) -> 0 | AQ6: 0 | AR6: =ABS($D6-AQ6) -> 0.05 | AT6: 0 | AU6: =ABS($D6-AT6) -> 0.05 | AW6: 0 | AX6: =ABS($D6-AW6) -> 0.05 | AZ6: 0 | BA6: =ABS($D6-AZ6) -> 0.05 | BC6: 0 | BD6: =ABS($D6-BC6) -> 0.05 | BF6: 0 | BG6: =ABS($D6-BF6) -> 0.05 | BK6: Analyzing Object | BL6: =AVERAGE(BA8:BA13) -> 0.18888889
A7: GPT4 | B7: Waiting for Input | C7: Confused | D7: =COUNTIFS(STUDY03_DATA!C:C,A7,STUDY03_DATA!D:D,B7,STUDY03_DATA!F:F,C7)/'META DATA'!$B$2 -> 0.066666667 | F7: 0 | G7: =ABS($D7-F7) -> 0.066666667 | I7: 0 | J7: =ABS($D7-I7) -> 0.066666667 | L7: 0 | M7: =ABS($D7-L7) -> 0.066666667 | P7: 0 | Q7: =ABS($D7-P7) -> 0.066666667 | S7: 0.05 | T7: =ABS($D7-S7) -> 0.016666667 | V7: 0.1 | W7: =ABS($D7-V7) -> 0.033333333 | Y7: 0 | Z7: =ABS($D7-Y7) -> 0.066666667 | AB7: 0.05 | AC7: =ABS($D7-AB7) -> 0.016666667 | AE7: 0 | AF7: =ABS($D7-AE7) -> 0.066666667 | AH7: 0 | AI7: =ABS($D7-AH7) -> 0.066666667 | AK7: 0 | AL7: =ABS($D7-AK7) -> 0.066666667 | AN7: 0 | AO7: =ABS($D7-AN7) -> 0.066666667 | AQ7: 0 | AR7: =ABS($D7-AQ7) -> 0.066666667 | AT7: 0 | AU7: =ABS($D7-AT7) -> 0.066666667 | AW7: 0 | AX7: =ABS($D7-AW7) -> 0.066666667 | AZ7: 0 | BA7: =ABS($D7-AZ7) -> 0.066666667 | BC7: 0 | BD7: =ABS($D7-BC7) -> 0.066666667 | BF7: 0 | BG7: =ABS($D7-BF7) -> 0.066666667 | BK7: Found Object | BL7: =AVERAGE(BA14:BA19) -> 0.10833333
A8: GPT4 | B8: Waiting for Input | C8: None | D8: =COUNTIFS(STUDY03_DATA!C:C,A8,STUDY03_DATA!D:D,B8,STUDY03_DATA!F:F,C8)/'META DATA'!$B$2 -> 0.11666667 | F8: 0.25 | G8: =ABS($D8-F8) -> 0.13333333 | I8: 0.25 | J8: =ABS($D8-I8) -> 0.13333333 | L8: 0.2 | M8: =ABS($D8-L8) -> 0.083333333 | P8: 0.1 | Q8: =ABS($D8-P8) -> 0.016666667 | S8: 0 | T8: =ABS($D8-S8) -> 0.11666667 | V8: 0.4 | W8: =ABS($D8-V8) -> 0.28333333 | Y8: 0.55 | Z8: =ABS($D8-Y8) -> 0.43333333 | AB8: 0.75 | AC8: =ABS($D8-AB8) -> 0.63333333 | AE8: 0.1 | AF8: =ABS($D8-AE8) -> 0.016666667 | AH8: 0.05 | AI8: =ABS($D8-AH8) -> 0.066666667 | AK8: 0.4 | AL8: =ABS($D8-AK8) -> 0.28333333 | AN8: 0.35 | AO8: =ABS($D8-AN8) -> 0.23333333 | AQ8: 0.85 | AR8: =ABS($D8-AQ8) -> 0.73333333 | AT8: 0.05 | AU8: =ABS($D8-AT8) -> 0.066666667 | AW8: 0.05 | AX8: =ABS($D8-AW8) -> 0.066666667 | AZ8: 0.5 | BA8: =ABS($D8-AZ8) -> 0.38333333 | BC8: 0.3 | BD8: =ABS($D8-BC8) -> 0.18333333 | BF8: 0.9 | BG8: =ABS($D8-BF8) -> 0.78333333 | BK8: Needs Help | BL8: =AVERAGE(BA20:BA25) -> 0.030555556
A9: GPT4 | B9: Analyzing Object | C9: Waiting for Input | D9: =COUNTIFS(STUDY03_DATA!C:C,A9,STUDY03_DATA!D:D,B9,STUDY03_DATA!F:F,C9)/'META DATA'!$B$2 -> 0.083333333 | F9: {=LLM_AO_14!S2:S7} -> 0.2 | G9: =ABS($D9-F9) -> 0.11666667 | I9: {=LLM_AO_18!S2:S7} -> 0.2 | J9: =ABS($D9-I9) -> 0.11666667 | L9: {=LLM_AO_19!S2:S7} -> 0.35 | M9: =ABS($D9-L9) -> 0.26666667 | P9: {=LLM_AO_20!S2:S7} -> 0.1 | Q9: =ABS($D9-P9) -> 0.016666667 | S9: {=LLM_AO_21!S2:S7} -> 0.15 | T9: =ABS($D9-S9) -> 0.066666667 | V9: {=LLM_AO_22!S2:S7} -> 0.35 | W9: =ABS($D9-V9) -> 0.26666667 | Y9: {=LLM_AO_23!S2:S7} -> 0.25 | Z9: =ABS($D9-Y9) -> 0.16666667 | AB9: {=LLM_AO_24!S2:S7} -> 0 | AC9: =ABS($D9-AB9) -> 0.083333333 | AE9: {=LLM_AO_24!S2:S7} -> 0 | AF9: =ABS($D9-AE9) -> 0.083333333 | AH9: {=LLM_AO_26!S2:S7} -> 0.1 | AI9: =ABS($D9-AH9) -> 0.016666667 | AK9: {=LLM_AO_27!S2:S7} -> 0.3 | AL9: =ABS($D9-AK9) -> 0.21666667 | AN9: {=LLM_AO_28!S2:S7} -> 0.1 | AO9: =ABS($D9-AN9) -> 0.016666667 | AQ9: {=LLM_AO_29!S2:S7} -> 0 | AR9: =ABS($D9-AQ9) -> 0.083333333 | AT9: {=LLM_AO_30!S2:S7} -> 0.05 | AU9: =ABS($D9-AT9) -> 0.033333333 | AW9: {=LLM_AO_31!S2:S7} -> 0.3 | AX9: =ABS($D9-AW9) -> 0.21666667 | AZ9: {=LLM_AO_32!S2:S7} -> 0.2 | BA9: =ABS($D9-AZ9) -> 0.11666667 | BC9: {=LLM_AO_33!S2:S7} -> 0.25 | BD9: =ABS($D9-BC9) -> 0.16666667 | BF9: {=LLM_AO_34!S2:S7} -> 0.1 | BG9: =ABS($D9-BF9) -> 0.016666667 | BK9: Confused | BL9: =AVERAGE(BA26:BA31) -> 0.080555556
A10: GPT4 | B10: Analyzing Object | C10: Analyzing Object | D10: =COUNTIFS(STUDY03_DATA!C:C,A10,STUDY03_DATA!D:D,B10,STUDY03_DATA!F:F,C10)/'META DATA'!$B$2 -> 0.33333333 | F10: 0.45 | G10: =ABS($D10-F10) -> 0.11666667 | I10: 0.4 | J10: =ABS($D10-I10) -> 0.066666667 | L10: 0.35 | M10: =ABS($D10-L10) -> 0.016666667 | P10: 0.9 | Q10: =ABS($D10-P10) -> 0.56666667 | S10: 0.65 | T10: =ABS($D10-S10) -> 0.31666667 | V10: 0.35 | W10: =ABS($D10-V10) -> 0.016666667 | Y10: 0.15 | Z10: =ABS($D10-Y10) -> 0.18333333 | AB10: 0.05 | AC10: =ABS($D10-AB10) -> 0.28333333 | AE10: 0.05 | AF10: =ABS($D10-AE10) -> 0.28333333 | AH10: 0.7 | AI10: =ABS($D10-AH10) -> 0.36666667 | AK10: 0.25 | AL10: =ABS($D10-AK10) -> 0.083333333 | AN10: 0.3 | AO10: =ABS($D10-AN10) -> 0.033333333 | AQ10: 0.15 | AR10: =ABS($D10-AQ10) -> 0.18333333 | AT10: 0.95 | AU10: =ABS($D10-AT10) -> 0.61666667 | AW10: 0.6 | AX10: =ABS($D10-AW10) -> 0.26666667 | AZ10: 0.5 | BA10: =ABS($D10-AZ10) -> 0.16666667 | BC10: 0.25 | BD10: =ABS($D10-BC10) -> 0.083333333 | BF10: 0 | BG10: =ABS($D10-BF10) -> 0.33333333 | BJ10: Human | BK10: Waiting for Input | BL10: =AVERAGE(BA32:BA37) -> 0.055555556 | BM10: =AVERAGE(BL10:BL14) -> 0.10888889
A11: GPT4 | B11: Analyzing Object | C11: Found Object | D11: =COUNTIFS(STUDY03_DATA!C:C,A11,STUDY03_DATA!D:D,B11,STUDY03_DATA!F:F,C11)/'META DATA'!$B$2 -> 0.5 | F11: 0.15 | G11: =ABS($D11-F11) -> 0.35 | I11: 0.3 | J11: =ABS($D11-I11) -> 0.2 | L11: 0.15 | M11: =ABS($D11-L11) -> 0.35 | P11: 0 | Q11: =ABS($D11-P11) -> 0.5 | S11: 0.15 | T11: =ABS($D11-S11) -> 0.35 | V11: 0.15 | W11: =ABS($D11-V11) -> 0.35 | Y11: 0.1 | Z11: =ABS($D11-Y11) -> 0.4 | AB11: 0 | AC11: =ABS($D11-AB11) -> 0.5 | AE11: 0 | AF11: =ABS($D11-AE11) -> 0.5 | AH11: 0.05 | AI11: =ABS($D11-AH11) -> 0.45 | AK11: 0.1 | AL11: =ABS($D11-AK11) -> 0.4 | AN11: 0.15 | AO11: =ABS($D11-AN11) -> 0.35 | AQ11: 0 | AR11: =ABS($D11-AQ11) -> 0.5 | AT11: 0 | AU11: =ABS($D11-AT11) -> 0.5 | AW11: 0.1 | AX11: =ABS($D11-AW11) -> 0.4 | AZ11: 0.1 | BA11: =ABS($D11-AZ11) -> 0.4 | BC11: 0.05 | BD11: =ABS($D11-BC11) -> 0.45 | BF11: 0.05 | BG11: =ABS($D11-BF11) -> 0.45 | BK11: Analyzing Object | BL11: =AVERAGE(BA38:BA43) -> 0.13055556
A12: GPT4 | B12: Analyzing Object | C12: Needs Help | D12: =COUNTIFS(STUDY03_DATA!C:C,A12,STUDY03_DATA!D:D,B12,STUDY03_DATA!F:F,C12)/'META DATA'!$B$2 -> 0.033333333 | F12: 0 | G12: =ABS($D12-F12) -> 0.033333333 | I12: 0 | J12: =ABS($D12-I12) -> 0.033333333 | L12: 0 | M12: =ABS($D12-L12) -> 0.033333333 | P12: 0 | Q12: =ABS($D12-P12) -> 0.033333333 | S12: 0 | T12: =ABS($D12-S12) -> 0.033333333 | V12: 0 | W12: =ABS($D12-V12) -> 0.033333333 | Y12: 0 | Z12: =ABS($D12-Y12) -> 0.033333333 | AB12: 0 | AC12: =ABS($D12-AB12) -> 0.033333333 | AE12: 0 | AF12: =ABS($D12-AE12) -> 0.033333333 | AH12: 0 | AI12: =ABS($D12-AH12) -> 0.033333333 | AK12: 0 | AL12: =ABS($D12-AK12) -> 0.033333333 | AN12: 0 | AO12: =ABS($D12-AN12) -> 0.033333333 | AQ12: 0 | AR12: =ABS($D12-AQ12) -> 0.033333333 | AT12: 0 | AU12: =ABS($D12-AT12) -> 0.033333333 | AW12: 0 | AX12: =ABS($D12-AW12) -> 0.033333333 | AZ12: 0 | BA12: =ABS($D12-AZ12) -> 0.033333333 | BC12: 0 | BD12: =ABS($D12-BC12) -> 0.033333333 | BF12: 0 | BG12: =ABS($D12-BF12) -> 0.033333333 | BK12: Found Object | BL12: =AVERAGE(BA44:BA49) -> 0.066666667
A13: GPT4 | B13: Analyzing Object | C13: Confused | D13: =COUNTIFS(STUDY03_DATA!C:C,A13,STUDY03_DATA!D:D,B13,STUDY03_DATA!F:F,C13)/'META DATA'!$B$2 -> 0.033333333 | F13: 0 | G13: =ABS($D13-F13) -> 0.033333333 | I13: 0 | J13: =ABS($D13-I13) -> 0.033333333 | L13: 0 | M13: =ABS($D13-L13) -> 0.033333333 | P13: 0 | Q13: =ABS($D13-P13) -> 0.033333333 | S13: 0 | T13: =ABS($D13-S13) -> 0.033333333 | V13: 0 | W13: =ABS($D13-V13) -> 0.033333333 | Y13: 0 | Z13: =ABS($D13-Y13) -> 0.033333333 | AB13: 0 | AC13: =ABS($D13-AB13) -> 0.033333333 | AE13: 0 | AF13: =ABS($D13-AE13) -> 0.033333333 | AH13: 0 | AI13: =ABS($D13-AH13) -> 0.033333333 | AK13: 0 | AL13: =ABS($D13-AK13) -> 0.033333333 | AN13: 0 | AO13: =ABS($D13-AN13) -> 0.033333333 | AQ13: 0 | AR13: =ABS($D13-AQ13) -> 0.033333333 | AT13: 0 | AU13: =ABS($D13-AT13) -> 0.033333333 | AW13: 0 | AX13: =ABS($D13-AW13) -> 0.033333333 | AZ13: 0 | BA13: =ABS($D13-AZ13) -> 0.033333333 | BC13: 0 | BD13: =ABS($D13-BC13) -> 0.033333333 | BF13: 0 | BG13: =ABS($D13-BF13) -> 0.033333333 | BK13: Needs Help | BL13: =AVERAGE(BA50:BA55) -> 0.21666667
A14: GPT4 | B14: Analyzing Object | C14: None | D14: =COUNTIFS(STUDY03_DATA!C:C,A14,STUDY03_DATA!D:D,B14,STUDY03_DATA!F:F,C14)/'META DATA'!$B$2 -> 0.016666667 | F14: 0.15 | G14: =ABS($D14-F14) -> 0.13333333 | I14: 0.1 | J14: =ABS($D14-I14) -> 0.083333333 | L14: 0.15 | M14: =ABS($D14-L14) -> 0.13333333 | P14: 0 | Q14: =ABS($D14-P14) -> 0.016666667 | S14: 0.05 | T14: =ABS($D14-S14) -> 0.033333333 | V14: 0.15 | W14: =ABS($D14-V14) -> 0.13333333 | Y14: 0.5 | Z14: =ABS($D14-Y14) -> 0.48333333 | AB14: 0.95 | AC14: =ABS($D14-AB14) -> 0.93333333 | AE14: 0.95 | AF14: =ABS($D14-AE14) -> 0.93333333 | AH14: 0.15 | AI14: =ABS($D14-AH14) -> 0.13333333 | AK14: 0.3 | AL14: =ABS($D14-AK14) -> 0.28333333 | AN14: 0.45 | AO14: =ABS($D14-AN14) -> 0.43333333 | AQ14: 0.85 | AR14: =ABS($D14-AQ14) -> 0.83333333 | AT14: 0 | AU14: =ABS($D14-AT14) -> 0.016666667 | AW14: 0 | AX14: =ABS($D14-AW14) -> 0.016666667 | AZ14: 0.2 | BA14: =ABS($D14-AZ14) -> 0.18333333 | BC14: 0.4 | BD14: =ABS($D14-BC14) -> 0.38333333 | BF14: 0.85 | BG14: =ABS($D14-BF14) -> 0.83333333 | BK14: Confused | BL14: =AVERAGE(BA56:BA61) -> 0.075
A15: GPT4 | B15: Found Object | C15: Waiting for Input | D15: =COUNTIFS(STUDY03_DATA!C:C,A15,STUDY03_DATA!D:D,B15,STUDY03_DATA!F:F,C15)/'META DATA'!$B$2 -> 0.016666667 | F15: {=LLM_FO_14!S2:S7} -> 0.05 | G15: =ABS($D15-F15) -> 0.033333333 | I15: {=LLM_FO_18!S2:S7} -> 0 | J15: =ABS($D15-I15) -> 0.016666667 | L15: {=LLM_FO_18!S2:S7} -> 0 | M15: =ABS($D15-L15) -> 0.016666667 | P15: {=LLM_FO_20!S2:S7} -> 0 | Q15: =ABS($D15-P15) -> 0.016666667 | S15: {=LLM_FO_21!S2:S7} -> 0 | T15: =ABS($D15-S15) -> 0.016666667 | V15: {=LLM_FO_22!S2:S7} -> 0 | W15: =ABS($D15-V15) -> 0.016666667 | Y15: {=LLM_FO_23!S2:S7} -> 0.15 | Z15: =ABS($D15-Y15) -> 0.13333333 | AB15: {=LLM_FO_24!S2:S7} -> 0 | AC15: =ABS($D15-AB15) -> 0.016666667 | AE15: {=LLM_FO_25!S2:S7} -> 0 | AF15: =ABS($D15-AE15) -> 0.016666667 | AH15: {=LLM_FO_26!S2:S7} -> 0 | AI15: =ABS($D15-AH15) -> 0.016666667 | AK15: {=LLM_FO_27!S2:S7} -> 0 | AL15: =ABS($D15-AK15) -> 0.016666667 | AN15: {=LLM_FO_28!S2:S7} -> 0 | AO15: =ABS($D15-AN15) -> 0.016666667 | AQ15: {=LLM_FO_29!S2:S7} -> 0 | AR15: =ABS($D15-AQ15) -> 0.016666667 | AT15: {=LLM_FO_30!S2:S7} -> 0 | AU15: =ABS($D15-AT15) -> 0.016666667 | AW15: {=LLM_FO_31!S2:S7} -> 0 | AX15: =ABS($D15-AW15) -> 0.016666667 | AZ15: {=LLM_FO_32!S2:S7} -> 0.05 | BA15: =ABS($D15-AZ15) -> 0.033333333 | BC15: {=LLM_FO_33!S2:S7} -> 0 | BD15: =ABS($D15-BC15) -> 0.016666667 | BF15: {=LLM_FO_34!S2:S7} -> 0 | BG15: =ABS($D15-BF15) -> 0.016666667 | BJ15: Random | BK15: Waiting for Input | BL15: =AVERAGE(BA62:BA67) -> 0.11388889 | BM15: =AVERAGE(BL15:BL19) -> 0.083333333
A16: GPT4 | B16: Found Object | C16: Analyzing Object | D16: =COUNTIFS(STUDY03_DATA!C:C,A16,STUDY03_DATA!D:D,B16,STUDY03_DATA!F:F,C16)/'META DATA'!$B$2 -> 0.56666667 | F16: 0.7 | G16: =ABS($D16-F16) -> 0.13333333 | I16: 0.7 | J16: =ABS($D16-I16) -> 0.13333333 | L16: 0.7 | M16: =ABS($D16-L16) -> 0.13333333 | P16: 1 | Q16: =ABS($D16-P16) -> 0.43333333 | S16: 0.8 | T16: =ABS($D16-S16) -> 0.23333333 | V16: 0.75 | W16: =ABS($D16-V16) -> 0.18333333 | Y16: 0.35 | Z16: =ABS($D16-Y16) -> 0.21666667 | AB16: 0.25 | AC16: =ABS($D16-AB16) -> 0.31666667 | AE16: 0.9 | AF16: =ABS($D16-AE16) -> 0.33333333 | AH16: 0.65 | AI16: =ABS($D16-AH16) -> 0.083333333 | AK16: 0.55 | AL16: =ABS($D16-AK16) -> 0.016666667 | AN16: 0.3 | AO16: =ABS($D16-AN16) -> 0.26666667 | AQ16: 0.1 | AR16: =ABS($D16-AQ16) -> 0.46666667 | AT16: 0.95 | AU16: =ABS($D16-AT16) -> 0.38333333 | AW16: 0.95 | AX16: =ABS($D16-AW16) -> 0.38333333 | AZ16: 0.75 | BA16: =ABS($D16-AZ16) -> 0.18333333 | BC16: 0.45 | BD16: =ABS($D16-BC16) -> 0.11666667 | BF16: 0.1 | BG16: =ABS($D16-BF16) -> 0.46666667 | BK16: Analyzing Object | BL16: =AVERAGE(BA68:BA73) -> 0.038888889
A17: GPT4 | B17: Found Object | C17: Found Object | D17: =COUNTIFS(STUDY03_DATA!C:C,A17,STUDY03_DATA!D:D,B17,STUDY03_DATA!F:F,C17)/'META DATA'!$B$2 -> 0.4 | F17: 0.2 | G17: =ABS($D17-F17) -> 0.2 | I17: 0.2 | J17: =ABS($D17-I17) -> 0.2 | L17: 0.2 | M17: =ABS($D17-L17) -> 0.2 | P17: 0 | Q17: =ABS($D17-P17) -> 0.4 | S17: 0.15 | T17: =ABS($D17-S17) -> 0.25 | V17: 0.05 | W17: =ABS($D17-V17) -> 0.35 | Y17: 0.25 | Z17: =ABS($D17-Y17) -> 0.15 | AB17: 0.1 | AC17: =ABS($D17-AB17) -> 0.3 | AE17: 0.1 | AF17: =ABS($D17-AE17) -> 0.3 | AH17: 0.35 | AI17: =ABS($D17-AH17) -> 0.05 | AK17: 0.2 | AL17: =ABS($D17-AK17) -> 0.2 | AN17: 0.2 | AO17: =ABS($D17-AN17) -> 0.2 | AQ17: 0 | AR17: =ABS($D17-AQ17) -> 0.4 | AT17: 0.05 | AU17: =ABS($D17-AT17) -> 0.35 | AW17: 0.05 | AX17: =ABS($D17-AW17) -> 0.35 | AZ17: 0.15 | BA17: =ABS($D17-AZ17) -> 0.25 | BC17: 0.1 | BD17: =ABS($D17-BC17) -> 0.3 | BF17: 0.05 | BG17: =ABS($D17-BF17) -> 0.35 | BK17: Found Object | BL17: =AVERAGE(BA74:BA79) -> 0.072222222
A18: GPT4 | B18: Found Object | C18: Needs Help | D18: =COUNTIFS(STUDY03_DATA!C:C,A18,STUDY03_DATA!D:D,B18,STUDY03_DATA!F:F,C18)/'META DATA'!$B$2 -> 0 | F18: 0 | G18: =ABS($D18-F18) -> 0 | I18: 0 | J18: =ABS($D18-I18) -> 0 | L18: 0 | M18: =ABS($D18-L18) -> 0 | P18: 0 | Q18: =ABS($D18-P18) -> 0 | S18: 0 | T18: =ABS($D18-S18) -> 0 | V18: 0.05 | W18: =ABS($D18-V18) -> 0.05 | Y18: 0 | Z18: =ABS($D18-Y18) -> 0 | AB18: 0 | AC18: =ABS($D18-AB18) -> 0 | AE18: 0 | AF18: =ABS($D18-AE18) -> 0 | AH18: 0 | AI18: =ABS($D18-AH18) -> 0 | AK18: 0 | AL18: =ABS($D18-AK18) -> 0 | AN18: 0 | AO18: =ABS($D18-AN18) -> 0 | AQ18: 0.05 | AR18: =ABS($D18-AQ18) -> 0.05 | AT18: 0 | AU18: =ABS($D18-AT18) -> 0 | AW18: 0 | AX18: =ABS($D18-AW18) -> 0 | AZ18: 0 | BA18: =ABS($D18-AZ18) -> 0 | BC18: 0 | BD18: =ABS($D18-BC18) -> 0 | BF18: 0 | BG18: =ABS($D18-BF18) -> 0 | BK18: Needs Help | BL18: =AVERAGE(BA80:BA85) -> 0.10833333
A19: GPT4 | B19: Found Object | C19: Confused | D19: =COUNTIFS(STUDY03_DATA!C:C,A19,STUDY03_DATA!D:D,B19,STUDY03_DATA!F:F,C19)/'META DATA'!$B$2 -> 0 | F19: 0 | G19: =ABS($D19-F19) -> 0 | I19: 0 | J19: =ABS($D19-I19) -> 0 | L19: 0 | M19: =ABS($D19-L19) -> 0 | P19: 0 | Q19: =ABS($D19-P19) -> 0 | S19: 0 | T19: =ABS($D19-S19) -> 0 | V19: 0 | W19: =ABS($D19-V19) -> 0 | Y19: 0 | Z19: =ABS($D19-Y19) -> 0 | AB19: 0 | AC19: =ABS($D19-AB19) -> 0 | AE19: 0 | AF19: =ABS($D19-AE19) -> 0 | AH19: 0 | AI19: =ABS($D19-AH19) -> 0 | AK19: 0 | AL19: =ABS($D19-AK19) -> 0 | AN19: 0 | AO19: =ABS($D19-AN19) -> 0 | AQ19: 0 | AR19: =ABS($D19-AQ19) -> 0 | AT19: 0 | AU19: =ABS($D19-AT19) -> 0 | AW19: 0 | AX19: =ABS($D19-AW19) -> 0 | AZ19: 0 | BA19: =ABS($D19-AZ19) -> 0 | BC19: 0 | BD19: =ABS($D19-BC19) -> 0 | BF19: 0 | BG19: =ABS($D19-BF19) -> 0 | BK19: Confused | BL19: =AVERAGE(BA86:BA91) -> 0.083333333
A20: GPT4 | B20: Found Object | C20: None | D20: =COUNTIFS(STUDY03_DATA!C:C,A20,STUDY03_DATA!D:D,B20,STUDY03_DATA!F:F,C20)/'META DATA'!$B$2 -> 0.016666667 | F20: 0.05 | G20: =ABS($D20-F20) -> 0.033333333 | I20: 0.1 | J20: =ABS($D20-I20) -> 0.083333333 | L20: 0.1 | M20: =ABS($D20-L20) -> 0.083333333 | P20: 0 | Q20: =ABS($D20-P20) -> 0.016666667 | S20: 0.05 | T20: =ABS($D20-S20) -> 0.033333333 | V20: 0.15 | W20: =ABS($D20-V20) -> 0.13333333 | Y20: 0.25 | Z20: =ABS($D20-Y20) -> 0.23333333 | AB20: 0.65 | AC20: =ABS($D20-AB20) -> 0.63333333 | AE20: 0 | AF20: =ABS($D20-AE20) -> 0.016666667 | AH20: 0 | AI20: =ABS($D20-AH20) -> 0.016666667 | AK20: 0.25 | AL20: =ABS($D20-AK20) -> 0.23333333 | AN20: 0.5 | AO20: =ABS($D20-AN20) -> 0.48333333 | AQ20: 0.85 | AR20: =ABS($D20-AQ20) -> 0.83333333 | AT20: 0 | AU20: =ABS($D20-AT20) -> 0.016666667 | AW20: 0 | AX20: =ABS($D20-AW20) -> 0.016666667 | AZ20: 0.05 | BA20: =ABS($D20-AZ20) -> 0.033333333 | BC20: 0.45 | BD20: =ABS($D20-BC20) -> 0.43333333 | BF20: 0.85 | BG20: =ABS($D20-BF20) -> 0.83333333
A21: GPT4 | B21: Needs Help | C21: Waiting for Input | D21: =COUNTIFS(STUDY03_DATA!C:C,A21,STUDY03_DATA!D:D,B21,STUDY03_DATA!F:F,C21)/'META DATA'!$B$2 -> 0.15 | F21: {=LLM_NH_14!S2:S7} -> 0.15 | G21: =ABS($D21-F21) -> 0 | I21: {=LLM_NH_18!S2:S7} -> 0.15 | J21: =ABS($D21-I21) -> 0 | L21: {=LLM_NH_19!S2:S7} -> 0.05 | M21: =ABS($D21-L21) -> 0.1 | P21: {=LLM_NH_20!S2:S7} -> 0 | Q21: =ABS($D21-P21) -> 0.15 | S21: {=LLM_NH_21!S2:S7} -> 0.1 | T21: =ABS($D21-S21) -> 0.05 | V21: {=LLM_NH_22!S2:S7} -> 0.15 | W21: =ABS($D21-V21) -> 0 | Y21: {=LLM_NH_23!S2:S7} -> 0.2 | Z21: =ABS($D21-Y21) -> 0.05 | AB21: {=LLM_NH_24!S2:S7} -> 0 | AC21: =ABS($D21-AB21) -> 0.15 | AE21: {=LLM_NH_25!S2:S7} -> 0 | AF21: =ABS($D21-AE21) -> 0.15 | AH21: {=LLM_NH_26!S2:S7} -> 0 | AI21: =ABS($D21-AH21) -> 0.15 | AK21: {=LLM_NH_27!S2:S7} -> 0.05 | AL21: =ABS($D21-AK21) -> 0.1 | AN21: {=LLM_NH_28!S2:S7} -> 0.15 | AO21: =ABS($D21-AN21) -> 0 | AQ21: {=LLM_NH_29!S2:S7} -> 0.25 | AR21: =ABS($D21-AQ21) -> 0.1 | AT21: {=LLM_NH_30!S2:S7} -> 0 | AU21: =ABS($D21-AT21) -> 0.15 | AW21: {=LLM_NH_31!S2:S7} -> 0.05 | AX21: =ABS($D21-AW21) -> 0.1 | AZ21: {=LLM_NH_32!S2:S7} -> 0.1 | BA21: =ABS($D21-AZ21) -> 0.05 | BC21: {=LLM_NH_33!S2:S7} -> 0.2 | BD21: =ABS($D21-BC21) -> 0.05 | BF21: {=LLM_NH_34!S2:S7} -> 0.05 | BG21: =ABS($D21-BF21) -> 0.1
A22: GPT4 | B22: Needs Help | C22: Analyzing Object | D22: =COUNTIFS(STUDY03_DATA!C:C,A22,STUDY03_DATA!D:D,B22,STUDY03_DATA!F:F,C22)/'META DATA'!$B$2 -> 0.1 | F22: 0.05 | G22: =ABS($D22-F22) -> 0.05 | I22: 0 | J22: =ABS($D22-I22) -> 0.1 | L22: 0.15 | M22: =ABS($D22-L22) -> 0.05 | P22: 0 | Q22: =ABS($D22-P22) -> 0.1 | S22: 0.05 | T22: =ABS($D22-S22) -> 0.05 | V22: 0.05 | W22: =ABS($D22-V22) -> 0.05 | Y22: 0.05 | Z22: =ABS($D22-Y22) -> 0.05 | AB22: 0 | AC22: =ABS($D22-AB22) -> 0.1 | AE22: 0 | AF22: =ABS($D22-AE22) -> 0.1 | AH22: 0 | AI22: =ABS($D22-AH22) -> 0.1 | AK22: 0.05 | AL22: =ABS($D22-AK22) -> 0.05 | AN22: 0.05 | AO22: =ABS($D22-AN22) -> 0.05 | AQ22: 0.05 | AR22: =ABS($D22-AQ22) -> 0.05 | AT22: 0.05 | AU22: =ABS($D22-AT22) -> 0.05 | AW22: 0 | AX22: =ABS($D22-AW22) -> 0.1 | AZ22: 0.1 | BA22: =ABS($D22-AZ22) -> 0 | BC22: 0.1 | BD22: =ABS($D22-BC22) -> 0 | BF22: 0.1 | BG22: =ABS($D22-BF22) -> 0 | BJ22: ACCURACY PROXY VALIDATION DATA (MEAN ABS ALIGNMENT = MAA = 1 - MAE) | ID 32
A23: GPT4 | B23: Needs Help | C23: Found Object | D23: =COUNTIFS(STUDY03_DATA!C:C,A23,STUDY03_DATA!D:D,B23,STUDY03_DATA!F:F,C23)/'META DATA'!$B$2 -> 0.033333333 | F23: 0 | G23: =ABS($D23-F23) -> 0.033333333 | I23: 0 | J23: =ABS($D23-I23) -> 0.033333333 | L23: 0 | M23: =ABS($D23-L23) -> 0.033333333 | P23: 0 | Q23: =ABS($D23-P23) -> 0.033333333 | S23: 0 | T23: =ABS($D23-S23) -> 0.033333333 | V23: 0 | W23: =ABS($D23-V23) -> 0.033333333 | Y23: 0.05 | Z23: =ABS($D23-Y23) -> 0.016666667 | AB23: 0 | AC23: =ABS($D23-AB23) -> 0.033333333 | AE23: 0 | AF23: =ABS($D23-AE23) -> 0.033333333 | AH23: 0 | AI23: =ABS($D23-AH23) -> 0.033333333 | AK23: 0 | AL23: =ABS($D23-AK23) -> 0.033333333 | AN23: 0 | AO23: =ABS($D23-AN23) -> 0.033333333 | AQ23: 0 | AR23: =ABS($D23-AQ23) -> 0.033333333 | AT23: 0 | AU23: =ABS($D23-AT23) -> 0.033333333 | AW23: 0 | AX23: =ABS($D23-AW23) -> 0.033333333 | AZ23: 0 | BA23: =ABS($D23-AZ23) -> 0.033333333 | BC23: 0 | BD23: =ABS($D23-BC23) -> 0.033333333 | BF23: 0 | BG23: =ABS($D23-BF23) -> 0.033333333 | BJ23: Condition | BK23: State | BL23: Alignment by State | BM23: Alignment by Cond | BN23: Overall Alignment
A24: GPT4 | B24: Needs Help | C24: Needs Help | D24: =COUNTIFS(STUDY03_DATA!C:C,A24,STUDY03_DATA!D:D,B24,STUDY03_DATA!F:F,C24)/'META DATA'!$B$2 -> 0.51666667 | F24: 0.45 | G24: =ABS($D24-F24) -> 0.066666667 | I24: 0.4 | J24: =ABS($D24-I24) -> 0.11666667 | L24: 0.45 | M24: =ABS($D24-L24) -> 0.066666667 | P24: 0.75 | Q24: =ABS($D24-P24) -> 0.23333333 | S24: 0.45 | T24: =ABS($D24-S24) -> 0.066666667 | V24: 0.6 | W24: =ABS($D24-V24) -> 0.083333333 | Y24: 0.05 | Z24: =ABS($D24-Y24) -> 0.46666667 | AB24: 0.1 | AC24: =ABS($D24-AB24) -> 0.41666667 | AE24: 0.95 | AF24: =ABS($D24-AE24) -> 0.43333333 | AH24: 0.75 | AI24: =ABS($D24-AH24) -> 0.23333333 | AK24: 0.5 | AL24: =ABS($D24-AK24) -> 0.016666667 | AN24: 0.2 | AO24: =ABS($D24-AN24) -> 0.31666667 | AQ24: 0.15 | AR24: =ABS($D24-AQ24) -> 0.36666667 | AT24: 0.85 | AU24: =ABS($D24-AT24) -> 0.33333333 | AW24: 0.8 | AX24: =ABS($D24-AW24) -> 0.28333333 | AZ24: 0.55 | BA24: =ABS($D24-AZ24) -> 0.033333333 | BC24: 0.3 | BD24: =ABS($D24-BC24) -> 0.21666667 | BF24: 0 | BG24: =ABS($D24-BF24) -> 0.51666667 | BJ24: GPT4 | BK24: Waiting for Input | BL24: =1-BL5 -> 0.92333333 | BM24: =AVERAGE(BL24:BL28) -> 0.903 | BN24: =AVERAGE(BM24,BM29,BM34) -> 0.90359259
A25: GPT4 | B25: Needs Help | C25: Confused | D25: =COUNTIFS(STUDY03_DATA!C:C,A25,STUDY03_DATA!D:D,B25,STUDY03_DATA!F:F,C25)/'META DATA'!$B$2 -> 0.11666667 | F25: 0.3 | G25: =ABS($D25-F25) -> 0.18333333 | I25: 0.4 | J25: =ABS($D25-I25) -> 0.28333333 | L25: 0.35 | M25: =ABS($D25-L25) -> 0.23333333 | P25: 0.25 | Q25: =ABS($D25-P25) -> 0.13333333 | S25: 0.4 | T25: =ABS($D25-S25) -> 0.28333333 | V25: 0.15 | W25: =ABS($D25-V25) -> 0.033333333 | Y25: 0.35 | Z25: =ABS($D25-Y25) -> 0.23333333 | AB25: 0.15 | AC25: =ABS($D25-AB25) -> 0.033333333 | AE25: 0.05 | AF25: =ABS($D25-AE25) -> 0.066666667 | AH25: 0.2 | AI25: =ABS($D25-AH25) -> 0.083333333 | AK25: 0.35 | AL25: =ABS($D25-AK25) -> 0.23333333 | AN25: 0.35 | AO25: =ABS($D25-AN25) -> 0.23333333 | AQ25: 0.1 | AR25: =ABS($D25-AQ25) -> 0.016666667 | AT25: 0.1 | AU25: =ABS($D25-AT25) -> 0.016666667 | AW25: 0.15 | AX25: =ABS($D25-AW25) -> 0.033333333 | AZ25: 0.15 | BA25: =ABS($D25-AZ25) -> 0.033333333 | BC25: 0.1 | BD25: =ABS($D25-BC25) -> 0.016666667 | BF25: 0.05 | BG25: =ABS($D25-BF25) -> 0.066666667 | BK25: Analyzing Object | BL25: =1-BL6 -> 0.81111111
A26: GPT4 | B26: Needs Help | C26: None | D26: =COUNTIFS(STUDY03_DATA!C:C,A26,STUDY03_DATA!D:D,B26,STUDY03_DATA!F:F,C26)/'META DATA'!$B$2 -> 0.083333333 | F26: 0.05 | G26: =ABS($D26-F26) -> 0.033333333 | I26: 0.05 | J26: =ABS($D26-I26) -> 0.033333333 | L26: 0 | M26: =ABS($D26-L26) -> 0.083333333 | P26: 0 | Q26: =ABS($D26-P26) -> 0.083333333 | S26: 0 | T26: =ABS($D26-S26) -> 0.083333333 | V26: 0.05 | W26: =ABS($D26-V26) -> 0.033333333 | Y26: 0.3 | Z26: =ABS($D26-Y26) -> 0.21666667 | AB26: 0.7 | AC26: =ABS($D26-AB26) -> 0.61666667 | AE26: 0 | AF26: =ABS($D26-AE26) -> 0.083333333 | AH26: 0 | AI26: =ABS($D26-AH26) -> 0.083333333 | AK26: 0.05 | AL26: =ABS($D26-AK26) -> 0.033333333 | AN26: 0.15 | AO26: =ABS($D26-AN26) -> 0.066666667 | AQ26: 0.4 | AR26: =ABS($D26-AQ26) -> 0.31666667 | AT26: 0 | AU26: =ABS($D26-AT26) -> 0.083333333 | AW26: 0 | AX26: =ABS($D26-AW26) -> 0.083333333 | AZ26: 0.1 | BA26: =ABS($D26-AZ26) -> 0.016666667 | BC26: 0.3 | BD26: =ABS($D26-BC26) -> 0.21666667 | BF26: 0.8 | BG26: =ABS($D26-BF26) -> 0.71666667 | BK26: Found Object | BL26: =1-BL7 -> 0.89166667
A27: GPT4 | B27: Confused | C27: Waiting for Input | D27: =COUNTIFS(STUDY03_DATA!C:C,A27,STUDY03_DATA!D:D,B27,STUDY03_DATA!F:F,C27)/'META DATA'!$B$2 -> 0.05 | F27: {=LLM_C_14!S2:S7} -> 0.2 | G27: =ABS($D27-F27) -> 0.15 | I27: {=LLM_C_18!S2:S7} -> 0.1 | J27: =ABS($D27-I27) -> 0.05 | L27: {=LLM_C_19!S2:S7} -> 0 | M27: =ABS($D27-L27) -> 0.05 | P27: {=LLM_C_20!S2:S7} -> 0 | Q27: =ABS($D27-P27) -> 0.05 | S27: {=LLM_C_21!S2:S7} -> 0 | T27: =ABS($D27-S27) -> 0.05 | V27: {=LLM_C_22!S2:S7} -> 0.2 | W27: =ABS($D27-V27) -> 0.15 | Y27: {=LLM_C_23!S2:S7} -> 0.15 | Z27: =ABS($D27-Y27) -> 0.1 | AB27: {=LLM_C_24!S2:S7} -> 0 | AC27: =ABS($D27-AB27) -> 0.05 | AE27: {=LLM_C_25!S2:S7} -> 0 | AF27: =ABS($D27-AE27) -> 0.05 | AH27: {=LLM_C_26!S2:S7} -> 0.2 | AI27: =ABS($D27-AH27) -> 0.15 | AK27: {=LLM_C_27!S2:S7} -> 0.05 | AL27: =ABS($D27-AK27) -> 0 | AN27: {=LLM_C_28!S2:S7} -> 0 | AO27: =ABS($D27-AN27) -> 0.05 | AQ27: {=LLM_C_29!S2:S7} -> 0.1 | AR27: =ABS($D27-AQ27) -> 0.05 | AT27: {=LLM_C_30!S2:S7} -> 0 | AU27: =ABS($D27-AT27) -> 0.05 | AW27: {=LLM_C_31!S2:S7} -> 0.1 | AX27: =ABS($D27-AW27) -> 0.05 | AZ27: {=LLM_C_32!S2:S7} -> 0.2 | BA27: =ABS($D27-AZ27) -> 0.15 | BC27: {=LLM_C_33!S2:S7} -> 0.05 | BD27: =ABS($D27-BC27) -> 0 | BF27: {=LLM_C_34!S2:S7} -> 0.05 | BG27: =ABS($D27-BF27) -> 0 | BK27: Needs Help | BL27: =1-BL8 -> 0.96944444
A28: GPT4 | B28: Confused | C28: Analyzing Object | D28: =COUNTIFS(STUDY03_DATA!C:C,A28,STUDY03_DATA!D:D,B28,STUDY03_DATA!F:F,C28)/'META DATA'!$B$2 -> 0.083333333 | F28: 0 | G28: =ABS($D28-F28) -> 0.083333333 | I28: 0 | J28: =ABS($D28-I28) -> 0.083333333 | L28: 0 | M28: =ABS($D28-L28) -> 0.083333333 | P28: 0 | Q28: =ABS($D28-P28) -> 0.083333333 | S28: 0 | T28: =ABS($D28-S28) -> 0.083333333 | V28: 0 | W28: =ABS($D28-V28) -> 0.083333333 | Y28: 0 | Z28: =ABS($D28-Y28) -> 0.083333333 | AB28: 0 | AC28: =ABS($D28-AB28) -> 0.083333333 | AE28: 0 | AF28: =ABS($D28-AE28) -> 0.083333333 | AH28: 0 | AI28: =ABS($D28-AH28) -> 0.083333333 | AK28: 0.05 | AL28: =ABS($D28-AK28) -> 0.033333333 | AN28: 0 | AO28: =ABS($D28-AN28) -> 0.083333333 | AQ28: 0 | AR28: =ABS($D28-AQ28) -> 0.083333333 | AT28: 0 | AU28: =ABS($D28-AT28) -> 0.083333333 | AW28: 0 | AX28: =ABS($D28-AW28) -> 0.083333333 | AZ28: 0.05 | BA28: =ABS($D28-AZ28) -> 0.033333333 | BC28: 0 | BD28: =ABS($D28-BC28) -> 0.083333333 | BF28: 0 | BG28: =ABS($D28-BF28) -> 0.083333333 | BK28: Confused | BL28: =1-BL9 -> 0.91944444
A29: GPT4 | B29: Confused | C29: Found Object | D29: =COUNTIFS(STUDY03_DATA!C:C,A29,STUDY03_DATA!D:D,B29,STUDY03_DATA!F:F,C29)/'META DATA'!$B$2 -> 0 | F29: 0 | G29: =ABS($D29-F29) -> 0 | I29: 0 | J29: =ABS($D29-I29) -> 0 | L29: 0 | M29: =ABS($D29-L29) -> 0 | P29: 0 | Q29: =ABS($D29-P29) -> 0 | S29: 0 | T29: =ABS($D29-S29) -> 0 | V29: 0 | W29: =ABS($D29-V29) -> 0 | Y29: 0 | Z29: =ABS($D29-Y29) -> 0 | AB29: 0 | AC29: =ABS($D29-AB29) -> 0 | AE29: 0 | AF29: =ABS($D29-AE29) -> 0 | AH29: 0 | AI29: =ABS($D29-AH29) -> 0 | AK29: 0 | AL29: =ABS($D29-AK29) -> 0 | AN29: 0 | AO29: =ABS($D29-AN29) -> 0 | AQ29: 0 | AR29: =ABS($D29-AQ29) -> 0 | AT29: 0 | AU29: =ABS($D29-AT29) -> 0 | AW29: 0 | AX29: =ABS($D29-AW29) -> 0 | AZ29: 0 | BA29: =ABS($D29-AZ29) -> 0 | BC29: 0 | BD29: =ABS($D29-BC29) -> 0 | BF29: 0 | BG29: =ABS($D29-BF29) -> 0 | BJ29: Human | BK29: Waiting for Input | BL29: =1-BL10 -> 0.94444444 | BM29: =AVERAGE(BL29:BL33) -> 0.89111111
A30: GPT4 | B30: Confused | C30: Needs Help | D30: =COUNTIFS(STUDY03_DATA!C:C,A30,STUDY03_DATA!D:D,B30,STUDY03_DATA!F:F,C30)/'META DATA'!$B$2 -> 0.51666667 | F30: 0.45 | G30: =ABS($D30-F30) -> 0.066666667 | I30: 0.35 | J30: =ABS($D30-I30) -> 0.16666667 | L30: 0.6 | M30: =ABS($D30-L30) -> 0.083333333 | P30: 0.4 | Q30: =ABS($D30-P30) -> 0.11666667 | S30: 0.25 | T30: =ABS($D30-S30) -> 0.26666667 | V30: 0.2 | W30: =ABS($D30-V30) -> 0.31666667 | Y30: 0.15 | Z30: =ABS($D30-Y30) -> 0.36666667 | AB30: 0.15 | AC30: =ABS($D30-AB30) -> 0.36666667 | AE30: 0.85 | AF30: =ABS($D30-AE30) -> 0.33333333 | AH30: 0.7 | AI30: =ABS($D30-AH30) -> 0.18333333 | AK30: 0.4 | AL30: =ABS($D30-AK30) -> 0.11666667 | AN30: 0.25 | AO30: =ABS($D30-AN30) -> 0.26666667 | AQ30: 0 | AR30: =ABS($D30-AQ30) -> 0.51666667 | AT30: 0.9 | AU30: =ABS($D30-AT30) -> 0.38333333 | AW30: 0.65 | AX30: =ABS($D30-AW30) -> 0.13333333 | AZ30: 0.35 | BA30: =ABS($D30-AZ30) -> 0.16666667 | BC30: 0.1 | BD30: =ABS($D30-BC30) -> 0.41666667 | BF30: 0.1 | BG30: =ABS($D30-BF30) -> 0.41666667 | BK30: Analyzing Object | BL30: =1-BL11 -> 0.86944444
A31: GPT4 | B31: Confused | C31: Confused | D31: =COUNTIFS(STUDY03_DATA!C:C,A31,STUDY03_DATA!D:D,B31,STUDY03_DATA!F:F,C31)/'META DATA'!$B$2 -> 0.31666667 | F31: 0.15 | G31: =ABS($D31-F31) -> 0.16666667 | I31: 0.3 | J31: =ABS($D31-I31) -> 0.016666667 | L31: 0.25 | M31: =ABS($D31-L31) -> 0.066666667 | P31: 0.6 | Q31: =ABS($D31-P31) -> 0.28333333 | S31: 0.75 | T31: =ABS($D31-S31) -> 0.43333333 | V31: 0.5 | W31: =ABS($D31-V31) -> 0.18333333 | Y31: 0.2 | Z31: =ABS($D31-Y31) -> 0.11666667 | AB31: 0.15 | AC31: =ABS($D31-AB31) -> 0.16666667 | AE31: 0.1 | AF31: =ABS($D31-AE31) -> 0.21666667 | AH31: 0.1 | AI31: =ABS($D31-AH31) -> 0.21666667 | AK31: 0.35 | AL31: =ABS($D31-AK31) -> 0.033333333 | AN31: 0.2 | AO31: =ABS($D31-AN31) -> 0.11666667 | AQ31: 0.1 | AR31: =ABS($D31-AQ31) -> 0.21666667 | AT31: 0.1 | AU31: =ABS($D31-AT31) -> 0.21666667 | AW31: 0.2 | AX31: =ABS($D31-AW31) -> 0.11666667 | AZ31: 0.2 | BA31: =ABS($D31-AZ31) -> 0.11666667 | BC31: 0.5 | BD31: =ABS($D31-BC31) -> 0.18333333 | BF31: 0.15 | BG31: =ABS($D31-BF31) -> 0.16666667 | BK31: Found Object | BL31: =1-BL12 -> 0.93333333
A32: GPT4 | B32: Confused | C32: None | D32: =COUNTIFS(STUDY03_DATA!C:C,A32,STUDY03_DATA!D:D,B32,STUDY03_DATA!F:F,C32)/'META DATA'!$B$2 -> 0.033333333 | F32: 0.2 | G32: =ABS($D32-F32) -> 0.16666667 | I32: 0.2 | J32: =ABS($D32-I32) -> 0.16666667 | L32: 0.1 | M32: =ABS($D32-L32) -> 0.066666667 | P32: 0 | Q32: =ABS($D32-P32) -> 0.033333333 | S32: 0 | T32: =ABS($D32-S32) -> 0.033333333 | V32: 0.1 | W32: =ABS($D32-V32) -> 0.066666667 | Y32: 0.5 | Z32: =ABS($D32-Y32) -> 0.46666667 | AB32: 0.7 | AC32: =ABS($D32-AB32) -> 0.66666667 | AE32: 0 | AF32: =ABS($D32-AE32) -> 0.033333333 | AH32: 0 | AI32: =ABS($D32-AH32) -> 0.033333333 | AK32: 0.15 | AL32: =ABS($D32-AK32) -> 0.11666667 | AN32: 0.55 | AO32: =ABS($D32-AN32) -> 0.51666667 | AQ32: 0.8 | AR32: =ABS($D32-AQ32) -> 0.76666667 | AT32: 0 | AU32: =ABS($D32-AT32) -> 0.033333333 | AW32: 0.05 | AX32: =ABS($D32-AW32) -> 0.016666667 | AZ32: 0.2 | BA32: =ABS($D32-AZ32) -> 0.16666667 | BC32: 0.35 | BD32: =ABS($D32-BC32) -> 0.31666667 | BF32: 0.7 | BG32: =ABS($D32-BF32) -> 0.66666667 | BK32: Needs Help | BL32: =1-BL13 -> 0.78333333
A33: Human | B33: Waiting for Input | C33: Waiting for Input | D33: =COUNTIFS(STUDY03_DATA!C:C,A33,STUDY03_DATA!D:D,B33,STUDY03_DATA!F:F,C33)/'META DATA'!$B$2 -> 0.65 | F33: {=HUM_WFI_14!S2:S7} -> 0.7 | G33: =ABS($D33-F33) -> 0.05 | I33: {=HUM_WFI_18!S2:S7} -> 0.6 | J33: =ABS($D33-I33) -> 0.05 | L33: {=HUM_WFI_19!S2:S7} -> 0.6 | M33: =ABS($D33-L33) -> 0.05 | P33: {=HUM_WFI_20!S2:S7} -> 0.9 | Q33: =ABS($D33-P33) -> 0.25 | S33: {=HUM_WFI_21!S2:S7} -> 0.65 | T33: =ABS($D33-S33) -> 0 | V33: {=HUM_WFI_22!S2:S7} -> 0.6 | W33: =ABS($D33-V33) -> 0.05 | Y33: {=HUM_WFI_23!S2:S7} -> 0.35 | Z33: =ABS($D33-Y33) -> 0.3 | AB33: {=HUM_WFI_24!S2:S7} -> 0.05 | AC33: =ABS($D33-AB33) -> 0.6 | AE33: {=HUM_WFI_25!S2:S7} -> 0.9 | AF33: =ABS($D33-AE33) -> 0.25 | AH33: {=HUM_WFI_26!S2:S7} -> 0.75 | AI33: =ABS($D33-AH33) -> 0.1 | AK33: {=HUM_WFI_27!S2:S7} -> 0.8 | AL33: =ABS($D33-AK33) -> 0.15 | AN33: {=HUM_WFI_28!S2:S7} -> 0.2 | AO33: =ABS($D33-AN33) -> 0.45 | AQ33: {=HUM_WFI_29!S2:S7} -> 0.1 | AR33: =ABS($D33-AQ33) -> 0.55 | AT33: {=HUM_WFI_30!S2:S7} -> 0.85 | AU33: =ABS($D33-AT33) -> 0.2 | AW33: {=HUM_WFI_31!S2:S7} -> 0.65 | AX33: =ABS($D33-AW33) -> 0 | AZ33: {=HUM_WFI_32!S2:S7} -> 0.65 | BA33: =ABS($D33-AZ33) -> 0 | BC33: {=HUM_WFI_33!S2:S7} -> 0.25 | BD33: =ABS($D33-BC33) -> 0.4 | BF33: {=HUM_WFI_34!S2:S7} -> 0.15 | BG33: =ABS($D33-BF33) -> 0.5 | BK33: Confused | BL33: =1-BL14 -> 0.925
A34: Human | B34: Waiting for Input | C34: Analyzing Object | D34: =COUNTIFS(STUDY03_DATA!C:C,A34,STUDY03_DATA!D:D,B34,STUDY03_DATA!F:F,C34)/'META DATA'!$B$2 -> 0.083333333 | F34: 0.15 | G34: =ABS($D34-F34) -> 0.066666667 | I34: 0.15 | J34: =ABS($D34-I34) -> 0.066666667 | L34: 0.15 | M34: =ABS($D34-L34) -> 0.066666667 | P34: 0 | Q34: =ABS($D34-P34) -> 0.083333333 | S34: 0 | T34: =ABS($D34-S34) -> 0.083333333 | V34: 0.1 | W34: =ABS($D34-V34) -> 0.016666667 | Y34: 0.05 | Z34: =ABS($D34-Y34) -> 0.033333333 | AB34: 0.05 | AC34: =ABS($D34-AB34) -> 0.033333333 | AE34: 0.05 | AF34: =ABS($D34-AE34) -> 0.033333333 | AH34: 0.15 | AI34: =ABS($D34-AH34) -> 0.066666667 | AK34: 0.1 | AL34: =ABS($D34-AK34) -> 0.016666667 | AN34: 0.3 | AO34: =ABS($D34-AN34) -> 0.21666667 | AQ34: 0.15 | AR34: =ABS($D34-AQ34) -> 0.066666667 | AT34: 0 | AU34: =ABS($D34-AT34) -> 0.083333333 | AW34: 0.15 | AX34: =ABS($D34-AW34) -> 0.066666667 | AZ34: 0.1 | BA34: =ABS($D34-AZ34) -> 0.016666667 | BC34: 0.05 | BD34: =ABS($D34-BC34) -> 0.033333333 | BF34: 0.1 | BG34: =ABS($D34-BF34) -> 0.016666667 | BJ34: Random | BK34: Waiting for Input | BL34: =1-BL15 -> 0.88611111 | BM34: =AVERAGE(BL34:BL38) -> 0.91666667
A35: Human | B35: Waiting for Input | C35: Found Object | D35: =COUNTIFS(STUDY03_DATA!C:C,A35,STUDY03_DATA!D:D,B35,STUDY03_DATA!F:F,C35)/'META DATA'!$B$2 -> 0.083333333 | F35: 0 | G35: =ABS($D35-F35) -> 0.083333333 | I35: 0 | J35: =ABS($D35-I35) -> 0.083333333 | L35: 0 | M35: =ABS($D35-L35) -> 0.083333333 | P35: 0 | Q35: =ABS($D35-P35) -> 0.083333333 | S35: 0 | T35: =ABS($D35-S35) -> 0.083333333 | V35: 0 | W35: =ABS($D35-V35) -> 0.083333333 | Y35: 0 | Z35: =ABS($D35-Y35) -> 0.083333333 | AB35: 0 | AC35: =ABS($D35-AB35) -> 0.083333333 | AE35: 0 | AF35: =ABS($D35-AE35) -> 0.083333333 | AH35: 0 | AI35: =ABS($D35-AH35) -> 0.083333333 | AK35: 0 | AL35: =ABS($D35-AK35) -> 0.083333333 | AN35: 0 | AO35: =ABS($D35-AN35) -> 0.083333333 | AQ35: 0 | AR35: =ABS($D35-AQ35) -> 0.083333333 | AT35: 0 | AU35: =ABS($D35-AT35) -> 0.083333333 | AW35: 0 | AX35: =ABS($D35-AW35) -> 0.083333333 | AZ35: 0 | BA35: =ABS($D35-AZ35) -> 0.083333333 | BC35: 0 | BD35: =ABS($D35-BC35) -> 0.083333333 | BF35: 0 | BG35: =ABS($D35-BF35) -> 0.083333333 | BK35: Analyzing Object | BL35: =1-BL16 -> 0.96111111
A36: Human | B36: Waiting for Input | C36: Needs Help | D36: =COUNTIFS(STUDY03_DATA!C:C,A36,STUDY03_DATA!D:D,B36,STUDY03_DATA!F:F,C36)/'META DATA'!$B$2 -> 0.05 | F36: 0.05 | G36: =ABS($D36-F36) -> 0 | I36: 0.1 | J36: =ABS($D36-I36) -> 0.05 | L36: 0 | M36: =ABS($D36-L36) -> 0.05 | P36: 0.1 | Q36: =ABS($D36-P36) -> 0.05 | S36: 0.15 | T36: =ABS($D36-S36) -> 0.1 | V36: 0 | W36: =ABS($D36-V36) -> 0.05 | Y36: 0.1 | Z36: =ABS($D36-Y36) -> 0.05 | AB36: 0 | AC36: =ABS($D36-AB36) -> 0.05 | AE36: 0.05 | AF36: =ABS($D36-AE36) -> 0 | AH36: 0.05 | AI36: =ABS($D36-AH36) -> 0 | AK36: 0 | AL36: =ABS($D36-AK36) -> 0.05 | AN36: 0.1 | AO36: =ABS($D36-AN36) -> 0.05 | AQ36: 0.05 | AR36: =ABS($D36-AQ36) -> 0 | AT36: 0.15 | AU36: =ABS($D36-AT36) -> 0.1 | AW36: 0.15 | AX36: =ABS($D36-AW36) -> 0.1 | AZ36: 0.05 | BA36: =ABS($D36-AZ36) -> 0 | BC36: 0 | BD36: =ABS($D36-BC36) -> 0.05 | BF36: 0.05 | BG36: =ABS($D36-BF36) -> 0 | BK36: Found Object | BL36: =1-BL17 -> 0.92777778
A37: Human | B37: Waiting for Input | C37: Confused | D37: =COUNTIFS(STUDY03_DATA!C:C,A37,STUDY03_DATA!D:D,B37,STUDY03_DATA!F:F,C37)/'META DATA'!$B$2 -> 0.066666667 | F37: 0 | G37: =ABS($D37-F37) -> 0.066666667 | I37: 0 | J37: =ABS($D37-I37) -> 0.066666667 | L37: 0 | M37: =ABS($D37-L37) -> 0.066666667 | P37: 0 | Q37: =ABS($D37-P37) -> 0.066666667 | S37: 0.05 | T37: =ABS($D37-S37) -> 0.016666667 | V37: 0.05 | W37: =ABS($D37-V37) -> 0.016666667 | Y37: 0 | Z37: =ABS($D37-Y37) -> 0.066666667 | AB37: 0 | AC37: =ABS($D37-AB37) -> 0.066666667 | AE37: 0 | AF37: =ABS($D37-AE37) -> 0.066666667 | AH37: 0 | AI37: =ABS($D37-AH37) -> 0.066666667 | AK37: 0 | AL37: =ABS($D37-AK37) -> 0.066666667 | AN37: 0 | AO37: =ABS($D37-AN37) -> 0.066666667 | AQ37: 0 | AR37: =ABS($D37-AQ37) -> 0.066666667 | AT37: 0 | AU37: =ABS($D37-AT37) -> 0.066666667 | AW37: 0 | AX37: =ABS($D37-AW37) -> 0.066666667 | AZ37: 0 | BA37: =ABS($D37-AZ37) -> 0.066666667 | BC37: 0 | BD37: =ABS($D37-BC37) -> 0.066666667 | BF37: 0 | BG37: =ABS($D37-BF37) -> 0.066666667 | BK37: Needs Help | BL37: =1-BL18 -> 0.89166667
A38: Human | B38: Waiting for Input | C38: None | D38: =COUNTIFS(STUDY03_DATA!C:C,A38,STUDY03_DATA!D:D,B38,STUDY03_DATA!F:F,C38)/'META DATA'!$B$2 -> 0.066666667 | F38: 0.1 | G38: =ABS($D38-F38) -> 0.033333333 | I38: 0.15 | J38: =ABS($D38-I38) -> 0.083333333 | L38: 0.25 | M38: =ABS($D38-L38) -> 0.18333333 | P38: 0 | Q38: =ABS($D38-P38) -> 0.066666667 | S38: 0.15 | T38: =ABS($D38-S38) -> 0.083333333 | V38: 0.25 | W38: =ABS($D38-V38) -> 0.18333333 | Y38: 0.5 | Z38: =ABS($D38-Y38) -> 0.43333333 | AB38: 0.9 | AC38: =ABS($D38-AB38) -> 0.83333333 | AE38: 0 | AF38: =ABS($D38-AE38) -> 0.066666667 | AH38: 0 | AI38: =ABS($D38-AH38) -> 0.066666667 | AK38: 0.05 | AL38: =ABS($D38-AK38) -> 0.016666667 | AN38: 0.4 | AO38: =ABS($D38-AN38) -> 0.33333333 | AQ38: 0.7 | AR38: =ABS($D38-AQ38) -> 0.63333333 | AT38: 0 | AU38: =ABS($D38-AT38) -> 0.066666667 | AW38: 0 | AX38: =ABS($D38-AW38) -> 0.066666667 | AZ38: 0.2 | BA38: =ABS($D38-AZ38) -> 0.13333333 | BC38: 0.7 | BD38: =ABS($D38-BC38) -> 0.63333333 | BF38: 0.7 | BG38: =ABS($D38-BF38) -> 0.63333333 | BK38: Confused | BL38: =1-BL19 -> 0.91666667
A39: Human | B39: Analyzing Object | C39: Waiting for Input | D39: =COUNTIFS(STUDY03_DATA!C:C,A39,STUDY03_DATA!D:D,B39,STUDY03_DATA!F:F,C39)/'META DATA'!$B$2 -> 0 | F39: {=HUM_AO_14!S2:S7} -> 0.05 | G39: =ABS($D39-F39) -> 0.05 | I39: {=HUM_AO_18!S2:S7} -> 0 | J39: =ABS($D39-I39) -> 0 | L39: {=HUM_AO_19!S2:S7} -> 0.05 | M39: =ABS($D39-L39) -> 0.05 | P39: {=HUM_AO_20!S2:S7} -> 0 | Q39: =ABS($D39-P39) -> 0 | S39: {=HUM_AO_21!S2:S7} -> 0 | T39: =ABS($D39-S39) -> 0 | V39: {=HUM_AO_22!S2:S7} -> 0 | W39: =ABS($D39-V39) -> 0 | Y39: {=HUM_AO_23!S2:S7} -> 0.1 | Z39: =ABS($D39-Y39) -> 0.1 | AB39: {=HUM_AO_24!S2:S7} -> 0 | AC39: =ABS($D39-AB39) -> 0 | AE39: {=HUM_AO_25!S2:S7} -> 0 | AF39: =ABS($D39-AE39) -> 0 | AH39: {=HUM_AO_26!S2:S7} -> 0 | AI39: =ABS($D39-AH39) -> 0 | AK39: {=HUM_AO_27!S2:S7} -> 0.05 | AL39: =ABS($D39-AK39) -> 0.05 | AN39: {=HUM_AO_28!S2:S7} -> 0 | AO39: =ABS($D39-AN39) -> 0 | AQ39: {=HUM_AO_29!S2:S7} -> 0 | AR39: =ABS($D39-AQ39) -> 0 | AT39: {=HUM_AO_30!S2:S7} -> 0 | AU39: =ABS($D39-AT39) -> 0 | AW39: {=HUM_AO_31!S2:S7} -> 0 | AX39: =ABS($D39-AW39) -> 0 | AZ39: {=HUM_AO_32!S2:S7} -> 0 | BA39: =ABS($D39-AZ39) -> 0 | BC39: {=HUM_AO_33!S2:S7} -> 0.05 | BD39: =ABS($D39-BC39) -> 0.05 | BF39: {=HUM_AO_34!S2:S7} -> 0 | BG39: =ABS($D39-BF39) -> 0
A40: Human | B40: Analyzing Object | C40: Analyzing Object | D40: =COUNTIFS(STUDY03_DATA!C:C,A40,STUDY03_DATA!D:D,B40,STUDY03_DATA!F:F,C40)/'META DATA'!$B$2 -> 0.55 | F40: 0.65 | G40: =ABS($D40-F40) -> 0.1 | I40: 0.7 | J40: =ABS($D40-I40) -> 0.15 | L40: 0.7 | M40: =ABS($D40-L40) -> 0.15 | P40: 0.95 | Q40: =ABS($D40-P40) -> 0.4 | S40: 0.9 | T40: =ABS($D40-S40) -> 0.35 | V40: 0.7 | W40: =ABS($D40-V40) -> 0.15 | Y40: 0.4 | Z40: =ABS($D40-Y40) -> 0.15 | AB40: 0.15 | AC40: =ABS($D40-AB40) -> 0.4 | AE40: 0.95 | AF40: =ABS($D40-AE40) -> 0.4 | AH40: 0.8 | AI40: =ABS($D40-AH40) -> 0.25 | AK40: 0.65 | AL40: =ABS($D40-AK40) -> 0.1 | AN40: 0.5 | AO40: =ABS($D40-AN40) -> 0.05 | AQ40: 0.1 | AR40: =ABS($D40-AQ40) -> 0.45 | AT40: 1 | AU40: =ABS($D40-AT40) -> 0.45 | AW40: 0.85 | AX40: =ABS($D40-AW40) -> 0.3 | AZ40: 0.85 | BA40: =ABS($D40-AZ40) -> 0.3 | BC40: 0.4 | BD40: =ABS($D40-BC40) -> 0.15 | BF40: 0.15 | BG40: =ABS($D40-BF40) -> 0.4 | BJ40: USER STUDY 03 Classification Accuracy Data
A41: Human | B41: Analyzing Object | C41: Found Object | D41: =COUNTIFS(STUDY03_DATA!C:C,A41,STUDY03_DATA!D:D,B41,STUDY03_DATA!F:F,C41)/'META DATA'!$B$2 -> 0.43333333 | F41: 0.05 | G41: =ABS($D41-F41) -> 0.38333333 | I41: 0.2 | J41: =ABS($D41-I41) -> 0.23333333 | L41: 0.1 | M41: =ABS($D41-L41) -> 0.33333333 | P41: 0.05 | Q41: =ABS($D41-P41) -> 0.38333333 | S41: 0.05 | T41: =ABS($D41-S41) -> 0.38333333 | V41: 0.15 | W41: =ABS($D41-V41) -> 0.28333333 | Y41: 0.2 | Z41: =ABS($D41-Y41) -> 0.23333333 | AB41: 0 | AC41: =ABS($D41-AB41) -> 0.43333333 | AE41: 0.05 | AF41: =ABS($D41-AE41) -> 0.38333333 | AH41: 0.1 | AI41: =ABS($D41-AH41) -> 0.33333333 | AK41: 0 | AL41: =ABS($D41-AK41) -> 0.43333333 | AN41: 0.25 | AO41: =ABS($D41-AN41) -> 0.18333333 | AQ41: 0.1 | AR41: =ABS($D41-AQ41) -> 0.33333333 | AT41: 0 | AU41: =ABS($D41-AT41) -> 0.43333333 | AW41: 0.05 | AX41: =ABS($D41-AW41) -> 0.38333333 | AZ41: 0.1 | BA41: =ABS($D41-AZ41) -> 0.33333333 | BC41: 0.15 | BD41: =ABS($D41-BC41) -> 0.28333333 | BF41: 0 | BG41: =ABS($D41-BF41) -> 0.43333333 | BJ41: Condition | BK41: State | BL41: Percentage | BM41: Average
A42: Human | B42: Analyzing Object | C42: Needs Help | D42: =COUNTIFS(STUDY03_DATA!C:C,A42,STUDY03_DATA!D:D,B42,STUDY03_DATA!F:F,C42)/'META DATA'!$B$2 -> 0 | F42: 0 | G42: =ABS($D42-F42) -> 0 | I42: 0 | J42: =ABS($D42-I42) -> 0 | L42: 0 | M42: =ABS($D42-L42) -> 0 | P42: 0 | Q42: =ABS($D42-P42) -> 0 | S42: 0 | T42: =ABS($D42-S42) -> 0 | V42: 0 | W42: =ABS($D42-V42) -> 0 | Y42: 0 | Z42: =ABS($D42-Y42) -> 0 | AB42: 0 | AC42: =ABS($D42-AB42) -> 0 | AE42: 0 | AF42: =ABS($D42-AE42) -> 0 | AH42: 0 | AI42: =ABS($D42-AH42) -> 0 | AK42: 0 | AL42: =ABS($D42-AK42) -> 0 | AN42: 0 | AO42: =ABS($D42-AN42) -> 0 | AQ42: 0 | AR42: =ABS($D42-AQ42) -> 0 | AT42: 0 | AU42: =ABS($D42-AT42) -> 0 | AW42: 0 | AX42: =ABS($D42-AW42) -> 0 | AZ42: 0 | BA42: =ABS($D42-AZ42) -> 0 | BC42: 0 | BD42: =ABS($D42-BC42) -> 0 | BF42: 0 | BG42: =ABS($D42-BF42) -> 0 | BJ42: GPT4 | BK42: Waiting for Input | BL42: 0.73333333 | BM42: 0.46
A43: Human | B43: Analyzing Object | C43: Confused | D43: =COUNTIFS(STUDY03_DATA!C:C,A43,STUDY03_DATA!D:D,B43,STUDY03_DATA!F:F,C43)/'META DATA'!$B$2 -> 0.016666667 | F43: 0.05 | G43: =ABS($D43-F43) -> 0.033333333 | I43: 0 | J43: =ABS($D43-I43) -> 0.016666667 | L43: 0.05 | M43: =ABS($D43-L43) -> 0.033333333 | P43: 0 | Q43: =ABS($D43-P43) -> 0.016666667 | S43: 0 | T43: =ABS($D43-S43) -> 0.016666667 | V43: 0.1 | W43: =ABS($D43-V43) -> 0.083333333 | Y43: 0.1 | Z43: =ABS($D43-Y43) -> 0.083333333 | AB43: 0.1 | AC43: =ABS($D43-AB43) -> 0.083333333 | AE43: 0 | AF43: =ABS($D43-AE43) -> 0.016666667 | AH43: 0.1 | AI43: =ABS($D43-AH43) -> 0.083333333 | AK43: 0.05 | AL43: =ABS($D43-AK43) -> 0.033333333 | AN43: 0 | AO43: =ABS($D43-AN43) -> 0.016666667 | AQ43: 0.05 | AR43: =ABS($D43-AQ43) -> 0.033333333 | AT43: 0 | AU43: =ABS($D43-AT43) -> 0.016666667 | AW43: 0 | AX43: =ABS($D43-AW43) -> 0.016666667 | AZ43: 0 | BA43: =ABS($D43-AZ43) -> 0.016666667 | BC43: 0.1 | BD43: =ABS($D43-BC43) -> 0.083333333 | BF43: 0.15 | BG43: =ABS($D43-BF43) -> 0.13333333 | BK43: Analyzing Object | BL43: 0.33333333
A44: Human | B44: Analyzing Object | C44: None | D44: =COUNTIFS(STUDY03_DATA!C:C,A44,STUDY03_DATA!D:D,B44,STUDY03_DATA!F:F,C44)/'META DATA'!$B$2 -> 0 | F44: 0.2 | G44: =ABS($D44-F44) -> 0.2 | I44: 0.1 | J44: =ABS($D44-I44) -> 0.1 | L44: 0.1 | M44: =ABS($D44-L44) -> 0.1 | P44: 0 | Q44: =ABS($D44-P44) -> 0 | S44: 0.05 | T44: =ABS($D44-S44) -> 0.05 | V44: 0.05 | W44: =ABS($D44-V44) -> 0.05 | Y44: 0.2 | Z44: =ABS($D44-Y44) -> 0.2 | AB44: 0.75 | AC44: =ABS($D44-AB44) -> 0.75 | AE44: 0 | AF44: =ABS($D44-AE44) -> 0 | AH44: 0 | AI44: =ABS($D44-AH44) -> 0 | AK44: 0.25 | AL44: =ABS($D44-AK44) -> 0.25 | AN44: 0.15 | AO44: =ABS($D44-AN44) -> 0.15 | AQ44: 0.7 | AR44: =ABS($D44-AQ44) -> 0.7 | AT44: 0 | AU44: =ABS($D44-AT44) -> 0 | AW44: 0.1 | AX44: =ABS($D44-AW44) -> 0.1 | AZ44: 0.05 | BA44: =ABS($D44-AZ44) -> 0.05 | BC44: 0.3 | BD44: =ABS($D44-BC44) -> 0.3 | BF44: 0.7 | BG44: =ABS($D44-BF44) -> 0.7 | BK44: Found Object | BL44: 0.4
A45: Human | B45: Found Object | C45: Waiting for Input | D45: =COUNTIFS(STUDY03_DATA!C:C,A45,STUDY03_DATA!D:D,B45,STUDY03_DATA!F:F,C45)/'META DATA'!$B$2 -> 0 | F45: {=HUM_FO_14!S2:S7} -> 0.15 | G45: =ABS($D45-F45) -> 0.15 | I45: {=HUM_FO_18!S2:S7} -> 0.1 | J45: =ABS($D45-I45) -> 0.1 | L45: {=HUM_FO_19!S2:S7} -> 0 | M45: =ABS($D45-L45) -> 0 | P45: {=HUM_FO_20!S2:S7} -> 0.05 | Q45: =ABS($D45-P45) -> 0.05 | S45: {=HUM_FO_21!S2:S7} -> 0.05 | T45: =ABS($D45-S45) -> 0.05 | V45: {=HUM_FO_22!S2:S7} -> 0.05 | W45: =ABS($D45-V45) -> 0.05 | Y45: {=HUM_FO_23!S2:S7} -> 0.1 | Z45: =ABS($D45-Y45) -> 0.1 | AB45: {=HUM_FO_24!S2:S7} -> 0.05 | AC45: =ABS($D45-AB45) -> 0.05 | AE45: {=HUM_FO_25!S2:S7} -> 0 | AF45: =ABS($D45-AE45) -> 0 | AH45: {=HUM_FO_26!S2:S7} -> 0 | AI45: =ABS($D45-AH45) -> 0 | AK45: {=HUM_FO_27!S2:S7} -> 0.05 | AL45: =ABS($D45-AK45) -> 0.05 | AN45: {=HUM_FO_28!S2:S7} -> 0.05 | AO45: =ABS($D45-AN45) -> 0.05 | AQ45: {=HUM_FO_29!S2:S7} -> 0 | AR45: =ABS($D45-AQ45) -> 0 | AT45: {=HUM_FO_30!S2:S7} -> 0 | AU45: =ABS($D45-AT45) -> 0 | AW45: {=HUM_FO_31!S2:S7} -> 0.15 | AX45: =ABS($D45-AW45) -> 0.15 | AZ45: {=HUM_FO_32!S2:S7} -> 0.05 | BA45: =ABS($D45-AZ45) -> 0.05 | BC45: {=HUM_FO_33!S2:S7} -> 0.05 | BD45: =ABS($D45-BC45) -> 0.05 | BF45: {=HUM_FO_34!S2:S7} -> 0 | BG45: =ABS($D45-BF45) -> 0 | BK45: Needs Help | BL45: 0.51666667
A46: Human | B46: Found Object | C46: Analyzing Object | D46: =COUNTIFS(STUDY03_DATA!C:C,A46,STUDY03_DATA!D:D,B46,STUDY03_DATA!F:F,C46)/'META DATA'!$B$2 -> 0.5 | F46: 0.6 | G46: =ABS($D46-F46) -> 0.1 | I46: 0.6 | J46: =ABS($D46-I46) -> 0.1 | L46: 0.55 | M46: =ABS($D46-L46) -> 0.05 | P46: 0.8 | Q46: =ABS($D46-P46) -> 0.3 | S46: 0.75 | T46: =ABS($D46-S46) -> 0.25 | V46: 0.75 | W46: =ABS($D46-V46) -> 0.25 | Y46: 0.2 | Z46: =ABS($D46-Y46) -> 0.3 | AB46: 0.05 | AC46: =ABS($D46-AB46) -> 0.45 | AE46: 0.85 | AF46: =ABS($D46-AE46) -> 0.35 | AH46: 0.85 | AI46: =ABS($D46-AH46) -> 0.35 | AK46: 0.55 | AL46: =ABS($D46-AK46) -> 0.05 | AN46: 0.3 | AO46: =ABS($D46-AN46) -> 0.2 | AQ46: 0.25 | AR46: =ABS($D46-AQ46) -> 0.25 | AT46: 0.95 | AU46: =ABS($D46-AT46) -> 0.45 | AW46: 0.55 | AX46: =ABS($D46-AW46) -> 0.05 | AZ46: 0.35 | BA46: =ABS($D46-AZ46) -> 0.15 | BC46: 0.4 | BD46: =ABS($D46-BC46) -> 0.1 | BF46: 0.15 | BG46: =ABS($D46-BF46) -> 0.35 | BK46: Confused | BL46: 0.31666667
A47: Human | B47: Found Object | C47: Found Object | D47: =COUNTIFS(STUDY03_DATA!C:C,A47,STUDY03_DATA!D:D,B47,STUDY03_DATA!F:F,C47)/'META DATA'!$B$2 -> 0.48333333 | F47: 0.05 | G47: =ABS($D47-F47) -> 0.43333333 | I47: 0.15 | J47: =ABS($D47-I47) -> 0.33333333 | L47: 0.2 | M47: =ABS($D47-L47) -> 0.28333333 | P47: 0.15 | Q47: =ABS($D47-P47) -> 0.33333333 | S47: 0.1 | T47: =ABS($D47-S47) -> 0.38333333 | V47: 0.05 | W47: =ABS($D47-V47) -> 0.43333333 | Y47: 0.25 | Z47: =ABS($D47-Y47) -> 0.23333333 | AB47: 0.05 | AC47: =ABS($D47-AB47) -> 0.43333333 | AE47: 0.05 | AF47: =ABS($D47-AE47) -> 0.43333333 | AH47: 0.15 | AI47: =ABS($D47-AH47) -> 0.33333333 | AK47: 0.3 | AL47: =ABS($D47-AK47) -> 0.18333333 | AN47: 0.4 | AO47: =ABS($D47-AN47) -> 0.083333333 | AQ47: 0.2 | AR47: =ABS($D47-AQ47) -> 0.28333333 | AT47: 0 | AU47: =ABS($D47-AT47) -> 0.48333333 | AW47: 0.2 | AX47: =ABS($D47-AW47) -> 0.28333333 | AZ47: 0.4 | BA47: =ABS($D47-AZ47) -> 0.083333333 | BC47: 0.2 | BD47: =ABS($D47-BC47) -> 0.28333333 | BF47: 0.05 | BG47: =ABS($D47-BF47) -> 0.43333333 | BJ47: Human | BK47: Waiting for Input | BL47: 0.65 | BM47: 0.42666667
A48: Human | B48: Found Object | C48: Needs Help | D48: =COUNTIFS(STUDY03_DATA!C:C,A48,STUDY03_DATA!D:D,B48,STUDY03_DATA!F:F,C48)/'META DATA'!$B$2 -> 0.016666667 | F48: 0 | G48: =ABS($D48-F48) -> 0.016666667 | I48: 0 | J48: =ABS($D48-I48) -> 0.016666667 | L48: 0 | M48: =ABS($D48-L48) -> 0.016666667 | P48: 0 | Q48: =ABS($D48-P48) -> 0.016666667 | S48: 0 | T48: =ABS($D48-S48) -> 0.016666667 | V48: 0 | W48: =ABS($D48-V48) -> 0.016666667 | Y48: 0 | Z48: =ABS($D48-Y48) -> 0.016666667 | AB48: 0 | AC48: =ABS($D48-AB48) -> 0.016666667 | AE48: 0 | AF48: =ABS($D48-AE48) -> 0.016666667 | AH48: 0 | AI48: =ABS($D48-AH48) -> 0.016666667 | AK48: 0 | AL48: =ABS($D48-AK48) -> 0.016666667 | AN48: 0 | AO48: =ABS($D48-AN48) -> 0.016666667 | AQ48: 0 | AR48: =ABS($D48-AQ48) -> 0.016666667 | AT48: 0 | AU48: =ABS($D48-AT48) -> 0.016666667 | AW48: 0.05 | AX48: =ABS($D48-AW48) -> 0.033333333 | AZ48: 0 | BA48: =ABS($D48-AZ48) -> 0.016666667 | BC48: 0 | BD48: =ABS($D48-BC48) -> 0.016666667 | BF48: 0 | BG48: =ABS($D48-BF48) -> 0.016666667 | BK48: Analyzing Object | BL48: 0.55
A49: Human | B49: Found Object | C49: Confused | D49: =COUNTIFS(STUDY03_DATA!C:C,A49,STUDY03_DATA!D:D,B49,STUDY03_DATA!F:F,C49)/'META DATA'!$B$2 -> 0 | F49: 0 | G49: =ABS($D49-F49) -> 0 | I49: 0.05 | J49: =ABS($D49-I49) -> 0.05 | L49: 0.05 | M49: =ABS($D49-L49) -> 0.05 | P49: 0 | Q49: =ABS($D49-P49) -> 0 | S49: 0 | T49: =ABS($D49-S49) -> 0 | V49: 0 | W49: =ABS($D49-V49) -> 0 | Y49: 0 | Z49: =ABS($D49-Y49) -> 0 | AB49: 0 | AC49: =ABS($D49-AB49) -> 0 | AE49: 0 | AF49: =ABS($D49-AE49) -> 0 | AH49: 0 | AI49: =ABS($D49-AH49) -> 0 | AK49: 0 | AL49: =ABS($D49-AK49) -> 0 | AN49: 0 | AO49: =ABS($D49-AN49) -> 0 | AQ49: 0 | AR49: =ABS($D49-AQ49) -> 0 | AT49: 0.05 | AU49: =ABS($D49-AT49) -> 0.05 | AW49: 0 | AX49: =ABS($D49-AW49) -> 0 | AZ49: 0.05 | BA49: =ABS($D49-AZ49) -> 0.05 | BC49: 0 | BD49: =ABS($D49-BC49) -> 0 | BF49: 0 | BG49: =ABS($D49-BF49) -> 0 | BK49: Found Object | BL49: 0.48333333
A50: Human | B50: Found Object | C50: None | D50: =COUNTIFS(STUDY03_DATA!C:C,A50,STUDY03_DATA!D:D,B50,STUDY03_DATA!F:F,C50)/'META DATA'!$B$2 -> 0 | F50: 0.15 | G50: =ABS($D50-F50) -> 0.15 | I50: 0.1 | J50: =ABS($D50-I50) -> 0.1 | L50: 0.15 | M50: =ABS($D50-L50) -> 0.15 | P50: 0 | Q50: =ABS($D50-P50) -> 0 | S50: 0.1 | T50: =ABS($D50-S50) -> 0.1 | V50: 0.15 | W50: =ABS($D50-V50) -> 0.15 | Y50: 0.45 | Z50: =ABS($D50-Y50) -> 0.45 | AB50: 0.85 | AC50: =ABS($D50-AB50) -> 0.85 | AE50: 0.05 | AF50: =ABS($D50-AE50) -> 0.05 | AH50: 0 | AI50: =ABS($D50-AH50) -> 0 | AK50: 0.1 | AL50: =ABS($D50-AK50) -> 0.1 | AN50: 0.2 | AO50: =ABS($D50-AN50) -> 0.2 | AQ50: 0.5 | AR50: =ABS($D50-AQ50) -> 0.5 | AT50: 0 | AU50: =ABS($D50-AT50) -> 0 | AW50: 0.05 | AX50: =ABS($D50-AW50) -> 0.05 | AZ50: 0.15 | BA50: =ABS($D50-AZ50) -> 0.15 | BC50: 0.35 | BD50: =ABS($D50-BC50) -> 0.35 | BF50: 0.8 | BG50: =ABS($D50-BF50) -> 0.8 | BK50: Needs Help | BL50: 0.18333333
A51: Human | B51: Needs Help | C51: Waiting for Input | D51: =COUNTIFS(STUDY03_DATA!C:C,A51,STUDY03_DATA!D:D,B51,STUDY03_DATA!F:F,C51)/'META DATA'!$B$2 -> 0.56666667 | F51: {=HUM_NH_14!S2:S7} -> 0 | G51: =ABS($D51-F51) -> 0.56666667 | I51: {=HUM_NH_18!S2:S7} -> 0.05 | J51: =ABS($D51-I51) -> 0.51666667 | L51: {=HUM_NH_19!S2:S7} -> 0.1 | M51: =ABS($D51-L51) -> 0.46666667 | P51: {=HUM_NH_20!S2:S7} -> 0 | Q51: =ABS($D51-P51) -> 0.56666667 | S51: {=HUM_NH_21!S2:S7} -> 0.05 | T51: =ABS($D51-S51) -> 0.51666667 | V51: {=HUM_NH_22!S2:S7} -> 0.15 | W51: =ABS($D51-V51) -> 0.41666667 | Y51: {=HUM_NH_23!S2:S7} -> 0.1 | Z51: =ABS($D51-Y51) -> 0.46666667 | AB51: {=HUM_NH_24!S2:S7} -> 0.15 | AC51: =ABS($D51-AB51) -> 0.41666667 | AE51: {=HUM_NH_25!S2:S7} -> 0 | AF51: =ABS($D51-AE51) -> 0.56666667 | AH51: {=HUM_NH_26!S2:S7} -> 0.05 | AI51: =ABS($D51-AH51) -> 0.51666667 | AK51: {=HUM_NH_27!S2:S7} -> 0.1 | AL51: =ABS($D51-AK51) -> 0.46666667 | AN51: {=HUM_NH_28!S2:S7} -> 0.05 | AO51: =ABS($D51-AN51) -> 0.51666667 | AQ51: {=HUM_NH_29!S2:S7} -> 0.05 | AR51: =ABS($D51-AQ51) -> 0.51666667 | AT51: {=HUM_NH_20!S2:S7} -> 0 | AU51: =ABS($D51-AT51) -> 0.56666667 | AW51: {=HUM_NH_31!S2:S7} -> 0 | AX51: =ABS($D51-AW51) -> 0.56666667 | AZ51: {=HUM_NH_32!S2:S7} -> 0 | BA51: =ABS($D51-AZ51) -> 0.56666667 | BC51: {=HUM_NH_33!S2:S7} -> 0.1 | BD51: =ABS($D51-BC51) -> 0.46666667 | BF51: {=HUM_NH_34!S2:S7} -> 0 | BG51: =ABS($D51-BF51) -> 0.56666667 | BK51: Confused | BL51: 0.26666667
A52: Human | B52: Needs Help | C52: Analyzing Object | D52: =COUNTIFS(STUDY03_DATA!C:C,A52,STUDY03_DATA!D:D,B52,STUDY03_DATA!F:F,C52)/'META DATA'!$B$2 -> 0.033333333 | F52: 0 | G52: =ABS($D52-F52) -> 0.033333333 | I52: 0 | J52: =ABS($D52-I52) -> 0.033333333 | L52: 0 | M52: =ABS($D52-L52) -> 0.033333333 | P52: 0 | Q52: =ABS($D52-P52) -> 0.033333333 | S52: 0 | T52: =ABS($D52-S52) -> 0.033333333 | V52: 0 | W52: =ABS($D52-V52) -> 0.033333333 | Y52: 0.05 | Z52: =ABS($D52-Y52) -> 0.016666667 | AB52: 0.05 | AC52: =ABS($D52-AB52) -> 0.016666667 | AE52: 0 | AF52: =ABS($D52-AE52) -> 0.033333333 | AH52: 0.05 | AI52: =ABS($D52-AH52) -> 0.016666667 | AK52: 0.05 | AL52: =ABS($D52-AK52) -> 0.016666667 | AN52: 0.05 | AO52: =ABS($D52-AN52) -> 0.016666667 | AQ52: 0.05 | AR52: =ABS($D52-AQ52) -> 0.016666667 | AT52: 0 | AU52: =ABS($D52-AT52) -> 0.033333333 | AW52: 0 | AX52: =ABS($D52-AW52) -> 0.033333333 | AZ52: 0.05 | BA52: =ABS($D52-AZ52) -> 0.016666667 | BC52: 0 | BD52: =ABS($D52-BC52) -> 0.033333333 | BF52: 0.05 | BG52: =ABS($D52-BF52) -> 0.016666667 | BJ52: Random | BK52: Waiting for Input | BL52: 0.016666667 | BM52: 0.09
A53: Human | B53: Needs Help | C53: Found Object | D53: =COUNTIFS(STUDY03_DATA!C:C,A53,STUDY03_DATA!D:D,B53,STUDY03_DATA!F:F,C53)/'META DATA'!$B$2 -> 0.05 | F53: 0 | G53: =ABS($D53-F53) -> 0.05 | I53: 0.1 | J53: =ABS($D53-I53) -> 0.05 | L53: 0 | M53: =ABS($D53-L53) -> 0.05 | P53: 0 | Q53: =ABS($D53-P53) -> 0.05 | S53: 0 | T53: =ABS($D53-S53) -> 0.05 | V53: 0.05 | W53: =ABS($D53-V53) -> 0 | Y53: 0.05 | Z53: =ABS($D53-Y53) -> 0 | AB53: 0 | AC53: =ABS($D53-AB53) -> 0.05 | AE53: 0 | AF53: =ABS($D53-AE53) -> 0.05 | AH53: 0 | AI53: =ABS($D53-AH53) -> 0.05 | AK53: 0.05 | AL53: =ABS($D53-AK53) -> 0 | AN53: 0.1 | AO53: =ABS($D53-AN53) -> 0.05 | AQ53: 0 | AR53: =ABS($D53-AQ53) -> 0.05 | AT53: 0 | AU53: =ABS($D53-AT53) -> 0.05 | AW53: 0 | AX53: =ABS($D53-AW53) -> 0.05 | AZ53: 0 | BA53: =ABS($D53-AZ53) -> 0.05 | BC53: 0 | BD53: =ABS($D53-BC53) -> 0.05 | BF53: 0.05 | BG53: =ABS($D53-BF53) -> 0 | BK53: Analyzing Object | BL53: 0.016666667
A54: Human | B54: Needs Help | C54: Needs Help | D54: =COUNTIFS(STUDY03_DATA!C:C,A54,STUDY03_DATA!D:D,B54,STUDY03_DATA!F:F,C54)/'META DATA'!$B$2 -> 0.18333333 | F54: 0.6 | G54: =ABS($D54-F54) -> 0.41666667 | I54: 0.65 | J54: =ABS($D54-I54) -> 0.46666667 | L54: 0.65 | M54: =ABS($D54-L54) -> 0.46666667 | P54: 0.95 | Q54: =ABS($D54-P54) -> 0.76666667 | S54: 0.7 | T54: =ABS($D54-S54) -> 0.51666667 | V54: 0.4 | W54: =ABS($D54-V54) -> 0.21666667 | Y54: 0.2 | Z54: =ABS($D54-Y54) -> 0.016666667 | AB54: 0.05 | AC54: =ABS($D54-AB54) -> 0.13333333 | AE54: 1 | AF54: =ABS($D54-AE54) -> 0.81666667 | AH54: 0.9 | AI54: =ABS($D54-AH54) -> 0.71666667 | AK54: 0.7 | AL54: =ABS($D54-AK54) -> 0.51666667 | AN54: 0.3 | AO54: =ABS($D54-AN54) -> 0.11666667 | AQ54: 0.1 | AR54: =ABS($D54-AQ54) -> 0.083333333 | AT54: 0.95 | AU54: =ABS($D54-AT54) -> 0.76666667 | AW54: 0.8 | AX54: =ABS($D54-AW54) -> 0.61666667 | AZ54: 0.7 | BA54: =ABS($D54-AZ54) -> 0.51666667 | BC54: 0.45 | BD54: =ABS($D54-BC54) -> 0.26666667 | BF54: 0.05 | BG54: =ABS($D54-BF54) -> 0.13333333 | BK54: Found Object | BL54: 0.16666667
A55: Human | B55: Needs Help | C55: Confused | D55: =COUNTIFS(STUDY03_DATA!C:C,A55,STUDY03_DATA!D:D,B55,STUDY03_DATA!F:F,C55)/'META DATA'!$B$2 -> 0.15 | F55: 0.2 | G55: =ABS($D55-F55) -> 0.05 | I55: 0.15 | J55: =ABS($D55-I55) -> 0 | L55: 0.2 | M55: =ABS($D55-L55) -> 0.05 | P55: 0.05 | Q55: =ABS($D55-P55) -> 0.1 | S55: 0.25 | T55: =ABS($D55-S55) -> 0.1 | V55: 0.3 | W55: =ABS($D55-V55) -> 0.15 | Y55: 0.2 | Z55: =ABS($D55-Y55) -> 0.05 | AB55: 0.3 | AC55: =ABS($D55-AB55) -> 0.15 | AE55: 0 | AF55: =ABS($D55-AE55) -> 0.15 | AH55: 0 | AI55: =ABS($D55-AH55) -> 0.15 | AK55: 0.05 | AL55: =ABS($D55-AK55) -> 0.1 | AN55: 0.2 | AO55: =ABS($D55-AN55) -> 0.05 | AQ55: 0.05 | AR55: =ABS($D55-AQ55) -> 0.1 | AT55: 0.05 | AU55: =ABS($D55-AT55) -> 0.1 | AW55: 0.1 | AX55: =ABS($D55-AW55) -> 0.05 | AZ55: 0.15 | BA55: =ABS($D55-AZ55) -> 0 | BC55: 0.1 | BD55: =ABS($D55-BC55) -> 0.05 | BF55: 0.05 | BG55: =ABS($D55-BF55) -> 0.1 | BK55: Needs Help | BL55: 0.066666667
A56: Human | B56: Needs Help | C56: None | D56: =COUNTIFS(STUDY03_DATA!C:C,A56,STUDY03_DATA!D:D,B56,STUDY03_DATA!F:F,C56)/'META DATA'!$B$2 -> 0.016666667 | F56: 0.1 | G56: =ABS($D56-F56) -> 0.083333333 | I56: 0.05 | J56: =ABS($D56-I56) -> 0.033333333 | L56: 0 | M56: =ABS($D56-L56) -> 0.016666667 | P56: 0 | Q56: =ABS($D56-P56) -> 0.016666667 | S56: 0 | T56: =ABS($D56-S56) -> 0.016666667 | V56: 0.1 | W56: =ABS($D56-V56) -> 0.083333333 | Y56: 0.4 | Z56: =ABS($D56-Y56) -> 0.38333333 | AB56: 0.45 | AC56: =ABS($D56-AB56) -> 0.43333333 | AE56: 0 | AF56: =ABS($D56-AE56) -> 0.016666667 | AH56: 0 | AI56: =ABS($D56-AH56) -> 0.016666667 | AK56: 0.05 | AL56: =ABS($D56-AK56) -> 0.033333333 | AN56: 0.25 | AO56: =ABS($D56-AN56) -> 0.23333333 | AQ56: 0.75 | AR56: =ABS($D56-AQ56) -> 0.73333333 | AT56: 0 | AU56: =ABS($D56-AT56) -> 0.016666667 | AW56: 0.05 | AX56: =ABS($D56-AW56) -> 0.033333333 | AZ56: 0.05 | BA56: =ABS($D56-AZ56) -> 0.033333333 | BC56: 0.35 | BD56: =ABS($D56-BC56) -> 0.33333333 | BF56: 0.8 | BG56: =ABS($D56-BF56) -> 0.78333333 | BK56: Confused | BL56: 0.18333333
A57: Human | B57: Confused | C57: Waiting for Input | D57: =COUNTIFS(STUDY03_DATA!C:C,A57,STUDY03_DATA!D:D,B57,STUDY03_DATA!F:F,C57)/'META DATA'!$B$2 -> 0.6 | F57: {=HUM_C_14!S2:S7} -> 0.3 | G57: =ABS($D57-F57) -> 0.3 | I57: {=HUM_C_18!S2:S7} -> 0.3 | J57: =ABS($D57-I57) -> 0.3 | L57: {=HUM_C_19!S2:S7} -> 0.25 | M57: =ABS($D57-L57) -> 0.35 | P57: {=HUM_C_20!S2:S7} -> 0.35 | Q57: =ABS($D57-P57) -> 0.25 | S57: {=HUM_C_21!S2:S7} -> 0.25 | T57: =ABS($D57-S57) -> 0.35 | V57: {=HUM_C_22!S2:S7} -> 0.45 | W57: =ABS($D57-V57) -> 0.15 | Y57: {=HUM_C_23!S2:S7} -> 0.3 | Z57: =ABS($D57-Y57) -> 0.3 | AB57: {=HUM_C_24!S2:S7} -> 0 | AC57: =ABS($D57-AB57) -> 0.6 | AE57: {=HUM_C_25!S2:S7} -> 0.6 | AF57: =ABS($D57-AE57) -> 0 | AH57: {=HUM_C_26!S2:S7} -> 0.3 | AI57: =ABS($D57-AH57) -> 0.3 | AK57: {=HUM_C_27!S2:S7} -> 0.4 | AL57: =ABS($D57-AK57) -> 0.2 | AN57: {=HUM_C_28!S2:S7} -> 0.25 | AO57: =ABS($D57-AN57) -> 0.35 | AQ57: {=HUM_C_29!S2:S7} -> 0.15 | AR57: =ABS($D57-AQ57) -> 0.45 | AT57: {=HUM_C_10!S2:S7} -> 0.15 | AU57: =ABS($D57-AT57) -> 0.45 | AW57: {=HUM_C_31!S2:S7} -> 0.35 | AX57: =ABS($D57-AW57) -> 0.25 | AZ57: {=HUM_C_32!S2:S7} -> 0.45 | BA57: =ABS($D57-AZ57) -> 0.15 | BC57: {=HUM_C_33!S2:S7} -> 0.2 | BD57: =ABS($D57-BC57) -> 0.4 | BF57: {=HUM_C_34!S2:S7} -> 0.1 | BG57: =ABS($D57-BF57) -> 0.5
A58: Human | B58: Confused | C58: Analyzing Object | D58: =COUNTIFS(STUDY03_DATA!C:C,A58,STUDY03_DATA!D:D,B58,STUDY03_DATA!F:F,C58)/'META DATA'!$B$2 -> 0.016666667 | F58: 0.15 | G58: =ABS($D58-F58) -> 0.13333333 | I58: 0.05 | J58: =ABS($D58-I58) -> 0.033333333 | L58: 0.1 | M58: =ABS($D58-L58) -> 0.083333333 | P58: 0 | Q58: =ABS($D58-P58) -> 0.016666667 | S58: 0 | T58: =ABS($D58-S58) -> 0.016666667 | V58: 0.05 | W58: =ABS($D58-V58) -> 0.033333333 | Y58: 0.05 | Z58: =ABS($D58-Y58) -> 0.033333333 | AB58: 0 | AC58: =ABS($D58-AB58) -> 0.016666667 | AE58: 0.05 | AF58: =ABS($D58-AE58) -> 0.033333333 | AH58: 0 | AI58: =ABS($D58-AH58) -> 0.016666667 | AK58: 0.05 | AL58: =ABS($D58-AK58) -> 0.033333333 | AN58: 0.2 | AO58: =ABS($D58-AN58) -> 0.18333333 | AQ58: 0.05 | AR58: =ABS($D58-AQ58) -> 0.033333333 | AT58: 0.1 | AU58: =ABS($D58-AT58) -> 0.083333333 | AW58: 0.1 | AX58: =ABS($D58-AW58) -> 0.083333333 | AZ58: 0.1 | BA58: =ABS($D58-AZ58) -> 0.083333333 | BC58: 0 | BD58: =ABS($D58-BC58) -> 0.016666667 | BF58: 0 | BG58: =ABS($D58-BF58) -> 0.016666667
A59: Human | B59: Confused | C59: Found Object | D59: =COUNTIFS(STUDY03_DATA!C:C,A59,STUDY03_DATA!D:D,B59,STUDY03_DATA!F:F,C59)/'META DATA'!$B$2 -> 0.033333333 | F59: 0 | G59: =ABS($D59-F59) -> 0.033333333 | I59: 0 | J59: =ABS($D59-I59) -> 0.033333333 | L59: 0 | M59: =ABS($D59-L59) -> 0.033333333 | P59: 0 | Q59: =ABS($D59-P59) -> 0.033333333 | S59: 0 | T59: =ABS($D59-S59) -> 0.033333333 | V59: 0 | W59: =ABS($D59-V59) -> 0.033333333 | Y59: 0 | Z59: =ABS($D59-Y59) -> 0.033333333 | AB59: 0.05 | AC59: =ABS($D59-AB59) -> 0.016666667 | AE59: 0 | AF59: =ABS($D59-AE59) -> 0.033333333 | AH59: 0 | AI59: =ABS($D59-AH59) -> 0.033333333 | AK59: 0 | AL59: =ABS($D59-AK59) -> 0.033333333 | AN59: 0 | AO59: =ABS($D59-AN59) -> 0.033333333 | AQ59: 0 | AR59: =ABS($D59-AQ59) -> 0.033333333 | AT59: 0 | AU59: =ABS($D59-AT59) -> 0.033333333 | AW59: 0 | AX59: =ABS($D59-AW59) -> 0.033333333 | AZ59: 0 | BA59: =ABS($D59-AZ59) -> 0.033333333 | BC59: 0 | BD59: =ABS($D59-BC59) -> 0.033333333 | BF59: 0 | BG59: =ABS($D59-BF59) -> 0.033333333
A60: Human | B60: Confused | C60: Needs Help | D60: =COUNTIFS(STUDY03_DATA!C:C,A60,STUDY03_DATA!D:D,B60,STUDY03_DATA!F:F,C60)/'META DATA'!$B$2 -> 0.066666667 | F60: 0.15 | G60: =ABS($D60-F60) -> 0.083333333 | I60: 0.15 | J60: =ABS($D60-I60) -> 0.083333333 | L60: 0.15 | M60: =ABS($D60-L60) -> 0.083333333 | P60: 0 | Q60: =ABS($D60-P60) -> 0.066666667 | S60: 0 | T60: =ABS($D60-S60) -> 0.066666667 | V60: 0 | W60: =ABS($D60-V60) -> 0.066666667 | Y60: 0.1 | Z60: =ABS($D60-Y60) -> 0.033333333 | AB60: 0 | AC60: =ABS($D60-AB60) -> 0.066666667 | AE60: 0.15 | AF60: =ABS($D60-AE60) -> 0.083333333 | AH60: 0.2 | AI60: =ABS($D60-AH60) -> 0.13333333 | AK60: 0.25 | AL60: =ABS($D60-AK60) -> 0.18333333 | AN60: 0.05 | AO60: =ABS($D60-AN60) -> 0.016666667 | AQ60: 0 | AR60: =ABS($D60-AQ60) -> 0.066666667 | AT60: 0 | AU60: =ABS($D60-AT60) -> 0.066666667 | AW60: 0.15 | AX60: =ABS($D60-AW60) -> 0.083333333 | AZ60: 0.15 | BA60: =ABS($D60-AZ60) -> 0.083333333 | BC60: 0 | BD60: =ABS($D60-BC60) -> 0.066666667 | BF60: 0 | BG60: =ABS($D60-BF60) -> 0.066666667
A61: Human | B61: Confused | C61: Confused | D61: =COUNTIFS(STUDY03_DATA!C:C,A61,STUDY03_DATA!D:D,B61,STUDY03_DATA!F:F,C61)/'META DATA'!$B$2 -> 0.26666667 | F61: 0.2 | G61: =ABS($D61-F61) -> 0.066666667 | I61: 0.45 | J61: =ABS($D61-I61) -> 0.18333333 | L61: 0.35 | M61: =ABS($D61-L61) -> 0.083333333 | P61: 0.6 | Q61: =ABS($D61-P61) -> 0.33333333 | S61: 0.75 | T61: =ABS($D61-S61) -> 0.48333333 | V61: 0.5 | W61: =ABS($D61-V61) -> 0.23333333 | Y61: 0.25 | Z61: =ABS($D61-Y61) -> 0.016666667 | AB61: 0.4 | AC61: =ABS($D61-AB61) -> 0.13333333 | AE61: 0.15 | AF61: =ABS($D61-AE61) -> 0.11666667 | AH61: 0.4 | AI61: =ABS($D61-AH61) -> 0.13333333 | AK61: 0.2 | AL61: =ABS($D61-AK61) -> 0.066666667 | AN61: 0.25 | AO61: =ABS($D61-AN61) -> 0.016666667 | AQ61: 0.15 | AR61: =ABS($D61-AQ61) -> 0.11666667 | AT61: 0.65 | AU61: =ABS($D61-AT61) -> 0.38333333 | AW61: 0.35 | AX61: =ABS($D61-AW61) -> 0.083333333 | AZ61: 0.2 | BA61: =ABS($D61-AZ61) -> 0.066666667 | BC61: 0.4 | BD61: =ABS($D61-BC61) -> 0.13333333 | BF61: 0.1 | BG61: =ABS($D61-BF61) -> 0.16666667
A62: Human | B62: Confused | C62: None | D62: =COUNTIFS(STUDY03_DATA!C:C,A62,STUDY03_DATA!D:D,B62,STUDY03_DATA!F:F,C62)/'META DATA'!$B$2 -> 0.016666667 | F62: 0.15 | G62: =ABS($D62-F62) -> 0.13333333 | I62: 0.05 | J62: =ABS($D62-I62) -> 0.033333333 | L62: 0.05 | M62: =ABS($D62-L62) -> 0.033333333 | P62: 0.05 | Q62: =ABS($D62-P62) -> 0.033333333 | S62: 0 | T62: =ABS($D62-S62) -> 0.016666667 | V62: 0 | W62: =ABS($D62-V62) -> 0.016666667 | Y62: 0.3 | Z62: =ABS($D62-Y62) -> 0.28333333 | AB62: 0.55 | AC62: =ABS($D62-AB62) -> 0.53333333 | AE62: 0 | AF62: =ABS($D62-AE62) -> 0.016666667 | AH62: 0 | AI62: =ABS($D62-AH62) -> 0.016666667 | AK62: 0.05 | AL62: =ABS($D62-AK62) -> 0.033333333 | AN62: 0.2 | AO62: =ABS($D62-AN62) -> 0.18333333 | AQ62: 0.55 | AR62: =ABS($D62-AQ62) -> 0.53333333 | AT62: 0.1 | AU62: =ABS($D62-AT62) -> 0.083333333 | AW62: 0.05 | AX62: =ABS($D62-AW62) -> 0.033333333 | AZ62: 0.1 | BA62: =ABS($D62-AZ62) -> 0.083333333 | BC62: 0.3 | BD62: =ABS($D62-BC62) -> 0.28333333 | BF62: 0.8 | BG62: =ABS($D62-BF62) -> 0.78333333
A63: Random | B63: Waiting for Input | C63: Waiting for Input | D63: =COUNTIFS(STUDY03_DATA!C:C,A63,STUDY03_DATA!D:D,B63,STUDY03_DATA!F:F,C63)/'META DATA'!$B$2 -> 0.016666667 | F63: {=RAN_WFI_14!S2:S7} -> 0 | G63: =ABS($D63-F63) -> 0.016666667 | I63: {=RAN_WFI_18!S2:S7} -> 0 | J63: =ABS($D63-I63) -> 0.016666667 | L63: {=RAN_WFI_19!S2:S7} -> 0 | M63: =ABS($D63-L63) -> 0.016666667 | P63: {=RAN_WFI_20!S2:S7} -> 0 | Q63: =ABS($D63-P63) -> 0.016666667 | S63: {=RAN_WFI_21!S2:S7} -> 0 | T63: =ABS($D63-S63) -> 0.016666667 | V63: {=RAN_WFI_22!S2:S7} -> 0 | W63: =ABS($D63-V63) -> 0.016666667 | Y63: {=RAN_WFI_23!S2:S7} -> 0.05 | Z63: =ABS($D63-Y63) -> 0.033333333 | AB63: {=RAN_WFI_24!S2:S7} -> 0 | AC63: =ABS($D63-AB63) -> 0.016666667 | AE63: {=RAN_WFI_25!S2:S7} -> 0 | AF63: =ABS($D63-AE63) -> 0.016666667 | AH63: {=RAN_WFI_26!S2:S7} -> 0 | AI63: =ABS($D63-AH63) -> 0.016666667 | AK63: {=RAN_WFI_27!S2:S7} -> 0 | AL63: =ABS($D63-AK63) -> 0.016666667 | AN63: {=RAN_WFI_28!S2:S7} -> 0 | AO63: =ABS($D63-AN63) -> 0.016666667 | AQ63: {=RAN_WFI_29!S2:S7} -> 0.05 | AR63: =ABS($D63-AQ63) -> 0.033333333 | AT63: {=RAN_WFI_30!S2:S7} -> 0 | AU63: =ABS($D63-AT63) -> 0.016666667 | AW63: {=RAN_WFI_31!S2:S7} -> 0 | AX63: =ABS($D63-AW63) -> 0.016666667 | AZ63: {=RAN_WFI_32!S2:S7} -> 0 | BA63: =ABS($D63-AZ63) -> 0.016666667 | BC63: {=RAN_WFI_33!S2:S7} -> 0 | BD63: =ABS($D63-BC63) -> 0.016666667 | BF63: {=RAN_WFI_34!S2:S7} -> 0 | BG63: =ABS($D63-BF63) -> 0.016666667
A64: Random | B64: Waiting for Input | C64: Analyzing Object | D64: =COUNTIFS(STUDY03_DATA!C:C,A64,STUDY03_DATA!D:D,B64,STUDY03_DATA!F:F,C64)/'META DATA'!$B$2 -> 0.15 | F64: 0.45 | G64: =ABS($D64-F64) -> 0.3 | I64: 0.5 | J64: =ABS($D64-I64) -> 0.35 | L64: 0.45 | M64: =ABS($D64-L64) -> 0.3 | P64: 0.15 | Q64: =ABS($D64-P64) -> 0 | S64: 0.35 | T64: =ABS($D64-S64) -> 0.2 | V64: 0.45 | W64: =ABS($D64-V64) -> 0.3 | Y64: 0.1 | Z64: =ABS($D64-Y64) -> 0.05 | AB64: 0.05 | AC64: =ABS($D64-AB64) -> 0.1 | AE64: 0.4 | AF64: =ABS($D64-AE64) -> 0.25 | AH64: 0.55 | AI64: =ABS($D64-AH64) -> 0.4 | AK64: 0.2 | AL64: =ABS($D64-AK64) -> 0.05 | AN64: 0.35 | AO64: =ABS($D64-AN64) -> 0.2 | AQ64: 0.05 | AR64: =ABS($D64-AQ64) -> 0.1 | AT64: 0.75 | AU64: =ABS($D64-AT64) -> 0.6 | AW64: 0.6 | AX64: =ABS($D64-AW64) -> 0.45 | AZ64: 0.35 | BA64: =ABS($D64-AZ64) -> 0.2 | BC64: 0.1 | BD64: =ABS($D64-BC64) -> 0.05 | BF64: 0.05 | BG64: =ABS($D64-BF64) -> 0.1
A65: Random | B65: Waiting for Input | C65: Found Object | D65: =COUNTIFS(STUDY03_DATA!C:C,A65,STUDY03_DATA!D:D,B65,STUDY03_DATA!F:F,C65)/'META DATA'!$B$2 -> 0.25 | F65: 0 | G65: =ABS($D65-F65) -> 0.25 | I65: 0.05 | J65: =ABS($D65-I65) -> 0.2 | L65: 0 | M65: =ABS($D65-L65) -> 0.25 | P65: 0 | Q65: =ABS($D65-P65) -> 0.25 | S65: 0 | T65: =ABS($D65-S65) -> 0.25 | V65: 0.1 | W65: =ABS($D65-V65) -> 0.15 | Y65: 0.15 | Z65: =ABS($D65-Y65) -> 0.1 | AB65: 0 | AC65: =ABS($D65-AB65) -> 0.25 | AE65: 0 | AF65: =ABS($D65-AE65) -> 0.25 | AH65: 0 | AI65: =ABS($D65-AH65) -> 0.25 | AK65: 0.1 | AL65: =ABS($D65-AK65) -> 0.15 | AN65: 0.15 | AO65: =ABS($D65-AN65) -> 0.1 | AQ65: 0.05 | AR65: =ABS($D65-AQ65) -> 0.2 | AT65: 0 | AU65: =ABS($D65-AT65) -> 0.25 | AW65: 0.05 | AX65: =ABS($D65-AW65) -> 0.2 | AZ65: 0.15 | BA65: =ABS($D65-AZ65) -> 0.1 | BC65: 0.15 | BD65: =ABS($D65-BC65) -> 0.1 | BF65: 0 | BG65: =ABS($D65-BF65) -> 0.25
A66: Random | B66: Waiting for Input | C66: Needs Help | D66: =COUNTIFS(STUDY03_DATA!C:C,A66,STUDY03_DATA!D:D,B66,STUDY03_DATA!F:F,C66)/'META DATA'!$B$2 -> 0.15 | F66: 0.45 | G66: =ABS($D66-F66) -> 0.3 | I66: 0.3 | J66: =ABS($D66-I66) -> 0.15 | L66: 0.3 | M66: =ABS($D66-L66) -> 0.15 | P66: 0.65 | Q66: =ABS($D66-P66) -> 0.5 | S66: 0.5 | T66: =ABS($D66-S66) -> 0.35 | V66: 0.25 | W66: =ABS($D66-V66) -> 0.1 | Y66: 0.3 | Z66: =ABS($D66-Y66) -> 0.15 | AB66: 0 | AC66: =ABS($D66-AB66) -> 0.15 | AE66: 0.55 | AF66: =ABS($D66-AE66) -> 0.4 | AH66: 0.35 | AI66: =ABS($D66-AH66) -> 0.2 | AK66: 0.5 | AL66: =ABS($D66-AK66) -> 0.35 | AN66: 0.25 | AO66: =ABS($D66-AN66) -> 0.1 | AQ66: 0.1 | AR66: =ABS($D66-AQ66) -> 0.05 | AT66: 0.2 | AU66: =ABS($D66-AT66) -> 0.05 | AW66: 0.35 | AX66: =ABS($D66-AW66) -> 0.2 | AZ66: 0.2 | BA66: =ABS($D66-AZ66) -> 0.05 | BC66: 0.15 | BD66: =ABS($D66-BC66) -> 0 | BF66: 0 | BG66: =ABS($D66-BF66) -> 0.15
A67: Random | B67: Waiting for Input | C67: Confused | D67: =COUNTIFS(STUDY03_DATA!C:C,A67,STUDY03_DATA!D:D,B67,STUDY03_DATA!F:F,C67)/'META DATA'!$B$2 -> 0.38333333 | F67: 0.05 | G67: =ABS($D67-F67) -> 0.33333333 | I67: 0.1 | J67: =ABS($D67-I67) -> 0.28333333 | L67: 0.2 | M67: =ABS($D67-L67) -> 0.18333333 | P67: 0.2 | Q67: =ABS($D67-P67) -> 0.18333333 | S67: 0.15 | T67: =ABS($D67-S67) -> 0.23333333 | V67: 0.15 | W67: =ABS($D67-V67) -> 0.23333333 | Y67: 0.1 | Z67: =ABS($D67-Y67) -> 0.28333333 | AB67: 0.05 | AC67: =ABS($D67-AB67) -> 0.33333333 | AE67: 0 | AF67: =ABS($D67-AE67) -> 0.38333333 | AH67: 0.1 | AI67: =ABS($D67-AH67) -> 0.28333333 | AK67: 0.2 | AL67: =ABS($D67-AK67) -> 0.18333333 | AN67: 0.15 | AO67: =ABS($D67-AN67) -> 0.23333333 | AQ67: 0.1 | AR67: =ABS($D67-AQ67) -> 0.28333333 | AT67: 0 | AU67: =ABS($D67-AT67) -> 0.38333333 | AW67: 0 | AX67: =ABS($D67-AW67) -> 0.38333333 | AZ67: 0.15 | BA67: =ABS($D67-AZ67) -> 0.23333333 | BC67: 0.2 | BD67: =ABS($D67-BC67) -> 0.18333333 | BF67: 0.1 | BG67: =ABS($D67-BF67) -> 0.28333333
A68: Random | B68: Waiting for Input | C68: None | D68: =COUNTIFS(STUDY03_DATA!C:C,A68,STUDY03_DATA!D:D,B68,STUDY03_DATA!F:F,C68)/'META DATA'!$B$2 -> 0.05 | F68: 0.05 | G68: =ABS($D68-F68) -> 0 | I68: 0.05 | J68: =ABS($D68-I68) -> 0 | L68: 0.05 | M68: =ABS($D68-L68) -> 0 | P68: 0 | Q68: =ABS($D68-P68) -> 0.05 | S68: 0 | T68: =ABS($D68-S68) -> 0.05 | V68: 0.05 | W68: =ABS($D68-V68) -> 0 | Y68: 0.3 | Z68: =ABS($D68-Y68) -> 0.25 | AB68: 0.9 | AC68: =ABS($D68-AB68) -> 0.85 | AE68: 0 | AF68: =ABS($D68-AE68) -> 0.05 | AH68: 0 | AI68: =ABS($D68-AH68) -> 0.05 | AK68: 0 | AL68: =ABS($D68-AK68) -> 0.05 | AN68: 0.1 | AO68: =ABS($D68-AN68) -> 0.05 | AQ68: 0.6 | AR68: =ABS($D68-AQ68) -> 0.55 | AT68: 0 | AU68: =ABS($D68-AT68) -> 0.05 | AW68: 0 | AX68: =ABS($D68-AW68) -> 0.05 | AZ68: 0.15 | BA68: =ABS($D68-AZ68) -> 0.1 | BC68: 0.4 | BD68: =ABS($D68-BC68) -> 0.35 | BF68: 0.85 | BG68: =ABS($D68-BF68) -> 0.8
A69: Random | B69: Analyzing Object | C69: Waiting for Input | D69: =COUNTIFS(STUDY03_DATA!C:C,A69,STUDY03_DATA!D:D,B69,STUDY03_DATA!F:F,C69)/'META DATA'!$B$2 -> 0.13333333 | F69: {=RAN_AO_14!S2:S7} -> 0.05 | G69: =ABS($D69-F69) -> 0.083333333 | I69: {=RAN_AO_18!S2:S7} -> 0.05 | J69: =ABS($D69-I69) -> 0.083333333 | L69: {=RAN_AO_19!S2:S7} -> 0.1 | M69: =ABS($D69-L69) -> 0.033333333 | P69: {=RAN_AO_20!S2:S7} -> 0 | Q69: =ABS($D69-P69) -> 0.13333333 | S69: {=RAN_AO_21!S2:S7} -> 0 | T69: =ABS($D69-S69) -> 0.13333333 | V69: {=RAN_AO_22!S2:S7} -> 0 | W69: =ABS($D69-V69) -> 0.13333333 | Y69: {=RAN_AO_23!S2:S7} -> 0.1 | Z69: =ABS($D69-Y69) -> 0.033333333 | AB69: {=RAN_AO_24!S2:S7} -> 0.1 | AC69: =ABS($D69-AB69) -> 0.033333333 | AE69: {=RAN_AO_25!S2:S7} -> 0 | AF69: =ABS($D69-AE69) -> 0.13333333 | AH69: {=RAN_AO_26!S2:S7} -> 0 | AI69: =ABS($D69-AH69) -> 0.13333333 | AK69: {=RAN_AO_27!S2:S7} -> 0.05 | AL69: =ABS($D69-AK69) -> 0.083333333 | AN69: {=RAN_AO_28!S2:S7} -> 0.1 | AO69: =ABS($D69-AN69) -> 0.033333333 | AQ69: {=RAN_AO_29!S2:S7} -> 0 | AR69: =ABS($D69-AQ69) -> 0.13333333 | AT69: {=RAN_AO_30!S2:S7} -> 0 | AU69: =ABS($D69-AT69) -> 0.13333333 | AW69: {=RAN_AO_31!S2:S7} -> 0.05 | AX69: =ABS($D69-AW69) -> 0.083333333 | AZ69: {=RAN_AO_32!S2:S7} -> 0.1 | BA69: =ABS($D69-AZ69) -> 0.033333333 | BC69: {=RAN_AO_33!S2:S7} -> 0.1 | BD69: =ABS($D69-BC69) -> 0.033333333 | BF69: {=RAN_AO_34!S2:S7} -> 0 | BG69: =ABS($D69-BF69) -> 0.13333333
A70: Random | B70: Analyzing Object | C70: Analyzing Object | D70: =COUNTIFS(STUDY03_DATA!C:C,A70,STUDY03_DATA!D:D,B70,STUDY03_DATA!F:F,C70)/'META DATA'!$B$2 -> 0.016666667 | F70: 0 | G70: =ABS($D70-F70) -> 0.016666667 | I70: 0 | J70: =ABS($D70-I70) -> 0.016666667 | L70: 0.05 | M70: =ABS($D70-L70) -> 0.033333333 | P70: 0 | Q70: =ABS($D70-P70) -> 0.016666667 | S70: 0 | T70: =ABS($D70-S70) -> 0.016666667 | V70: 0 | W70: =ABS($D70-V70) -> 0.016666667 | Y70: 0 | Z70: =ABS($D70-Y70) -> 0.016666667 | AB70: 0 | AC70: =ABS($D70-AB70) -> 0.016666667 | AE70: 0 | AF70: =ABS($D70-AE70) -> 0.016666667 | AH70: 0 | AI70: =ABS($D70-AH70) -> 0.016666667 | AK70: 0.05 | AL70: =ABS($D70-AK70) -> 0.033333333 | AN70: 0.05 | AO70: =ABS($D70-AN70) -> 0.033333333 | AQ70: 0.05 | AR70: =ABS($D70-AQ70) -> 0.033333333 | AT70: 0 | AU70: =ABS($D70-AT70) -> 0.016666667 | AW70: 0 | AX70: =ABS($D70-AW70) -> 0.016666667 | AZ70: 0.05 | BA70: =ABS($D70-AZ70) -> 0.033333333 | BC70: 0.05 | BD70: =ABS($D70-BC70) -> 0.033333333 | BF70: 0.05 | BG70: =ABS($D70-BF70) -> 0.033333333
A71: Random | B71: Analyzing Object | C71: Found Object | D71: =COUNTIFS(STUDY03_DATA!C:C,A71,STUDY03_DATA!D:D,B71,STUDY03_DATA!F:F,C71)/'META DATA'!$B$2 -> 0.033333333 | F71: 0 | G71: =ABS($D71-F71) -> 0.033333333 | I71: 0 | J71: =ABS($D71-I71) -> 0.033333333 | L71: 0 | M71: =ABS($D71-L71) -> 0.033333333 | P71: 0 | Q71: =ABS($D71-P71) -> 0.033333333 | S71: 0 | T71: =ABS($D71-S71) -> 0.033333333 | V71: 0 | W71: =ABS($D71-V71) -> 0.033333333 | Y71: 0.1 | Z71: =ABS($D71-Y71) -> 0.066666667 | AB71: 0 | AC71: =ABS($D71-AB71) -> 0.033333333 | AE71: 0 | AF71: =ABS($D71-AE71) -> 0.033333333 | AH71: 0 | AI71: =ABS($D71-AH71) -> 0.033333333 | AK71: 0 | AL71: =ABS($D71-AK71) -> 0.033333333 | AN71: 0 | AO71: =ABS($D71-AN71) -> 0.033333333 | AQ71: 0 | AR71: =ABS($D71-AQ71) -> 0.033333333 | AT71: 0 | AU71: =ABS($D71-AT71) -> 0.033333333 | AW71: 0 | AX71: =ABS($D71-AW71) -> 0.033333333 | AZ71: 0.05 | BA71: =ABS($D71-AZ71) -> 0.016666667 | BC71: 0 | BD71: =ABS($D71-BC71) -> 0.033333333 | BF71: 0 | BG71: =ABS($D71-BF71) -> 0.033333333
A72: Random | B72: Analyzing Object | C72: Needs Help | D72: =COUNTIFS(STUDY03_DATA!C:C,A72,STUDY03_DATA!D:D,B72,STUDY03_DATA!F:F,C72)/'META DATA'!$B$2 -> 0.58333333 | F72: 0.65 | G72: =ABS($D72-F72) -> 0.066666667 | I72: 0.65 | J72: =ABS($D72-I72) -> 0.066666667 | L72: 0.65 | M72: =ABS($D72-L72) -> 0.066666667 | P72: 0.85 | Q72: =ABS($D72-P72) -> 0.26666667 | S72: 0.45 | T72: =ABS($D72-S72) -> 0.13333333 | V72: 0.4 | W72: =ABS($D72-V72) -> 0.18333333 | Y72: 0.15 | Z72: =ABS($D72-Y72) -> 0.43333333 | AB72: 0.05 | AC72: =ABS($D72-AB72) -> 0.53333333 | AE72: 0.95 | AF72: =ABS($D72-AE72) -> 0.36666667 | AH72: 0.9 | AI72: =ABS($D72-AH72) -> 0.31666667 | AK72: 0.6 | AL72: =ABS($D72-AK72) -> 0.016666667 | AN72: 0.3 | AO72: =ABS($D72-AN72) -> 0.28333333 | AQ72: 0.2 | AR72: =ABS($D72-AQ72) -> 0.38333333 | AT72: 0.95 | AU72: =ABS($D72-AT72) -> 0.36666667 | AW72: 0.85 | AX72: =ABS($D72-AW72) -> 0.26666667 | AZ72: 0.6 | BA72: =ABS($D72-AZ72) -> 0.016666667 | BC72: 0.45 | BD72: =ABS($D72-BC72) -> 0.13333333 | BF72: 0.05 | BG72: =ABS($D72-BF72) -> 0.53333333
A73: Random | B73: Analyzing Object | C73: Confused | D73: =COUNTIFS(STUDY03_DATA!C:C,A73,STUDY03_DATA!D:D,B73,STUDY03_DATA!F:F,C73)/'META DATA'!$B$2 -> 0.11666667 | F73: 0.2 | G73: =ABS($D73-F73) -> 0.083333333 | I73: 0.15 | J73: =ABS($D73-I73) -> 0.033333333 | L73: 0.15 | M73: =ABS($D73-L73) -> 0.033333333 | P73: 0.15 | Q73: =ABS($D73-P73) -> 0.033333333 | S73: 0.55 | T73: =ABS($D73-S73) -> 0.43333333 | V73: 0.55 | W73: =ABS($D73-V73) -> 0.43333333 | Y73: 0.35 | Z73: =ABS($D73-Y73) -> 0.23333333 | AB73: 0.2 | AC73: =ABS($D73-AB73) -> 0.083333333 | AE73: 0 | AF73: =ABS($D73-AE73) -> 0.11666667 | AH73: 0 | AI73: =ABS($D73-AH73) -> 0.11666667 | AK73: 0.1 | AL73: =ABS($D73-AK73) -> 0.016666667 | AN73: 0.1 | AO73: =ABS($D73-AN73) -> 0.016666667 | AQ73: 0.15 | AR73: =ABS($D73-AQ73) -> 0.033333333 | AT73: 0 | AU73: =ABS($D73-AT73) -> 0.11666667 | AW73: 0.1 | AX73: =ABS($D73-AW73) -> 0.016666667 | AZ73: 0.15 | BA73: =ABS($D73-AZ73) -> 0.033333333 | BC73: 0.15 | BD73: =ABS($D73-BC73) -> 0.033333333 | BF73: 0.1 | BG73: =ABS($D73-BF73) -> 0.016666667
A74: Random | B74: Analyzing Object | C74: None | D74: =COUNTIFS(STUDY03_DATA!C:C,A74,STUDY03_DATA!D:D,B74,STUDY03_DATA!F:F,C74)/'META DATA'!$B$2 -> 0.11666667 | F74: 0.1 | G74: =ABS($D74-F74) -> 0.016666667 | I74: 0.15 | J74: =ABS($D74-I74) -> 0.033333333 | L74: 0.05 | M74: =ABS($D74-L74) -> 0.066666667 | P74: 0 | Q74: =ABS($D74-P74) -> 0.11666667 | S74: 0 | T74: =ABS($D74-S74) -> 0.11666667 | V74: 0.05 | W74: =ABS($D74-V74) -> 0.066666667 | Y74: 0.3 | Z74: =ABS($D74-Y74) -> 0.18333333 | AB74: 0.65 | AC74: =ABS($D74-AB74) -> 0.53333333 | AE74: 0 | AF74: =ABS($D74-AE74) -> 0.11666667 | AH74: 0 | AI74: =ABS($D74-AH74) -> 0.11666667 | AK74: 0.1 | AL74: =ABS($D74-AK74) -> 0.016666667 | AN74: 0.4 | AO74: =ABS($D74-AN74) -> 0.28333333 | AQ74: 0.6 | AR74: =ABS($D74-AQ74) -> 0.48333333 | AT74: 0 | AU74: =ABS($D74-AT74) -> 0.11666667 | AW74: 0 | AX74: =ABS($D74-AW74) -> 0.11666667 | AZ74: 0.05 | BA74: =ABS($D74-AZ74) -> 0.066666667 | BC74: 0.25 | BD74: =ABS($D74-BC74) -> 0.13333333 | BF74: 0.8 | BG74: =ABS($D74-BF74) -> 0.68333333
A75: Random | B75: Found Object | C75: Waiting for Input | D75: =COUNTIFS(STUDY03_DATA!C:C,A75,STUDY03_DATA!D:D,B75,STUDY03_DATA!F:F,C75)/'META DATA'!$B$2 -> 0 | F75: {=RAN_FO_14!S2:S7} -> 0 | G75: =ABS($D75-F75) -> 0 | I75: {=RAN_FO_18!S2:S7} -> 0 | J75: =ABS($D75-I75) -> 0 | L75: {=RAN_FO_19!S2:S7} -> 0 | M75: =ABS($D75-L75) -> 0 | P75: {=RAN_FO_20!S2:S7} -> 0 | Q75: =ABS($D75-P75) -> 0 | S75: {=RAN_FO_21!S2:S7} -> 0 | T75: =ABS($D75-S75) -> 0 | V75: {=RAN_FO_22!S2:S7} -> 0 | W75: =ABS($D75-V75) -> 0 | Y75: {=RAN_FO_23!S2:S7} -> 0 | Z75: =ABS($D75-Y75) -> 0 | AB75: {=RAN_FO_24!S2:S7} -> 0 | AC75: =ABS($D75-AB75) -> 0 | AE75: {=RAN_FO_25!S2:S7} -> 0 | AF75: =ABS($D75-AE75) -> 0 | AH75: {=RAN_FO_26!S2:S7} -> 0 | AI75: =ABS($D75-AH75) -> 0 | AK75: {=RAN_FO_27!S2:S7} -> 0 | AL75: =ABS($D75-AK75) -> 0 | AN75: {=RAN_FO_28!S2:S7} -> 0 | AO75: =ABS($D75-AN75) -> 0 | AQ75: {=RAN_FO_29!S2:S7} -> 0 | AR75: =ABS($D75-AQ75) -> 0 | AT75: {=RAN_FO_30!S2:S7} -> 0 | AU75: =ABS($D75-AT75) -> 0 | AW75: {=RAN_FO_31!S2:S7} -> 0 | AX75: =ABS($D75-AW75) -> 0 | AZ75: {=RAN_FO_32!S2:S7} -> 0 | BA75: =ABS($D75-AZ75) -> 0 | BC75: {=RAN_FO_33!S2:S7} -> 0 | BD75: =ABS($D75-BC75) -> 0 | BF75: {=RAN_FO_34!S2:S7} -> 0 | BG75: =ABS($D75-BF75) -> 0
A76: Random | B76: Found Object | C76: Analyzing Object | D76: =COUNTIFS(STUDY03_DATA!C:C,A76,STUDY03_DATA!D:D,B76,STUDY03_DATA!F:F,C76)/'META DATA'!$B$2 -> 0.3 | F76: 0.4 | G76: =ABS($D76-F76) -> 0.1 | I76: 0.35 | J76: =ABS($D76-I76) -> 0.05 | L76: 0.45 | M76: =ABS($D76-L76) -> 0.15 | P76: 0.2 | Q76: =ABS($D76-P76) -> 0.1 | S76: 0.4 | T76: =ABS($D76-S76) -> 0.1 | V76: 0.35 | W76: =ABS($D76-V76) -> 0.05 | Y76: 0.25 | Z76: =ABS($D76-Y76) -> 0.05 | AB76: 0.1 | AC76: =ABS($D76-AB76) -> 0.2 | AE76: 0.6 | AF76: =ABS($D76-AE76) -> 0.3 | AH76: 0.45 | AI76: =ABS($D76-AH76) -> 0.15 | AK76: 0.3 | AL76: =ABS($D76-AK76) -> 0 | AN76: 0.15 | AO76: =ABS($D76-AN76) -> 0.15 | AQ76: 0.15 | AR76: =ABS($D76-AQ76) -> 0.15 | AT76: 0.7 | AU76: =ABS($D76-AT76) -> 0.4 | AW76: 0.65 | AX76: =ABS($D76-AW76) -> 0.35 | AZ76: 0.45 | BA76: =ABS($D76-AZ76) -> 0.15 | BC76: 0.2 | BD76: =ABS($D76-BC76) -> 0.1 | BF76: 0 | BG76: =ABS($D76-BF76) -> 0.3
A77: Random | B77: Found Object | C77: Found Object | D77: =COUNTIFS(STUDY03_DATA!C:C,A77,STUDY03_DATA!D:D,B77,STUDY03_DATA!F:F,C77)/'META DATA'!$B$2 -> 0.16666667 | F77: 0.15 | G77: =ABS($D77-F77) -> 0.016666667 | I77: 0.1 | J77: =ABS($D77-I77) -> 0.066666667 | L77: 0.15 | M77: =ABS($D77-L77) -> 0.016666667 | P77: 0.1 | Q77: =ABS($D77-P77) -> 0.066666667 | S77: 0.15 | T77: =ABS($D77-S77) -> 0.016666667 | V77: 0.05 | W77: =ABS($D77-V77) -> 0.11666667 | Y77: 0.1 | Z77: =ABS($D77-Y77) -> 0.066666667 | AB77: 0.05 | AC77: =ABS($D77-AB77) -> 0.11666667 | AE77: 0.05 | AF77: =ABS($D77-AE77) -> 0.11666667 | AH77: 0.05 | AI77: =ABS($D77-AH77) -> 0.11666667 | AK77: 0.15 | AL77: =ABS($D77-AK77) -> 0.016666667 | AN77: 0.2 | AO77: =ABS($D77-AN77) -> 0.033333333 | AQ77: 0.2 | AR77: =ABS($D77-AQ77) -> 0.033333333 | AT77: 0 | AU77: =ABS($D77-AT77) -> 0.16666667 | AW77: 0.15 | AX77: =ABS($D77-AW77) -> 0.016666667 | AZ77: 0.1 | BA77: =ABS($D77-AZ77) -> 0.066666667 | BC77: 0.25 | BD77: =ABS($D77-BC77) -> 0.083333333 | BF77: 0.05 | BG77: =ABS($D77-BF77) -> 0.11666667
A78: Random | B78: Found Object | C78: Needs Help | D78: =COUNTIFS(STUDY03_DATA!C:C,A78,STUDY03_DATA!D:D,B78,STUDY03_DATA!F:F,C78)/'META DATA'!$B$2 -> 0.28333333 | F78: 0.2 | G78: =ABS($D78-F78) -> 0.083333333 | I78: 0.2 | J78: =ABS($D78-I78) -> 0.083333333 | L78: 0.05 | M78: =ABS($D78-L78) -> 0.23333333 | P78: 0.05 | Q78: =ABS($D78-P78) -> 0.23333333 | S78: 0.05 | T78: =ABS($D78-S78) -> 0.23333333 | V78: 0.25 | W78: =ABS($D78-V78) -> 0.033333333 | Y78: 0.1 | Z78: =ABS($D78-Y78) -> 0.18333333 | AB78: 0 | AC78: =ABS($D78-AB78) -> 0.28333333 | AE78: 0.1 | AF78: =ABS($D78-AE78) -> 0.18333333 | AH78: 0.3 | AI78: =ABS($D78-AH78) -> 0.016666667 | AK78: 0.3 | AL78: =ABS($D78-AK78) -> 0.016666667 | AN78: 0.15 | AO78: =ABS($D78-AN78) -> 0.13333333 | AQ78: 0 | AR78: =ABS($D78-AQ78) -> 0.28333333 | AT78: 0.1 | AU78: =ABS($D78-AT78) -> 0.18333333 | AW78: 0.05 | AX78: =ABS($D78-AW78) -> 0.23333333 | AZ78: 0.15 | BA78: =ABS($D78-AZ78) -> 0.13333333 | BC78: 0.15 | BD78: =ABS($D78-BC78) -> 0.13333333 | BF78: 0.3 | BG78: =ABS($D78-BF78) -> 0.016666667
A79: Random | B79: Found Object | C79: Confused | D79: =COUNTIFS(STUDY03_DATA!C:C,A79,STUDY03_DATA!D:D,B79,STUDY03_DATA!F:F,C79)/'META DATA'!$B$2 -> 0.23333333 | F79: 0.1 | G79: =ABS($D79-F79) -> 0.13333333 | I79: 0.15 | J79: =ABS($D79-I79) -> 0.083333333 | L79: 0.2 | M79: =ABS($D79-L79) -> 0.033333333 | P79: 0.65 | Q79: =ABS($D79-P79) -> 0.41666667 | S79: 0.4 | T79: =ABS($D79-S79) -> 0.16666667 | V79: 0.35 | W79: =ABS($D79-V79) -> 0.11666667 | Y79: 0.3 | Z79: =ABS($D79-Y79) -> 0.066666667 | AB79: 0.05 | AC79: =ABS($D79-AB79) -> 0.18333333 | AE79: 0.2 | AF79: =ABS($D79-AE79) -> 0.033333333 | AH79: 0.15 | AI79: =ABS($D79-AH79) -> 0.083333333 | AK79: 0.1 | AL79: =ABS($D79-AK79) -> 0.13333333 | AN79: 0.15 | AO79: =ABS($D79-AN79) -> 0.083333333 | AQ79: 0.05 | AR79: =ABS($D79-AQ79) -> 0.18333333 | AT79: 0.1 | AU79: =ABS($D79-AT79) -> 0.13333333 | AW79: 0.05 | AX79: =ABS($D79-AW79) -> 0.18333333 | AZ79: 0.25 | BA79: =ABS($D79-AZ79) -> 0.016666667 | BC79: 0.15 | BD79: =ABS($D79-BC79) -> 0.083333333 | BF79: 0.1 | BG79: =ABS($D79-BF79) -> 0.13333333
A80: Random | B80: Found Object | C80: None | D80: =COUNTIFS(STUDY03_DATA!C:C,A80,STUDY03_DATA!D:D,B80,STUDY03_DATA!F:F,C80)/'META DATA'!$B$2 -> 0.016666667 | F80: 0.15 | G80: =ABS($D80-F80) -> 0.13333333 | I80: 0.05 | J80: =ABS($D80-I80) -> 0.033333333 | L80: 0.1 | M80: =ABS($D80-L80) -> 0.083333333 | P80: 0 | Q80: =ABS($D80-P80) -> 0.016666667 | S80: 0 | T80: =ABS($D80-S80) -> 0.016666667 | V80: 0 | W80: =ABS($D80-V80) -> 0.016666667 | Y80: 0.25 | Z80: =ABS($D80-Y80) -> 0.23333333 | AB80: 0.8 | AC80: =ABS($D80-AB80) -> 0.78333333 | AE80: 0 | AF80: =ABS($D80-AE80) -> 0.016666667 | AH80: 0 | AI80: =ABS($D80-AH80) -> 0.016666667 | AK80: 0.1 | AL80: =ABS($D80-AK80) -> 0.083333333 | AN80: 0.35 | AO80: =ABS($D80-AN80) -> 0.33333333 | AQ80: 0.6 | AR80: =ABS($D80-AQ80) -> 0.58333333 | AT80: 0 | AU80: =ABS($D80-AT80) -> 0.016666667 | AW80: 0.05 | AX80: =ABS($D80-AW80) -> 0.033333333 | AZ80: 0.05 | BA80: =ABS($D80-AZ80) -> 0.033333333 | BC80: 0.25 | BD80: =ABS($D80-BC80) -> 0.23333333 | BF80: 0.55 | BG80: =ABS($D80-BF80) -> 0.53333333
A81: Random | B81: Needs Help | C81: Waiting for Input | D81: =COUNTIFS(STUDY03_DATA!C:C,A81,STUDY03_DATA!D:D,B81,STUDY03_DATA!F:F,C81)/'META DATA'!$B$2 -> 0 | F81: {=RAN_NH_14!S2:S7} -> 0 | G81: =ABS($D81-F81) -> 0 | I81: {=RAN_NH_18!S2:S7} -> 0 | J81: =ABS($D81-I81) -> 0 | L81: {=RAN_NH_19!S2:S7} -> 0 | M81: =ABS($D81-L81) -> 0 | P81: {=RAN_NH_20!S2:S7} -> 0 | Q81: =ABS($D81-P81) -> 0 | S81: {=RAN_NH_21!S2:S7} -> 0 | T81: =ABS($D81-S81) -> 0 | V81: {=RAN_NH_22!S2:S7} -> 0 | W81: =ABS($D81-V81) -> 0 | Y81: {=RAN_NH_23!S2:S7} -> 0 | Z81: =ABS($D81-Y81) -> 0 | AB81: {=RAN_NH_24!S2:S7} -> 0 | AC81: =ABS($D81-AB81) -> 0 | AE81: {=RAN_NH_25!S2:S7} -> 0 | AF81: =ABS($D81-AE81) -> 0 | AH81: {=RAN_NH_26!S2:S7} -> 0 | AI81: =ABS($D81-AH81) -> 0 | AK81: {=RAN_NH_27!S2:S7} -> 0 | AL81: =ABS($D81-AK81) -> 0 | AN81: {=RAN_NH_28!S2:S7} -> 0 | AO81: =ABS($D81-AN81) -> 0 | AQ81: {=RAN_NH_29!S2:S7} -> 0 | AR81: =ABS($D81-AQ81) -> 0 | AT81: {=RAN_NH_30!S2:S7} -> 0 | AU81: =ABS($D81-AT81) -> 0 | AW81: {=RAN_NH_31!S2:S7} -> 0 | AX81: =ABS($D81-AW81) -> 0 | AZ81: {=RAN_NH_32!S2:S7} -> 0 | BA81: =ABS($D81-AZ81) -> 0 | BC81: {=RAN_NH_33!S2:S7} -> 0 | BD81: =ABS($D81-BC81) -> 0 | BF81: {=RAN_NH_34!S2:S7} -> 0 | BG81: =ABS($D81-BF81) -> 0
A82: Random | B82: Needs Help | C82: Analyzing Object | D82: =COUNTIFS(STUDY03_DATA!C:C,A82,STUDY03_DATA!D:D,B82,STUDY03_DATA!F:F,C82)/'META DATA'!$B$2 -> 0.45 | F82: 0.35 | G82: =ABS($D82-F82) -> 0.1 | I82: 0.45 | J82: =ABS($D82-I82) -> 0 | L82: 0.5 | M82: =ABS($D82-L82) -> 0.05 | P82: 0.25 | Q82: =ABS($D82-P82) -> 0.2 | S82: 0.25 | T82: =ABS($D82-S82) -> 0.2 | V82: 0.2 | W82: =ABS($D82-V82) -> 0.25 | Y82: 0.3 | Z82: =ABS($D82-Y82) -> 0.15 | AB82: 0.05 | AC82: =ABS($D82-AB82) -> 0.4 | AE82: 0.55 | AF82: =ABS($D82-AE82) -> 0.1 | AH82: 0.35 | AI82: =ABS($D82-AH82) -> 0.1 | AK82: 0.35 | AL82: =ABS($D82-AK82) -> 0.1 | AN82: 0.3 | AO82: =ABS($D82-AN82) -> 0.15 | AQ82: 0.1 | AR82: =ABS($D82-AQ82) -> 0.35 | AT82: 0.55 | AU82: =ABS($D82-AT82) -> 0.1 | AW82: 0.25 | AX82: =ABS($D82-AW82) -> 0.2 | AZ82: 0.3 | BA82: =ABS($D82-AZ82) -> 0.15 | BC82: 0.3 | BD82: =ABS($D82-BC82) -> 0.15 | BF82: 0.15 | BG82: =ABS($D82-BF82) -> 0.3
A83: Random | B83: Needs Help | C83: Found Object | D83: =COUNTIFS(STUDY03_DATA!C:C,A83,STUDY03_DATA!D:D,B83,STUDY03_DATA!F:F,C83)/'META DATA'!$B$2 -> 0.15 | F83: 0.25 | G83: =ABS($D83-F83) -> 0.1 | I83: 0.35 | J83: =ABS($D83-I83) -> 0.2 | L83: 0.25 | M83: =ABS($D83-L83) -> 0.1 | P83: 0 | Q83: =ABS($D83-P83) -> 0.15 | S83: 0.2 | T83: =ABS($D83-S83) -> 0.05 | V83: 0.2 | W83: =ABS($D83-V83) -> 0.05 | Y83: 0.15 | Z83: =ABS($D83-Y83) -> 0 | AB83: 0.05 | AC83: =ABS($D83-AB83) -> 0.1 | AE83: 0 | AF83: =ABS($D83-AE83) -> 0.15 | AH83: 0.25 | AI83: =ABS($D83-AH83) -> 0.1 | AK83: 0.25 | AL83: =ABS($D83-AK83) -> 0.1 | AN83: 0.2 | AO83: =ABS($D83-AN83) -> 0.05 | AQ83: 0.05 | AR83: =ABS($D83-AQ83) -> 0.1 | AT83: 0.25 | AU83: =ABS($D83-AT83) -> 0.1 | AW83: 0.4 | AX83: =ABS($D83-AW83) -> 0.25 | AZ83: 0.2 | BA83: =ABS($D83-AZ83) -> 0.05 | BC83: 0.35 | BD83: =ABS($D83-BC83) -> 0.2 | BF83: 0.05 | BG83: =ABS($D83-BF83) -> 0.1
A84: Random | B84: Needs Help | C84: Needs Help | D84: =COUNTIFS(STUDY03_DATA!C:C,A84,STUDY03_DATA!D:D,B84,STUDY03_DATA!F:F,C84)/'META DATA'!$B$2 -> 0.066666667 | F84: 0.15 | G84: =ABS($D84-F84) -> 0.083333333 | I84: 0.1 | J84: =ABS($D84-I84) -> 0.033333333 | L84: 0.1 | M84: =ABS($D84-L84) -> 0.033333333 | P84: 0.15 | Q84: =ABS($D84-P84) -> 0.083333333 | S84: 0.25 | T84: =ABS($D84-S84) -> 0.18333333 | V84: 0.1 | W84: =ABS($D84-V84) -> 0.033333333 | Y84: 0.2 | Z84: =ABS($D84-Y84) -> 0.13333333 | AB84: 0.05 | AC84: =ABS($D84-AB84) -> 0.016666667 | AE84: 0.2 | AF84: =ABS($D84-AE84) -> 0.13333333 | AH84: 0.3 | AI84: =ABS($D84-AH84) -> 0.23333333 | AK84: 0.25 | AL84: =ABS($D84-AK84) -> 0.18333333 | AN84: 0.25 | AO84: =ABS($D84-AN84) -> 0.18333333 | AQ84: 0.05 | AR84: =ABS($D84-AQ84) -> 0.016666667 | AT84: 0.15 | AU84: =ABS($D84-AT84) -> 0.083333333 | AW84: 0.25 | AX84: =ABS($D84-AW84) -> 0.18333333 | AZ84: 0.35 | BA84: =ABS($D84-AZ84) -> 0.28333333 | BC84: 0.2 | BD84: =ABS($D84-BC84) -> 0.13333333 | BF84: 0 | BG84: =ABS($D84-BF84) -> 0.066666667
A85: Random | B85: Needs Help | C85: Confused | D85: =COUNTIFS(STUDY03_DATA!C:C,A85,STUDY03_DATA!D:D,B85,STUDY03_DATA!F:F,C85)/'META DATA'!$B$2 -> 0.23333333 | F85: 0.15 | G85: =ABS($D85-F85) -> 0.083333333 | I85: 0.1 | J85: =ABS($D85-I85) -> 0.13333333 | L85: 0.1 | M85: =ABS($D85-L85) -> 0.13333333 | P85: 0.6 | Q85: =ABS($D85-P85) -> 0.36666667 | S85: 0.3 | T85: =ABS($D85-S85) -> 0.066666667 | V85: 0.35 | W85: =ABS($D85-V85) -> 0.11666667 | Y85: 0.25 | Z85: =ABS($D85-Y85) -> 0.016666667 | AB85: 0.25 | AC85: =ABS($D85-AB85) -> 0.016666667 | AE85: 0.1 | AF85: =ABS($D85-AE85) -> 0.13333333 | AH85: 0.05 | AI85: =ABS($D85-AH85) -> 0.18333333 | AK85: 0.15 | AL85: =ABS($D85-AK85) -> 0.083333333 | AN85: 0 | AO85: =ABS($D85-AN85) -> 0.23333333 | AQ85: 0.1 | AR85: =ABS($D85-AQ85) -> 0.13333333 | AT85: 0.05 | AU85: =ABS($D85-AT85) -> 0.18333333 | AW85: 0.1 | AX85: =ABS($D85-AW85) -> 0.13333333 | AZ85: 0.1 | BA85: =ABS($D85-AZ85) -> 0.13333333 | BC85: 0 | BD85: =ABS($D85-BC85) -> 0.23333333 | BF85: 0.2 | BG85: =ABS($D85-BF85) -> 0.033333333
A86: Random | B86: Needs Help | C86: None | D86: =COUNTIFS(STUDY03_DATA!C:C,A86,STUDY03_DATA!D:D,B86,STUDY03_DATA!F:F,C86)/'META DATA'!$B$2 -> 0.1 | F86: 0.05 | G86: =ABS($D86-F86) -> 0.05 | I86: 0 | J86: =ABS($D86-I86) -> 0.1 | L86: 0 | M86: =ABS($D86-L86) -> 0.1 | P86: 0 | Q86: =ABS($D86-P86) -> 0.1 | S86: 0 | T86: =ABS($D86-S86) -> 0.1 | V86: 0.15 | W86: =ABS($D86-V86) -> 0.05 | Y86: 0.1 | Z86: =ABS($D86-Y86) -> 0 | AB86: 0.6 | AC86: =ABS($D86-AB86) -> 0.5 | AE86: 0 | AF86: =ABS($D86-AE86) -> 0.1 | AH86: 0.05 | AI86: =ABS($D86-AH86) -> 0.05 | AK86: 0 | AL86: =ABS($D86-AK86) -> 0.1 | AN86: 0.15 | AO86: =ABS($D86-AN86) -> 0.05 | AQ86: 0.7 | AR86: =ABS($D86-AQ86) -> 0.6 | AT86: 0 | AU86: =ABS($D86-AT86) -> 0.1 | AW86: 0 | AX86: =ABS($D86-AW86) -> 0.1 | AZ86: 0.05 | BA86: =ABS($D86-AZ86) -> 0.05 | BC86: 0.15 | BD86: =ABS($D86-BC86) -> 0.05 | BF86: 0.6 | BG86: =ABS($D86-BF86) -> 0.5
A87: Random | B87: Confused | C87: Waiting for Input | D87: =COUNTIFS(STUDY03_DATA!C:C,A87,STUDY03_DATA!D:D,B87,STUDY03_DATA!F:F,C87)/'META DATA'!$B$2 -> 0.15 | F87: {=RAN_C_14!S2:S7} -> 0 | G87: =ABS($D87-F87) -> 0.15 | I87: {=RAN_C_18!S2:S7} -> 0 | J87: =ABS($D87-I87) -> 0.15 | L87: {=RAN_C_19!S2:S7} -> 0 | M87: =ABS($D87-L87) -> 0.15 | P87: {=RAN_C_20!S2:S7} -> 0 | Q87: =ABS($D87-P87) -> 0.15 | S87: {=RAN_C_21!S2:S7} -> 0 | T87: =ABS($D87-S87) -> 0.15 | V87: {=RAN_C_22!S2:S7} -> 0 | W87: =ABS($D87-V87) -> 0.15 | Y87: {=RAN_C_23!S2:S7} -> 0 | Z87: =ABS($D87-Y87) -> 0.15 | AB87: {=RAN_C_24!S2:S7} -> 0.1 | AC87: =ABS($D87-AB87) -> 0.05 | AE87: {=RAN_C_25!S2:S7} -> 0 | AF87: =ABS($D87-AE87) -> 0.15 | AH87: {=RAN_C_26!S2:S7} -> 0 | AI87: =ABS($D87-AH87) -> 0.15 | AK87: {=RAN_C_27!S2:S7} -> 0.1 | AL87: =ABS($D87-AK87) -> 0.05 | AN87: {=RAN_C_28!S2:S7} -> 0.05 | AO87: =ABS($D87-AN87) -> 0.1 | AQ87: {=RAN_C_29!S2:S7} -> 0.05 | AR87: =ABS($D87-AQ87) -> 0.1 | AT87: {=RAN_C_30!S2:S7} -> 0 | AU87: =ABS($D87-AT87) -> 0.15 | AW87: {=RAN_C_31!S2:S7} -> 0 | AX87: =ABS($D87-AW87) -> 0.15 | AZ87: {=RAN_C_32!S2:S7} -> 0 | BA87: =ABS($D87-AZ87) -> 0.15 | BC87: {=RAN_C_33!S2:S7} -> 0.1 | BD87: =ABS($D87-BC87) -> 0.05 | BF87: {=RAN_C_34!S2:S7} -> 0 | BG87: =ABS($D87-BF87) -> 0.15
A88: Random | B88: Confused | C88: Analyzing Object | D88: =COUNTIFS(STUDY03_DATA!C:C,A88,STUDY03_DATA!D:D,B88,STUDY03_DATA!F:F,C88)/'META DATA'!$B$2 -> 0 | F88: 0.1 | G88: =ABS($D88-F88) -> 0.1 | I88: 0.15 | J88: =ABS($D88-I88) -> 0.15 | L88: 0.05 | M88: =ABS($D88-L88) -> 0.05 | P88: 0 | Q88: =ABS($D88-P88) -> 0 | S88: 0 | T88: =ABS($D88-S88) -> 0 | V88: 0.05 | W88: =ABS($D88-V88) -> 0.05 | Y88: 0.05 | Z88: =ABS($D88-Y88) -> 0.05 | AB88: 0.1 | AC88: =ABS($D88-AB88) -> 0.1 | AE88: 0 | AF88: =ABS($D88-AE88) -> 0 | AH88: 0 | AI88: =ABS($D88-AH88) -> 0 | AK88: 0 | AL88: =ABS($D88-AK88) -> 0 | AN88: 0.1 | AO88: =ABS($D88-AN88) -> 0.1 | AQ88: 0.05 | AR88: =ABS($D88-AQ88) -> 0.05 | AT88: 0 | AU88: =ABS($D88-AT88) -> 0 | AW88: 0 | AX88: =ABS($D88-AW88) -> 0 | AZ88: 0.05 | BA88: =ABS($D88-AZ88) -> 0.05 | BC88: 0.05 | BD88: =ABS($D88-BC88) -> 0.05 | BF88: 0 | BG88: =ABS($D88-BF88) -> 0
A89: Random | B89: Confused | C89: Found Object | D89: =COUNTIFS(STUDY03_DATA!C:C,A89,STUDY03_DATA!D:D,B89,STUDY03_DATA!F:F,C89)/'META DATA'!$B$2 -> 0.05 | F89: 0 | G89: =ABS($D89-F89) -> 0.05 | I89: 0 | J89: =ABS($D89-I89) -> 0.05 | L89: 0 | M89: =ABS($D89-L89) -> 0.05 | P89: 0 | Q89: =ABS($D89-P89) -> 0.05 | S89: 0 | T89: =ABS($D89-S89) -> 0.05 | V89: 0.1 | W89: =ABS($D89-V89) -> 0.05 | Y89: 0 | Z89: =ABS($D89-Y89) -> 0.05 | AB89: 0 | AC89: =ABS($D89-AB89) -> 0.05 | AE89: 0 | AF89: =ABS($D89-AE89) -> 0.05 | AH89: 0 | AI89: =ABS($D89-AH89) -> 0.05 | AK89: 0 | AL89: =ABS($D89-AK89) -> 0.05 | AN89: 0.1 | AO89: =ABS($D89-AN89) -> 0.05 | AQ89: 0 | AR89: =ABS($D89-AQ89) -> 0.05 | AT89: 0 | AU89: =ABS($D89-AT89) -> 0.05 | AW89: 0 | AX89: =ABS($D89-AW89) -> 0.05 | AZ89: 0 | BA89: =ABS($D89-AZ89) -> 0.05 | BC89: 0 | BD89: =ABS($D89-BC89) -> 0.05 | BF89: 0 | BG89: =ABS($D89-BF89) -> 0.05
A90: Random | B90: Confused | C90: Needs Help | D90: =COUNTIFS(STUDY03_DATA!C:C,A90,STUDY03_DATA!D:D,B90,STUDY03_DATA!F:F,C90)/'META DATA'!$B$2 -> 0.56666667 | F90: 0.55 | G90: =ABS($D90-F90) -> 0.016666667 | I90: 0.55 | J90: =ABS($D90-I90) -> 0.016666667 | L90: 0.55 | M90: =ABS($D90-L90) -> 0.016666667 | P90: 0.6 | Q90: =ABS($D90-P90) -> 0.033333333 | S90: 0.45 | T90: =ABS($D90-S90) -> 0.11666667 | V90: 0.25 | W90: =ABS($D90-V90) -> 0.31666667 | Y90: 0.1 | Z90: =ABS($D90-Y90) -> 0.46666667 | AB90: 0.05 | AC90: =ABS($D90-AB90) -> 0.51666667 | AE90: 0.95 | AF90: =ABS($D90-AE90) -> 0.38333333 | AH90: 0.7 | AI90: =ABS($D90-AH90) -> 0.13333333 | AK90: 0.4 | AL90: =ABS($D90-AK90) -> 0.16666667 | AN90: 0.55 | AO90: =ABS($D90-AN90) -> 0.016666667 | AQ90: 0.1 | AR90: =ABS($D90-AQ90) -> 0.46666667 | AT90: 0.95 | AU90: =ABS($D90-AT90) -> 0.38333333 | AW90: 0.7 | AX90: =ABS($D90-AW90) -> 0.13333333 | AZ90: 0.7 | BA90: =ABS($D90-AZ90) -> 0.13333333 | BC90: 0.4 | BD90: =ABS($D90-BC90) -> 0.16666667 | BF90: 0.05 | BG90: =ABS($D90-BF90) -> 0.51666667
A91: Random | B91: Confused | C91: Confused | D91: =COUNTIFS(STUDY03_DATA!C:C,A91,STUDY03_DATA!D:D,B91,STUDY03_DATA!F:F,C91)/'META DATA'!$B$2 -> 0.18333333 | F91: 0.25 | G91: =ABS($D91-F91) -> 0.066666667 | I91: 0.25 | J91: =ABS($D91-I91) -> 0.066666667 | L91: 0.35 | M91: =ABS($D91-L91) -> 0.16666667 | P91: 0.4 | Q91: =ABS($D91-P91) -> 0.21666667 | S91: 0.55 | T91: =ABS($D91-S91) -> 0.36666667 | V91: 0.6 | W91: =ABS($D91-V91) -> 0.41666667 | Y91: 0.7 | Z91: =ABS($D91-Y91) -> 0.51666667 | AB91: 0.1 | AC91: =ABS($D91-AB91) -> 0.083333333 | AE91: 0.05 | AF91: =ABS($D91-AE91) -> 0.13333333 | AH91: 0.25 | AI91: =ABS($D91-AH91) -> 0.066666667 | AK91: 0.45 | AL91: =ABS($D91-AK91) -> 0.26666667 | AN91: 0.1 | AO91: =ABS($D91-AN91) -> 0.083333333 | AQ91: 0.25 | AR91: =ABS($D91-AQ91) -> 0.066666667 | AT91: 0.05 | AU91: =ABS($D91-AT91) -> 0.13333333 | AW91: 0.2 | AX91: =ABS($D91-AW91) -> 0.016666667 | AZ91: 0.25 | BA91: =ABS($D91-AZ91) -> 0.066666667 | BC91: 0.2 | BD91: =ABS($D91-BC91) -> 0.016666667 | BF91: 0.2 | BG91: =ABS($D91-BF91) -> 0.016666667
A92: Random | B92: Confused | C92: None | D92: =COUNTIFS(STUDY03_DATA!C:C,A92,STUDY03_DATA!D:D,B92,STUDY03_DATA!F:F,C92)/'META DATA'!$B$2 -> 0.05 | F92: 0 | G92: =ABS($D92-F92) -> 0.05 | I92: 0 | J92: =ABS($D92-I92) -> 0.05 | L92: 0.05 | M92: =ABS($D92-L92) -> 0 | P92: 0 | Q92: =ABS($D92-P92) -> 0.05 | S92: 0 | T92: =ABS($D92-S92) -> 0.05 | V92: 0 | W92: =ABS($D92-V92) -> 0.05 | Y92: 0.15 | Z92: =ABS($D92-Y92) -> 0.1 | AB92: 0.65 | AC92: =ABS($D92-AB92) -> 0.6 | AE92: 0 | AF92: =ABS($D92-AE92) -> 0.05 | AH92: 0.05 | AI92: =ABS($D92-AH92) -> 0 | AK92: 0 | AL92: =ABS($D92-AK92) -> 0.05 | AN92: 0.05 | AO92: =ABS($D92-AN92) -> 0 | AQ92: 0.5 | AR92: =ABS($D92-AQ92) -> 0.45 | AT92: 0 | AU92: =ABS($D92-AT92) -> 0.05 | AW92: 0 | AX92: =ABS($D92-AW92) -> 0.05 | AZ92: 0 | BA92: =ABS($D92-AZ92) -> 0.05 | BC92: 0.15 | BD92: =ABS($D92-BC92) -> 0.1 | BF92: 0.75 | BG92: =ABS($D92-BF92) -> 0.7
A94: Mean Abs Error (MAE) | B94: =AVERAGE(ABS(seriesA -seriesB)) | F94: Mean Abs Error (MAE) | G94: =AVERAGE(G3:G92) -> 0.10222222 | I94: Mean Abs Error (MAE) | J94: =AVERAGE(J3:J92) -> 0.091666667 | L94: Mean Abs Error (MAE) | M94: =AVERAGE(M3:M92) -> 0.093888889 | P94: Mean Abs Error (MAE) | Q94: =AVERAGE(Q3:Q92) -> 0.13074074 | S94: Mean Abs Error (MAE) | T94: =AVERAGE(T3:T92) -> 0.1237037 | V94: Mean Abs Error (MAE) | W94: =AVERAGE(W3:W92) -> 0.11481481 | Y94: Mean Abs Error (MAE) | Z94: =AVERAGE(Z3:Z92) -> 0.15518519 | AB94: Mean Abs Error (MAE) | AC94: =AVERAGE(AC3:AC92) -> 0.2412963 | AE94: Mean Abs Error (MAE) | AF94: =AVERAGE(AF3:AF92) -> 0.14037037 | AH94: Mean Abs Error (MAE) | AI94: =AVERAGE(AI3:AI92) -> 0.11351852 | AK94: Mean Abs Error (MAE) | AL94: =AVERAGE(AL3:AL92) -> 0.097222222 | AN94: Mean Abs Error (MAE) | AO94: =AVERAGE(AO3:AO92) -> 0.12407407 | AQ94: Mean Abs Error (MAE) | AR94: =AVERAGE(AR3:AR92) -> 0.22351852 | AT94: Mean Abs Error (MAE) | AU94: =AVERAGE(AU3:AU92) -> 0.14851852 | AW94: Mean Abs Error (MAE) | AX94: =AVERAGE(AX3:AX92) -> 0.11944444 | AZ94: Mean Abs Error (MAE) | BA94: =AVERAGE(BA3:BA92) -> 0.096111111 | BC94: Mean Abs Error (MAE) | BD94: =AVERAGE(BD3:BD92) -> 0.13425926 | BF94: Mean Abs Error (MAE) | BG94: =AVERAGE(BG3:BG92) -> 0.24444444
A95: Rt Mean Sq Err (RMSE) | B95: =SQRT( AVERAGE( (seriesA -seriesB)^2 ) ) | F95: Rt Mean Sq Err (RMSE) | G95: {=SQRT( AVERAGE( ($D$3:$D$92 - F3:F92)^2 ) )} -> 0.14919537 | I95: Rt Mean Sq Err (RMSE) | J95: {=SQRT( AVERAGE( ($D$3:$D$92 - I3:I92)^2 ) )} -> 0.13495541 | L95: Rt Mean Sq Err (RMSE) | M95: {=SQRT( AVERAGE( ($D$3:$D$92 - L3:L92)^2 ) )} -> 0.13747054 | P95: Rt Mean Sq Err (RMSE) | Q95: {=SQRT( AVERAGE( ($D$3:$D$92 - P3:P92)^2 ) )} -> 0.20655911 | S95: Rt Mean Sq Err (RMSE) | T95: {=SQRT( AVERAGE( ($D$3:$D$92 -S3:S92)^2 ) )} -> 0.18479218 | V95: Rt Mean Sq Err (RMSE) | W95: {=SQRT( AVERAGE( ($D$3:$D$92 - V3:V92)^2 ) )} -> 0.16555183 | Y95: Rt Mean Sq Err (RMSE) | Z95: {=SQRT( AVERAGE( ($D$3:$D$92 - Y3:Y92)^2 ) )} -> 0.21743454 | AB95: Rt Mean Sq Err (RMSE) | AC95: {=SQRT( AVERAGE( ($D$3:$D$92 - AB3:AB92)^2 ) )} -> 0.35319966 | AE95: Rt Mean Sq Err (RMSE) | AF95: {=SQRT( AVERAGE( ($D$3:$D$92 - AE3:AE92)^2 ) )} -> 0.22599574 | AH95: Rt Mean Sq Err (RMSE) | AI95: {=SQRT( AVERAGE( ($D$3:$D$92 - AH3:AH92)^2 ) )} -> 0.17355221 | AK95: Rt Mean Sq Err (RMSE) | AL95: {=SQRT( AVERAGE( ($D$3:$D$92 - AK3:AK92)^2 ) )} -> 0.1485423 | AN95: Rt Mean Sq Err (RMSE) | AO95: {=SQRT( AVERAGE( ($D$3:$D$92 - AN3:AN92)^2 ) )} -> 0.18002057 | AQ95: Rt Mean Sq Err (RMSE) | AR95: {=SQRT( AVERAGE( ($D$3:$D$92 - AQ3:AQ92)^2 ) )} -> 0.32802721 | AT95: Rt Mean Sq Err (RMSE) | AU95: {=SQRT( AVERAGE( ($D$3:$D$92 - AT3:AT92)^2 ) )} -> 0.23005635 | AW95: Rt Mean Sq Err (RMSE) | AX95: {=SQRT( AVERAGE( ($D$3:$D$92 - AW3:AW92)^2 ) )} -> 0.17828919 | AZ95: Rt Mean Sq Err (RMSE) | BA95: {=SQRT( AVERAGE( ($D$3:$D$92 - AZ3:AZ92)^2 ) )} -> 0.14621775 | BC95: Rt Mean Sq Err (RMSE) | BD95: {=SQRT( AVERAGE( ($D$3:$D$92 - BC3:BC92)^2 ) )} -> 0.1917029 | BF95: Rt Mean Sq Err (RMSE) | BG95: {=SQRT( AVERAGE( ($D$3:$D$92 - BF3:BF92)^2 ) )} -> 0.36479319
F96: OP=0.5 Model=gpt 5.1 Reasoning=medium Reproduce 01 | I96: OP=0.5 Model=gpt 5.1 Reasoning=medium Reproduce 02 | L96: OP=0.5 Model=gpt 5.1 Reasoning=medium Reproduce 03 | P96: OP=0.5 Model=gpt 5.1 Reasoning=medium Reproduce 03 | S96: OP=0.5 Model=gpt 5.1 Reasoning=medium Reproduce 03 | V96: OP=0.5 Model=gpt 5.1 Reasoning=medium Reproduce 03 | Y96: OP=0.5 Model=gpt 5.1 Reasoning=medium Reproduce 03 | AB96: OP=0.5 Model=gpt 5.1 Reasoning=medium Reproduce 03 | AE96: OP=0.5 Model=gpt 5.1 Reasoning=medium Reproduce 03 | AH96: OP=0.5 Model=gpt 5.1 Reasoning=medium Reproduce 03 | AK96: OP=0.5 Model=gpt 5.1 Reasoning=medium Reproduce 03 | AN96: OP=0.5 Model=gpt 5.1 Reasoning=medium Reproduce 03 | AQ96: OP=0.5 Model=gpt 5.1 Reasoning=medium Reproduce 03 | AT96: OP=0.5 Model=gpt 5.1 Reasoning=medium Reproduce 03 | AW96: OP=0.5 Model=gpt 5.1 Reasoning=medium Reproduce 03 | AZ96: OP=0.5 Model=gpt 5.1 Reasoning=medium Reproduce 03 | BC96: OP=0.5 Model=gpt 5.1 Reasoning=medium Reproduce 03 | BF96: OP=0.5 Model=gpt 5.1 Reasoning=medium Reproduce 03

Sheet PROXY_RESULTS_ATTEMPTS
A1: CONDITION | B1: REAL STATE | C1: STATE SELECTION OPTIONS | D1: SURVEY 03 | F1: ATTEMPT 01 | I1: ATTEMPT 02 | L1: ATTEMPT 03 | O1: ATTEMPT 04 | R1: ATTEMPT 05 | U1: ATTEMPT 06 | X1: ATTEMPT 07 | AA1: ATTEMPT 08 | AF1: ATTEMPT 10 | AI1: ATTEMPT 11 | AL1: ATTEMPT 12 | AO1: ATTEMPT 13 | AR1: ATTEMPT 14 | AU1: ATTEMPT 15 | AX1: ATTEMPT 16 | BA1: ATTEMPT 17 | BD1: ATTEMPT 18 | BG1: ATTEMPT 19
D2: HUMAN RESPONSE (%) | F2: PROXY RESPONSE (%) | G2: ABS DELTA | I2: PROXY RESPONSE (%) | J2: ABS DELTA | L2: PROXY RESPONSE (%) | M2: ABS DELTA | O2: PROXY RESPONSE (%) | P2: ABS DELTA | R2: PROXY RESPONSE (%) | S2: ABS DELTA | U2: PROXY RESPONSE (%) | V2: ABS DELTA | X2: PROXY RESPONSE (%) | Y2: ABS DELTA | AA2: PROXY RESPONSE (%) | AB2: ABS DELTA | AF2: PROXY RESPONSE (%) | AG2: ABS DELTA | AI2: PROXY RESPONSE (%) | AJ2: ABS DELTA | AL2: PROXY RESPONSE (%) | AM2: ABS DELTA | AO2: PROXY RESPONSE (%) | AP2: ABS DELTA | AR2: PROXY RESPONSE (%) | AS2: ABS DELTA | AU2: PROXY RESPONSE (%) | AV2: ABS DELTA | AX2: PROXY RESPONSE (%) | AY2: ABS DELTA | BA2: PROXY RESPONSE (%) | BB2: ABS DELTA | BD2: PROXY RESPONSE (%) | BE2: ABS DELTA | BG2: PROXY RESPONSE (%) | BH2: ABS DELTA
A3: GPT4 | B3: Waiting for Input | C3: Waiting for Input | D3: =COUNTIFS(STUDY03_DATA!C:C,A3,STUDY03_DATA!D:D,B3,STUDY03_DATA!F:F,C3)/'META DATA'!$B$2 -> 0.73333333 | F3: {=LLM_WFI_01!S2:S7} -> 0.7 | G3: =ABS($D3-F3) -> 0.033333333 | I3: {=LLM_WFI_02!S2:S7} -> 0.75 | J3: =ABS($D3-I3) -> 0.016666667 | L3: {=LLM_WFI_03!S2:S7} -> 0.6 | M3: =ABS($D3-L3) -> 0.13333333 | O3: {=LLM_WFI_04!S2:S7} -> 0.75 | P3: =ABS($D3-O3) -> 0.016666667 | R3: {=LLM_WFI_05!S2:S7} -> 0.35 | S3: =ABS($D3-R3) -> 0.38333333 | U3: {=LLM_WFI_06!S2:S7} -> 0.75 | V3: =ABS($D3-U3) -> 0.016666667 | X3: {=LLM_WFI_07!S2:S7} -> 0.8 | Y3: =ABS($D3-X3) -> 0.066666667 | AA3: {=LLM_WFI_08!S2:S7} -> 0.5 | AB3: =ABS($D3-AA3) -> 0.23333333 | AF3: {=LLM_WFI_10!S2:S7} -> 0.65 | AG3: =ABS($D3-AF3) -> 0.083333333 | AI3: {=LLM_WFI_11!S2:S7} -> 0.6 | AJ3: =ABS($D3-AI3) -> 0.13333333 | AL3: {=LLM_WFI_12!S2:S7} -> 0.65 | AM3: =ABS($D3-AL3) -> 0.083333333 | AO3: {=LLM_WFI_13!S2:S7} -> 0.75 | AP3: =ABS($D3-AO3) -> 0.016666667 | AR3: {=LLM_WFI_14!S2:S7} -> 0.7 | AS3: =ABS($D3-AR3) -> 0.033333333 | AU3: {=LLM_WFI_15!S2:S7} -> 0.85 | AV3: =ABS($D3-AU3) -> 0.11666667 | AX3: {=LLM_WFI_16!S2:S7} -> 0.4 | AY3: =ABS($D3-AX3) -> 0.33333333 | BA3: {=LLM_WFI_17!S2:S7} -> 0.55 | BB3: =ABS($D3-BA3) -> 0.18333333 | BD3: {=LLM_WFI_18!S2:S7} -> 0.7 | BE3: =ABS($D3-BD3) -> 0.033333333 | BG3: {=LLM_WFI_19!S2:S7} -> 0.75 | BH3: =ABS($D3-BG3) -> 0.016666667 | BR3: GPT GENERATED WAITING FOR INPUT
A4: GPT4 | B4: Waiting for Input | C4: Analyzing Object | D4: =COUNTIFS(STUDY03_DATA!C:C,A4,STUDY03_DATA!D:D,B4,STUDY03_DATA!F:F,C4)/'META DATA'!$B$2 -> 0.016666667 | F4: 0.05 | G4: =ABS($D4-F4) -> 0.033333333 | I4: 0.05 | J4: =ABS($D4-I4) -> 0.033333333 | L4: 0.05 | M4: =ABS($D4-L4) -> 0.033333333 | O4: 0.1 | P4: =ABS($D4-O4) -> 0.083333333 | R4: 0.4 | S4: =ABS($D4-R4) -> 0.38333333 | U4: 0.1 | V4: =ABS($D4-U4) -> 0.083333333 | X4: 0.1 | Y4: =ABS($D4-X4) -> 0.083333333 | AA4: 0.35 | AB4: =ABS($D4-AA4) -> 0.33333333 | AF4: 0.05 | AG4: =ABS($D4-AF4) -> 0.033333333 | AI4: 0 | AJ4: =ABS($D4-AI4) -> 0.016666667 | AL4: 0.25 | AM4: =ABS($D4-AL4) -> 0.23333333 | AO4: 0.15 | AP4: =ABS($D4-AO4) -> 0.13333333 | AR4: 0.05 | AS4: =ABS($D4-AR4) -> 0.033333333 | AU4: 0.15 | AV4: =ABS($D4-AU4) -> 0.13333333 | AX4: 0.35 | AY4: =ABS($D4-AX4) -> 0.33333333 | BA4: 0.35 | BB4: =ABS($D4-BA4) -> 0.33333333 | BD4: 0.05 | BE4: =ABS($D4-BD4) -> 0.033333333 | BG4: 0.05 | BH4: =ABS($D4-BG4) -> 0.033333333 | BL4: ACCURACY PROXY VALIDATION DATA (MEAN ABS ERROR = MAE) | ID 06
A5: GPT4 | B5: Waiting for Input | C5: Found Object | D5: =COUNTIFS(STUDY03_DATA!C:C,A5,STUDY03_DATA!D:D,B5,STUDY03_DATA!F:F,C5)/'META DATA'!$B$2 -> 0.016666667 | F5: 0 | G5: =ABS($D5-F5) -> 0.016666667 | I5: 0 | J5: =ABS($D5-I5) -> 0.016666667 | L5: 0 | M5: =ABS($D5-L5) -> 0.016666667 | O5: 0 | P5: =ABS($D5-O5) -> 0.016666667 | R5: 0.2 | S5: =ABS($D5-R5) -> 0.18333333 | U5: 0.05 | V5: =ABS($D5-U5) -> 0.033333333 | X5: 0 | Y5: =ABS($D5-X5) -> 0.016666667 | AA5: 0.05 | AB5: =ABS($D5-AA5) -> 0.033333333 | AF5: 0 | AG5: =ABS($D5-AF5) -> 0.016666667 | AI5: 0 | AJ5: =ABS($D5-AI5) -> 0.016666667 | AL5: 0 | AM5: =ABS($D5-AL5) -> 0.016666667 | AO5: 0 | AP5: =ABS($D5-AO5) -> 0.016666667 | AR5: 0 | AS5: =ABS($D5-AR5) -> 0.016666667 | AU5: 0 | AV5: =ABS($D5-AU5) -> 0.016666667 | AX5: 0.1 | AY5: =ABS($D5-AX5) -> 0.083333333 | BA5: 0.05 | BB5: =ABS($D5-BA5) -> 0.033333333 | BD5: 0 | BE5: =ABS($D5-BD5) -> 0.016666667 | BG5: 0 | BH5: =ABS($D5-BG5) -> 0.016666667 | BL5: Condition | BM5: State | BN5: Delta by State | BO5: Delta by Cond | BP5: Overall Delta
A6: GPT4 | B6: Waiting for Input | C6: Needs Help | D6: =COUNTIFS(STUDY03_DATA!C:C,A6,STUDY03_DATA!D:D,B6,STUDY03_DATA!F:F,C6)/'META DATA'!$B$2 -> 0.05 | F6: 0.1 | G6: =ABS($D6-F6) -> 0.05 | I6: 0 | J6: =ABS($D6-I6) -> 0.05 | L6: 0.05 | M6: =ABS($D6-L6) -> 0 | O6: 0.05 | P6: =ABS($D6-O6) -> 0 | R6: 0 | S6: =ABS($D6-R6) -> 0.05 | U6: 0.05 | V6: =ABS($D6-U6) -> 0 | X6: 0 | Y6: =ABS($D6-X6) -> 0.05 | AA6: 0 | AB6: =ABS($D6-AA6) -> 0.05 | AF6: 0.1 | AG6: =ABS($D6-AF6) -> 0.05 | AI6: 0 | AJ6: =ABS($D6-AI6) -> 0.05 | AL6: 0 | AM6: =ABS($D6-AL6) -> 0.05 | AO6: 0 | AP6: =ABS($D6-AO6) -> 0.05 | AR6: 0 | AS6: =ABS($D6-AR6) -> 0.05 | AU6: 0 | AV6: =ABS($D6-AU6) -> 0.05 | AX6: 0 | AY6: =ABS($D6-AX6) -> 0.05 | BA6: 0.05 | BB6: =ABS($D6-BA6) -> 0 | BD6: 0 | BE6: =ABS($D6-BD6) -> 0.05 | BG6: 0 | BH6: =ABS($D6-BG6) -> 0.05 | BL6: GPT4 | BM6: Waiting for Input | BN6: =AVERAGE(V3:V8) -> 0.044444444 | BO6: =AVERAGE(BN6:BN10) -> 0.10611111 | BP6: =AVERAGE(BO6,BO11,BO16) -> 0.11777778
A7: GPT4 | B7: Waiting for Input | C7: Confused | D7: =COUNTIFS(STUDY03_DATA!C:C,A7,STUDY03_DATA!D:D,B7,STUDY03_DATA!F:F,C7)/'META DATA'!$B$2 -> 0.066666667 | F7: 0.1 | G7: =ABS($D7-F7) -> 0.033333333 | I7: 0.1 | J7: =ABS($D7-I7) -> 0.033333333 | L7: 0.2 | M7: =ABS($D7-L7) -> 0.13333333 | O7: 0.1 | P7: =ABS($D7-O7) -> 0.033333333 | R7: 0 | S7: =ABS($D7-R7) -> 0.066666667 | U7: 0 | V7: =ABS($D7-U7) -> 0.066666667 | X7: 0.05 | Y7: =ABS($D7-X7) -> 0.016666667 | AA7: 0.05 | AB7: =ABS($D7-AA7) -> 0.016666667 | AF7: 0.05 | AG7: =ABS($D7-AF7) -> 0.016666667 | AI7: 0 | AJ7: =ABS($D7-AI7) -> 0.066666667 | AL7: 0 | AM7: =ABS($D7-AL7) -> 0.066666667 | AO7: 0 | AP7: =ABS($D7-AO7) -> 0.066666667 | AR7: 0 | AS7: =ABS($D7-AR7) -> 0.066666667 | AU7: 0 | AV7: =ABS($D7-AU7) -> 0.066666667 | AX7: 0 | AY7: =ABS($D7-AX7) -> 0.066666667 | BA7: 0 | BB7: =ABS($D7-BA7) -> 0.066666667 | BD7: 0 | BE7: =ABS($D7-BD7) -> 0.066666667 | BG7: 0 | BH7: =ABS($D7-BG7) -> 0.066666667 | BM7: Analyzing Object | BN7: =AVERAGE(V9:V14) -> 0.1
A8: GPT4 | B8: Waiting for Input | C8: None | D8: =COUNTIFS(STUDY03_DATA!C:C,A8,STUDY03_DATA!D:D,B8,STUDY03_DATA!F:F,C8)/'META DATA'!$B$2 -> 0.11666667 | F8: 0.05 | G8: =ABS($D8-F8) -> 0.066666667 | I8: 0.1 | J8: =ABS($D8-I8) -> 0.016666667 | L8: 0.1 | M8: =ABS($D8-L8) -> 0.016666667 | O8: 0 | P8: =ABS($D8-O8) -> 0.11666667 | R8: 0.05 | S8: =ABS($D8-R8) -> 0.066666667 | U8: 0.05 | V8: =ABS($D8-U8) -> 0.066666667 | X8: 0.05 | Y8: =ABS($D8-X8) -> 0.066666667 | AA8: 0.05 | AB8: =ABS($D8-AA8) -> 0.066666667 | AF8: 0.15 | AG8: =ABS($D8-AF8) -> 0.033333333 | AI8: 0.35 | AJ8: =ABS($D8-AI8) -> 0.23333333 | AL8: 0.1 | AM8: =ABS($D8-AL8) -> 0.016666667 | AO8: 0.1 | AP8: =ABS($D8-AO8) -> 0.016666667 | AR8: 0.25 | AS8: =ABS($D8-AR8) -> 0.13333333 | AU8: 0 | AV8: =ABS($D8-AU8) -> 0.11666667 | AX8: 0.1 | AY8: =ABS($D8-AX8) -> 0.016666667 | BA8: 0 | BB8: =ABS($D8-BA8) -> 0.11666667 | BD8: 0.25 | BE8: =ABS($D8-BD8) -> 0.13333333 | BG8: 0.2 | BH8: =ABS($D8-BG8) -> 0.083333333 | BM8: Found Object | BN8: =AVERAGE(V15:V20) -> 0.12222222
A9: GPT4 | B9: Analyzing Object | C9: Waiting for Input | D9: =COUNTIFS(STUDY03_DATA!C:C,A9,STUDY03_DATA!D:D,B9,STUDY03_DATA!F:F,C9)/'META DATA'!$B$2 -> 0.083333333 | F9: {=LLM_AO_01!S2:S7} -> 0.15 | G9: =ABS($D9-F9) -> 0.066666667 | I9: {=LLM_AO_02!S2:S7} -> 0.15 | J9: =ABS($D9-I9) -> 0.066666667 | L9: {=LLM_AO_03!S2:S7} -> 0.35 | M9: =ABS($D9-L9) -> 0.26666667 | O9: {=LLM_AO_04!S2:S7} -> 0.05 | P9: =ABS($D9-O9) -> 0.033333333 | R9: {=LLM_AO_05!S2:S7} -> 0.2 | S9: =ABS($D9-R9) -> 0.11666667 | U9: {=LLM_AO_06!S2:S7} -> 0.1 | V9: =ABS($D9-U9) -> 0.016666667 | X9: {=LLM_AO_07!S2:S7} -> 0 | Y9: =ABS($D9-X9) -> 0.083333333 | AA9: {=LLM_AO_08!S2:S7} -> 0.15 | AB9: =ABS($D9-AA9) -> 0.066666667 | AF9: {=LLM_AO_10!S2:S7} -> 0.3 | AG9: =ABS($D9-AF9) -> 0.21666667 | AI9: {=LLM_AO_11!S2:S7} -> 0.15 | AJ9: =ABS($D9-AI9) -> 0.066666667 | AL9: {=LLM_AO_12!S2:S7} -> 0 | AM9: =ABS($D9-AL9) -> 0.083333333 | AO9: {=LLM_AO_13!S2:S7} -> 0.15 | AP9: =ABS($D9-AO9) -> 0.066666667 | AR9: {=LLM_AO_14!S2:S7} -> 0.2 | AS9: =ABS($D9-AR9) -> 0.11666667 | AU9: {=LLM_AO_15!S2:S7} -> 0.15 | AV9: =ABS($D9-AU9) -> 0.066666667 | AX9: {=LLM_AO_16!S2:S7} -> 0.2 | AY9: =ABS($D9-AX9) -> 0.11666667 | BA9: {=LLM_AO_17!S2:S7} -> 0.25 | BB9: =ABS($D9-BA9) -> 0.16666667 | BD9: {=LLM_AO_18!S2:S7} -> 0.2 | BE9: =ABS($D9-BD9) -> 0.11666667 | BG9: {=LLM_AO_19!S2:S7} -> 0.35 | BH9: =ABS($D9-BG9) -> 0.26666667 | BM9: Needs Help | BN9: =AVERAGE(V21:V26) -> 0.077777778
A10: GPT4 | B10: Analyzing Object | C10: Analyzing Object | D10: =COUNTIFS(STUDY03_DATA!C:C,A10,STUDY03_DATA!D:D,B10,STUDY03_DATA!F:F,C10)/'META DATA'!$B$2 -> 0.33333333 | F10: 0.7 | G10: =ABS($D10-F10) -> 0.36666667 | I10: 0.8 | J10: =ABS($D10-I10) -> 0.46666667 | L10: 0.3 | M10: =ABS($D10-L10) -> 0.033333333 | O10: 0.8 | P10: =ABS($D10-O10) -> 0.46666667 | R10: 0.5 | S10: =ABS($D10-R10) -> 0.16666667 | U10: 0.45 | V10: =ABS($D10-U10) -> 0.11666667 | X10: 0.65 | Y10: =ABS($D10-X10) -> 0.31666667 | AA10: 0.55 | AB10: =ABS($D10-AA10) -> 0.21666667 | AF10: 0.35 | AG10: =ABS($D10-AF10) -> 0.016666667 | AI10: 0.6 | AJ10: =ABS($D10-AI10) -> 0.26666667 | AL10: 0.8 | AM10: =ABS($D10-AL10) -> 0.46666667 | AO10: 0.75 | AP10: =ABS($D10-AO10) -> 0.41666667 | AR10: 0.45 | AS10: =ABS($D10-AR10) -> 0.11666667 | AU10: 0.7 | AV10: =ABS($D10-AU10) -> 0.36666667 | AX10: 0.6 | AY10: =ABS($D10-AX10) -> 0.26666667 | BA10: 0.65 | BB10: =ABS($D10-BA10) -> 0.31666667 | BD10: 0.4 | BE10: =ABS($D10-BD10) -> 0.066666667 | BG10: 0.35 | BH10: =ABS($D10-BG10) -> 0.016666667 | BM10: Confused | BN10: =AVERAGE(V27:V32) -> 0.18611111
A11: GPT4 | B11: Analyzing Object | C11: Found Object | D11: =COUNTIFS(STUDY03_DATA!C:C,A11,STUDY03_DATA!D:D,B11,STUDY03_DATA!F:F,C11)/'META DATA'!$B$2 -> 0.5 | F11: 0.1 | G11: =ABS($D11-F11) -> 0.4 | I11: 0 | J11: =ABS($D11-I11) -> 0.5 | L11: 0.05 | M11: =ABS($D11-L11) -> 0.45 | O11: 0 | P11: =ABS($D11-O11) -> 0.5 | R11: 0.2 | S11: =ABS($D11-R11) -> 0.3 | U11: 0.2 | V11: =ABS($D11-U11) -> 0.3 | X11: 0.2 | Y11: =ABS($D11-X11) -> 0.3 | AA11: 0.3 | AB11: =ABS($D11-AA11) -> 0.2 | AF11: 0.15 | AG11: =ABS($D11-AF11) -> 0.35 | AI11: 0.15 | AJ11: =ABS($D11-AI11) -> 0.35 | AL11: 0.1 | AM11: =ABS($D11-AL11) -> 0.4 | AO11: 0.1 | AP11: =ABS($D11-AO11) -> 0.4 | AR11: 0.15 | AS11: =ABS($D11-AR11) -> 0.35 | AU11: 0.05 | AV11: =ABS($D11-AU11) -> 0.45 | AX11: 0.2 | AY11: =ABS($D11-AX11) -> 0.3 | BA11: 0.05 | BB11: =ABS($D11-BA11) -> 0.45 | BD11: 0.3 | BE11: =ABS($D11-BD11) -> 0.2 | BG11: 0.15 | BH11: =ABS($D11-BG11) -> 0.35 | BL11: Human | BM11: Waiting for Input | BN11: =AVERAGE(V33:V38) -> 0.080555556 | BO11: =AVERAGE(BN11:BN15) -> 0.10833333
A12: GPT4 | B12: Analyzing Object | C12: Needs Help | D12: =COUNTIFS(STUDY03_DATA!C:C,A12,STUDY03_DATA!D:D,B12,STUDY03_DATA!F:F,C12)/'META DATA'!$B$2 -> 0.033333333 | F12: 0.05 | G12: =ABS($D12-F12) -> 0.016666667 | I12: 0 | J12: =ABS($D12-I12) -> 0.033333333 | L12: 0.1 | M12: =ABS($D12-L12) -> 0.066666667 | O12: 0.15 | P12: =ABS($D12-O12) -> 0.11666667 | R12: 0 | S12: =ABS($D12-R12) -> 0.033333333 | U12: 0.05 | V12: =ABS($D12-U12) -> 0.016666667 | X12: 0 | Y12: =ABS($D12-X12) -> 0.033333333 | AA12: 0 | AB12: =ABS($D12-AA12) -> 0.033333333 | AF12: 0.05 | AG12: =ABS($D12-AF12) -> 0.016666667 | AI12: 0 | AJ12: =ABS($D12-AI12) -> 0.033333333 | AL12: 0 | AM12: =ABS($D12-AL12) -> 0.033333333 | AO12: 0 | AP12: =ABS($D12-AO12) -> 0.033333333 | AR12: 0 | AS12: =ABS($D12-AR12) -> 0.033333333 | AU12: 0 | AV12: =ABS($D12-AU12) -> 0.033333333 | AX12: 0 | AY12: =ABS($D12-AX12) -> 0.033333333 | BA12: 0 | BB12: =ABS($D12-BA12) -> 0.033333333 | BD12: 0 | BE12: =ABS($D12-BD12) -> 0.033333333 | BG12: 0 | BH12: =ABS($D12-BG12) -> 0.033333333 | BM12: Analyzing Object | BN12: =AVERAGE(V39:V44) -> 0.12777778
A13: GPT4 | B13: Analyzing Object | C13: Confused | D13: =COUNTIFS(STUDY03_DATA!C:C,A13,STUDY03_DATA!D:D,B13,STUDY03_DATA!F:F,C13)/'META DATA'!$B$2 -> 0.033333333 | F13: 0 | G13: =ABS($D13-F13) -> 0.033333333 | I13: 0.05 | J13: =ABS($D13-I13) -> 0.016666667 | L13: 0.15 | M13: =ABS($D13-L13) -> 0.11666667 | O13: 0 | P13: =ABS($D13-O13) -> 0.033333333 | R13: 0 | S13: =ABS($D13-R13) -> 0.033333333 | U13: 0.15 | V13: =ABS($D13-U13) -> 0.11666667 | X13: 0.1 | Y13: =ABS($D13-X13) -> 0.066666667 | AA13: 0 | AB13: =ABS($D13-AA13) -> 0.033333333 | AF13: 0 | AG13: =ABS($D13-AF13) -> 0.033333333 | AI13: 0 | AJ13: =ABS($D13-AI13) -> 0.033333333 | AL13: 0 | AM13: =ABS($D13-AL13) -> 0.033333333 | AO13: 0 | AP13: =ABS($D13-AO13) -> 0.033333333 | AR13: 0 | AS13: =ABS($D13-AR13) -> 0.033333333 | AU13: 0 | AV13: =ABS($D13-AU13) -> 0.033333333 | AX13: 0 | AY13: =ABS($D13-AX13) -> 0.033333333 | BA13: 0 | BB13: =ABS($D13-BA13) -> 0.033333333 | BD13: 0 | BE13: =ABS($D13-BD13) -> 0.033333333 | BG13: 0 | BH13: =ABS($D13-BG13) -> 0.033333333 | BM13: Found Object | BN13: =AVERAGE(V45:V50) -> 0.033333333 | CD13: WFI
A14: GPT4 | B14: Analyzing Object | C14: None | D14: =COUNTIFS(STUDY03_DATA!C:C,A14,STUDY03_DATA!D:D,B14,STUDY03_DATA!F:F,C14)/'META DATA'!$B$2 -> 0.016666667 | F14: 0 | G14: =ABS($D14-F14) -> 0.016666667 | I14: 0 | J14: =ABS($D14-I14) -> 0.016666667 | L14: 0.05 | M14: =ABS($D14-L14) -> 0.033333333 | O14: 0 | P14: =ABS($D14-O14) -> 0.016666667 | R14: 0.1 | S14: =ABS($D14-R14) -> 0.083333333 | U14: 0.05 | V14: =ABS($D14-U14) -> 0.033333333 | X14: 0.05 | Y14: =ABS($D14-X14) -> 0.033333333 | AA14: 0 | AB14: =ABS($D14-AA14) -> 0.016666667 | AF14: 0.15 | AG14: =ABS($D14-AF14) -> 0.13333333 | AI14: 0.05 | AJ14: =ABS($D14-AI14) -> 0.033333333 | AL14: 0.1 | AM14: =ABS($D14-AL14) -> 0.083333333 | AO14: 0 | AP14: =ABS($D14-AO14) -> 0.016666667 | AR14: 0.15 | AS14: =ABS($D14-AR14) -> 0.13333333 | AU14: 0.1 | AV14: =ABS($D14-AU14) -> 0.083333333 | AX14: 0 | AY14: =ABS($D14-AX14) -> 0.016666667 | BA14: 0.05 | BB14: =ABS($D14-BA14) -> 0.033333333 | BD14: 0.1 | BE14: =ABS($D14-BD14) -> 0.083333333 | BG14: 0.15 | BH14: =ABS($D14-BG14) -> 0.13333333 | BM14: Needs Help | BN14: =AVERAGE(V51:V56) -> 0.21111111 | CD14: AO
A15: GPT4 | B15: Found Object | C15: Waiting for Input | D15: =COUNTIFS(STUDY03_DATA!C:C,A15,STUDY03_DATA!D:D,B15,STUDY03_DATA!F:F,C15)/'META DATA'!$B$2 -> 0.016666667 | F15: {=LLM_FO_01!S2:S7} -> 0 | G15: =ABS($D15-F15) -> 0.016666667 | I15: {=LLM_FO_02!S2:S7} -> 0 | J15: =ABS($D15-I15) -> 0.016666667 | L15: {=LLM_FO_03!S2:S7} -> 0.1 | M15: =ABS($D15-L15) -> 0.083333333 | O15: {=LLM_FO_04!S2:S7} -> 0 | P15: =ABS($D15-O15) -> 0.016666667 | R15: {=LLM_FO_05!S2:S7} -> 0.05 | S15: =ABS($D15-R15) -> 0.033333333 | U15: {=LLM_FO_06!S2:S7} -> 0.1 | V15: =ABS($D15-U15) -> 0.083333333 | X15: {=LLM_FO_07!S2:S7} -> 0 | Y15: =ABS($D15-X15) -> 0.016666667 | AA15: {=LLM_FO_08!S2:S7} -> 0 | AB15: =ABS($D15-AA15) -> 0.016666667 | AF15: {=LLM_FO_10!S2:S7} -> 0.05 | AG15: =ABS($D15-AF15) -> 0.033333333 | AI15: {=LLM_FO_11!S2:S7} -> 0.05 | AJ15: =ABS($D15-AI15) -> 0.033333333 | AL15: {=LLM_FO_12!S2:S7} -> 0 | AM15: =ABS($D15-AL15) -> 0.016666667 | AO15: {=LLM_FO_13!S2:S7} -> 0 | AP15: =ABS($D15-AO15) -> 0.016666667 | AR15: {=LLM_FO_14!S2:S7} -> 0.05 | AS15: =ABS($D15-AR15) -> 0.033333333 | AU15: {=LLM_FO_15!S2:S7} -> 0 | AV15: =ABS($D15-AU15) -> 0.016666667 | AX15: {=LLM_FO_16!S2:S7} -> 0 | AY15: =ABS($D15-AX15) -> 0.016666667 | BA15: {=LLM_FO_17!S2:S7} -> 0 | BB15: =ABS($D15-BA15) -> 0.016666667 | BD15: {=LLM_FO_18!S2:S7} -> 0 | BE15: =ABS($D15-BD15) -> 0.016666667 | BG15: {=LLM_FO_18!S2:S7} -> 0 | BH15: =ABS($D15-BG15) -> 0.016666667 | BM15: Confused | BN15: =AVERAGE(V57:V62) -> 0.088888889 | CD15: FO
A16: GPT4 | B16: Found Object | C16: Analyzing Object | D16: =COUNTIFS(STUDY03_DATA!C:C,A16,STUDY03_DATA!D:D,B16,STUDY03_DATA!F:F,C16)/'META DATA'!$B$2 -> 0.56666667 | F16: 0.9 | G16: =ABS($D16-F16) -> 0.33333333 | I16: 0.8 | J16: =ABS($D16-I16) -> 0.23333333 | L16: 0.8 | M16: =ABS($D16-L16) -> 0.23333333 | O16: 0.8 | P16: =ABS($D16-O16) -> 0.23333333 | R16: 0.75 | S16: =ABS($D16-R16) -> 0.18333333 | U16: 0.8 | V16: =ABS($D16-U16) -> 0.23333333 | X16: 0.9 | Y16: =ABS($D16-X16) -> 0.33333333 | AA16: 0.65 | AB16: =ABS($D16-AA16) -> 0.083333333 | AF16: 0.55 | AG16: =ABS($D16-AF16) -> 0.016666667 | AI16: 0.55 | AJ16: =ABS($D16-AI16) -> 0.016666667 | AL16: 0.75 | AM16: =ABS($D16-AL16) -> 0.18333333 | AO16: 0.65 | AP16: =ABS($D16-AO16) -> 0.083333333 | AR16: 0.7 | AS16: =ABS($D16-AR16) -> 0.13333333 | AU16: 0.75 | AV16: =ABS($D16-AU16) -> 0.18333333 | AX16: 0.7 | AY16: =ABS($D16-AX16) -> 0.13333333 | BA16: 0.55 | BB16: =ABS($D16-BA16) -> 0.016666667 | BD16: 0.7 | BE16: =ABS($D16-BD16) -> 0.13333333 | BG16: 0.7 | BH16: =ABS($D16-BG16) -> 0.13333333 | BL16: Random | BM16: Waiting for Input | BN16: =AVERAGE(V63:V68) -> 0.1 | BO16: =AVERAGE(BN16:BN20) -> 0.13888889 | CD16: NH
A17: GPT4 | B17: Found Object | C17: Found Object | D17: =COUNTIFS(STUDY03_DATA!C:C,A17,STUDY03_DATA!D:D,B17,STUDY03_DATA!F:F,C17)/'META DATA'!$B$2 -> 0.4 | F17: 0 | G17: =ABS($D17-F17) -> 0.4 | I17: 0.1 | J17: =ABS($D17-I17) -> 0.3 | L17: 0.05 | M17: =ABS($D17-L17) -> 0.35 | O17: 0.15 | P17: =ABS($D17-O17) -> 0.25 | R17: 0.2 | S17: =ABS($D17-R17) -> 0.2 | U17: 0.05 | V17: =ABS($D17-U17) -> 0.35 | X17: 0.1 | Y17: =ABS($D17-X17) -> 0.3 | AA17: 0.3 | AB17: =ABS($D17-AA17) -> 0.1 | AF17: 0.15 | AG17: =ABS($D17-AF17) -> 0.25 | AI17: 0.3 | AJ17: =ABS($D17-AI17) -> 0.1 | AL17: 0.25 | AM17: =ABS($D17-AL17) -> 0.15 | AO17: 0.25 | AP17: =ABS($D17-AO17) -> 0.15 | AR17: 0.2 | AS17: =ABS($D17-AR17) -> 0.2 | AU17: 0.1 | AV17: =ABS($D17-AU17) -> 0.3 | AX17: 0.25 | AY17: =ABS($D17-AX17) -> 0.15 | BA17: 0.35 | BB17: =ABS($D17-BA17) -> 0.05 | BD17: 0.2 | BE17: =ABS($D17-BD17) -> 0.2 | BG17: 0.2 | BH17: =ABS($D17-BG17) -> 0.2 | BM17: Analyzing Object | BN17: =AVERAGE(V69:V74) -> 0.16111111 | CD17: C
A18: GPT4 | B18: Found Object | C18: Needs Help | D18: =COUNTIFS(STUDY03_DATA!C:C,A18,STUDY03_DATA!D:D,B18,STUDY03_DATA!F:F,C18)/'META DATA'!$B$2 -> 0 | F18: 0 | G18: =ABS($D18-F18) -> 0 | I18: 0.05 | J18: =ABS($D18-I18) -> 0.05 | L18: 0.05 | M18: =ABS($D18-L18) -> 0.05 | O18: 0.05 | P18: =ABS($D18-O18) -> 0.05 | R18: 0 | S18: =ABS($D18-R18) -> 0 | U18: 0.05 | V18: =ABS($D18-U18) -> 0.05 | X18: 0 | Y18: =ABS($D18-X18) -> 0 | AA18: 0 | AB18: =ABS($D18-AA18) -> 0 | AF18: 0 | AG18: =ABS($D18-AF18) -> 0 | AI18: 0 | AJ18: =ABS($D18-AI18) -> 0 | AL18: 0 | AM18: =ABS($D18-AL18) -> 0 | AO18: 0 | AP18: =ABS($D18-AO18) -> 0 | AR18: 0 | AS18: =ABS($D18-AR18) -> 0 | AU18: 0 | AV18: =ABS($D18-AU18) -> 0 | AX18: 0 | AY18: =ABS($D18-AX18) -> 0 | BA18: 0 | BB18: =ABS($D18-BA18) -> 0 | BD18: 0 | BE18: =ABS($D18-BD18) -> 0 | BG18: 0 | BH18: =ABS($D18-BG18) -> 0 | BM18: Found Object | BN18: =AVERAGE(V75:V80) -> 0.11111111 | CD18: NONE
A19: GPT4 | B19: Found Object | C19: Confused | D19: =COUNTIFS(STUDY03_DATA!C:C,A19,STUDY03_DATA!D:D,B19,STUDY03_DATA!F:F,C19)/'META DATA'!$B$2 -> 0 | F19: 0.1 | G19: =ABS($D19-F19) -> 0.1 | I19: 0.05 | J19: =ABS($D19-I19) -> 0.05 | L19: 0 | M19: =ABS($D19-L19) -> 0 | O19: 0 | P19: =ABS($D19-O19) -> 0 | R19: 0 | S19: =ABS($D19-R19) -> 0 | U19: 0 | V19: =ABS($D19-U19) -> 0 | X19: 0 | Y19: =ABS($D19-X19) -> 0 | AA19: 0 | AB19: =ABS($D19-AA19) -> 0 | AF19: 0 | AG19: =ABS($D19-AF19) -> 0 | AI19: 0 | AJ19: =ABS($D19-AI19) -> 0 | AL19: 0 | AM19: =ABS($D19-AL19) -> 0 | AO19: 0 | AP19: =ABS($D19-AO19) -> 0 | AR19: 0 | AS19: =ABS($D19-AR19) -> 0 | AU19: 0 | AV19: =ABS($D19-AU19) -> 0 | AX19: 0 | AY19: =ABS($D19-AX19) -> 0 | BA19: 0 | BB19: =ABS($D19-BA19) -> 0 | BD19: 0 | BE19: =ABS($D19-BD19) -> 0 | BG19: 0 | BH19: =ABS($D19-BG19) -> 0 | BM19: Needs Help | BN19: =AVERAGE(V81:V86) -> 0.16666667
A20: GPT4 | B20: Found Object | C20: None | D20: =COUNTIFS(STUDY03_DATA!C:C,A20,STUDY03_DATA!D:D,B20,STUDY03_DATA!F:F,C20)/'META DATA'!$B$2 -> 0.016666667 | F20: 0 | G20: =ABS($D20-F20) -> 0.016666667 | I20: 0 | J20: =ABS($D20-I20) -> 0.016666667 | L20: 0 | M20: =ABS($D20-L20) -> 0.016666667 | O20: 0 | P20: =ABS($D20-O20) -> 0.016666667 | R20: 0 | S20: =ABS($D20-R20) -> 0.016666667 | U20: 0 | V20: =ABS($D20-U20) -> 0.016666667 | X20: 0 | Y20: =ABS($D20-X20) -> 0.016666667 | AA20: 0.05 | AB20: =ABS($D20-AA20) -> 0.033333333 | AF20: 0.25 | AG20: =ABS($D20-AF20) -> 0.23333333 | AI20: 0.1 | AJ20: =ABS($D20-AI20) -> 0.083333333 | AL20: 0 | AM20: =ABS($D20-AL20) -> 0.016666667 | AO20: 0.1 | AP20: =ABS($D20-AO20) -> 0.083333333 | AR20: 0.05 | AS20: =ABS($D20-AR20) -> 0.033333333 | AU20: 0.15 | AV20: =ABS($D20-AU20) -> 0.13333333 | AX20: 0.05 | AY20: =ABS($D20-AX20) -> 0.033333333 | BA20: 0.1 | BB20: =ABS($D20-BA20) -> 0.083333333 | BD20: 0.1 | BE20: =ABS($D20-BD20) -> 0.083333333 | BG20: 0.1 | BH20: =ABS($D20-BG20) -> 0.083333333 | BM20: Confused | BN20: =AVERAGE(V87:V92) -> 0.15555556
A21: GPT4 | B21: Needs Help | C21: Waiting for Input | D21: =COUNTIFS(STUDY03_DATA!C:C,A21,STUDY03_DATA!D:D,B21,STUDY03_DATA!F:F,C21)/'META DATA'!$B$2 -> 0.15 | F21: {=LLM_NH_01!S2:S7} -> 0.15 | G21: =ABS($D21-F21) -> 0 | I21: {=LLM_NH_02!S2:S7} -> 0.1 | J21: =ABS($D21-I21) -> 0.05 | L21: {=LLM_NH_03!S2:S7} -> 0.15 | M21: =ABS($D21-L21) -> 0 | O21: {=LLM_NH_04!S2:S7} -> 0.05 | P21: =ABS($D21-O21) -> 0.1 | R21: {=LLM_NH_05!S2:S7} -> 0.5 | S21: =ABS($D21-R21) -> 0.35 | U21: {=LLM_NH_06!S2:S7} -> 0.05 | V21: =ABS($D21-U21) -> 0.1 | X21: {=LLM_NH_07!S2:S7} -> 0 | Y21: =ABS($D21-X21) -> 0.15 | AA21: {=LLM_NH_08!S2:S7} -> 0.15 | AB21: =ABS($D21-AA21) -> 0 | AF21: {=LLM_NH_10!S2:S7} -> 0 | AG21: =ABS($D21-AF21) -> 0.15 | AI21: {=LLM_NH_11!S2:S7} -> 0.2 | AJ21: =ABS($D21-AI21) -> 0.05 | AL21: {=LLM_NH_12!S2:S7} -> 0 | AM21: =ABS($D21-AL21) -> 0.15 | AO21: {=LLM_NH_13!S2:S7} -> 0.2 | AP21: =ABS($D21-AO21) -> 0.05 | AR21: {=LLM_NH_14!S2:S7} -> 0.15 | AS21: =ABS($D21-AR21) -> 0 | AU21: {=LLM_NH_15!S2:S7} -> 0.05 | AV21: =ABS($D21-AU21) -> 0.1 | AX21: {=LLM_NH_16!S2:S7} -> 0.35 | AY21: =ABS($D21-AX21) -> 0.2 | BA21: {=LLM_NH_17!S2:S7} -> 0.1 | BB21: =ABS($D21-BA21) -> 0.05 | BD21: {=LLM_NH_18!S2:S7} -> 0.15 | BE21: =ABS($D21-BD21) -> 0 | BG21: {=LLM_NH_19!S2:S7} -> 0.05 | BH21: =ABS($D21-BG21) -> 0.1
A22: GPT4 | B22: Needs Help | C22: Analyzing Object | D22: =COUNTIFS(STUDY03_DATA!C:C,A22,STUDY03_DATA!D:D,B22,STUDY03_DATA!F:F,C22)/'META DATA'!$B$2 -> 0.1 | F22: 0 | G22: =ABS($D22-F22) -> 0.1 | I22: 0 | J22: =ABS($D22-I22) -> 0.1 | L22: 0 | M22: =ABS($D22-L22) -> 0.1 | O22: 0 | P22: =ABS($D22-O22) -> 0.1 | R22: 0.15 | S22: =ABS($D22-R22) -> 0.05 | U22: 0.1 | V22: =ABS($D22-U22) -> 0 | X22: 0 | Y22: =ABS($D22-X22) -> 0.1 | AA22: 0.05 | AB22: =ABS($D22-AA22) -> 0.05 | AF22: 0.1 | AG22: =ABS($D22-AF22) -> 0 | AI22: 0.05 | AJ22: =ABS($D22-AI22) -> 0.05 | AL22: 0.2 | AM22: =ABS($D22-AL22) -> 0.1 | AO22: 0.2 | AP22: =ABS($D22-AO22) -> 0.1 | AR22: 0.05 | AS22: =ABS($D22-AR22) -> 0.05 | AU22: 0.3 | AV22: =ABS($D22-AU22) -> 0.2 | AX22: 0.05 | AY22: =ABS($D22-AX22) -> 0.05 | BA22: 0.2 | BB22: =ABS($D22-BA22) -> 0.1 | BD22: 0 | BE22: =ABS($D22-BD22) -> 0.1 | BG22: 0.15 | BH22: =ABS($D22-BG22) -> 0.05 | BR22: GPT GENERATED CONFUSED
A23: GPT4 | B23: Needs Help | C23: Found Object | D23: =COUNTIFS(STUDY03_DATA!C:C,A23,STUDY03_DATA!D:D,B23,STUDY03_DATA!F:F,C23)/'META DATA'!$B$2 -> 0.033333333 | F23: 0 | G23: =ABS($D23-F23) -> 0.033333333 | I23: 0 | J23: =ABS($D23-I23) -> 0.033333333 | L23: 0.05 | M23: =ABS($D23-L23) -> 0.016666667 | O23: 0 | P23: =ABS($D23-O23) -> 0.033333333 | R23: 0.05 | S23: =ABS($D23-R23) -> 0.016666667 | U23: 0 | V23: =ABS($D23-U23) -> 0.033333333 | X23: 0 | Y23: =ABS($D23-X23) -> 0.033333333 | AA23: 0 | AB23: =ABS($D23-AA23) -> 0.033333333 | AF23: 0.05 | AG23: =ABS($D23-AF23) -> 0.016666667 | AI23: 0 | AJ23: =ABS($D23-AI23) -> 0.033333333 | AL23: 0 | AM23: =ABS($D23-AL23) -> 0.033333333 | AO23: 0 | AP23: =ABS($D23-AO23) -> 0.033333333 | AR23: 0 | AS23: =ABS($D23-AR23) -> 0.033333333 | AU23: 0 | AV23: =ABS($D23-AU23) -> 0.033333333 | AX23: 0 | AY23: =ABS($D23-AX23) -> 0.033333333 | BA23: 0 | BB23: =ABS($D23-BA23) -> 0.033333333 | BD23: 0 | BE23: =ABS($D23-BD23) -> 0.033333333 | BG23: 0 | BH23: =ABS($D23-BG23) -> 0.033333333 | BL23: ACCURACY PROXY VALIDATION DATA (MEAN ABS ALIGNMENT = MAA = 1 - MAE) | ID 06
A24: GPT4 | B24: Needs Help | C24: Needs Help | D24: =COUNTIFS(STUDY03_DATA!C:C,A24,STUDY03_DATA!D:D,B24,STUDY03_DATA!F:F,C24)/'META DATA'!$B$2 -> 0.51666667 | F24: 0.4 | G24: =ABS($D24-F24) -> 0.11666667 | I24: 0.4 | J24: =ABS($D24-I24) -> 0.11666667 | L24: 0.25 | M24: =ABS($D24-L24) -> 0.26666667 | O24: 0.5 | P24: =ABS($D24-O24) -> 0.016666667 | R24: 0.05 | S24: =ABS($D24-R24) -> 0.46666667 | U24: 0.45 | V24: =ABS($D24-U24) -> 0.066666667 | X24: 0.3 | Y24: =ABS($D24-X24) -> 0.21666667 | AA24: 0.25 | AB24: =ABS($D24-AA24) -> 0.26666667 | AF24: 0.35 | AG24: =ABS($D24-AF24) -> 0.16666667 | AI24: 0.45 | AJ24: =ABS($D24-AI24) -> 0.066666667 | AL24: 0.3 | AM24: =ABS($D24-AL24) -> 0.21666667 | AO24: 0.4 | AP24: =ABS($D24-AO24) -> 0.11666667 | AR24: 0.45 | AS24: =ABS($D24-AR24) -> 0.066666667 | AU24: 0.3 | AV24: =ABS($D24-AU24) -> 0.21666667 | AX24: 0.35 | AY24: =ABS($D24-AX24) -> 0.16666667 | BA24: 0.45 | BB24: =ABS($D24-BA24) -> 0.066666667 | BD24: 0.4 | BE24: =ABS($D24-BD24) -> 0.11666667 | BG24: 0.45 | BH24: =ABS($D24-BG24) -> 0.066666667 | BL24: Condition | BM24: State | BN24: Alignment by State | BO24: Alignment by Cond | BP24: Overall Alignment
A25: GPT4 | B25: Needs Help | C25: Confused | D25: =COUNTIFS(STUDY03_DATA!C:C,A25,STUDY03_DATA!D:D,B25,STUDY03_DATA!F:F,C25)/'META DATA'!$B$2 -> 0.11666667 | F25: 0.4 | G25: =ABS($D25-F25) -> 0.28333333 | I25: 0.45 | J25: =ABS($D25-I25) -> 0.33333333 | L25: 0.55 | M25: =ABS($D25-L25) -> 0.43333333 | O25: 0.45 | P25: =ABS($D25-O25) -> 0.33333333 | R25: 0.25 | S25: =ABS($D25-R25) -> 0.13333333 | U25: 0.35 | V25: =ABS($D25-U25) -> 0.23333333 | X25: 0.7 | Y25: =ABS($D25-X25) -> 0.58333333 | AA25: 0.55 | AB25: =ABS($D25-AA25) -> 0.43333333 | AF25: 0.45 | AG25: =ABS($D25-AF25) -> 0.33333333 | AI25: 0.25 | AJ25: =ABS($D25-AI25) -> 0.13333333 | AL25: 0.5 | AM25: =ABS($D25-AL25) -> 0.38333333 | AO25: 0.15 | AP25: =ABS($D25-AO25) -> 0.033333333 | AR25: 0.3 | AS25: =ABS($D25-AR25) -> 0.18333333 | AU25: 0.3 | AV25: =ABS($D25-AU25) -> 0.18333333 | AX25: 0.25 | AY25: =ABS($D25-AX25) -> 0.13333333 | BA25: 0.25 | BB25: =ABS($D25-BA25) -> 0.13333333 | BD25: 0.4 | BE25: =ABS($D25-BD25) -> 0.28333333 | BG25: 0.35 | BH25: =ABS($D25-BG25) -> 0.23333333 | BL25: GPT4 | BM25: Waiting for Input | BN25: =1-BN6 -> 0.95555556 | BO25: =AVERAGE(BN25:BN29) -> 0.89388889 | BP25: =AVERAGE(BO25,BO30,BO35) -> 0.88222222
A26: GPT4 | B26: Needs Help | C26: None | D26: =COUNTIFS(STUDY03_DATA!C:C,A26,STUDY03_DATA!D:D,B26,STUDY03_DATA!F:F,C26)/'META DATA'!$B$2 -> 0.083333333 | F26: 0.05 | G26: =ABS($D26-F26) -> 0.033333333 | I26: 0.05 | J26: =ABS($D26-I26) -> 0.033333333 | L26: 0 | M26: =ABS($D26-L26) -> 0.083333333 | O26: 0 | P26: =ABS($D26-O26) -> 0.083333333 | R26: 0 | S26: =ABS($D26-R26) -> 0.083333333 | U26: 0.05 | V26: =ABS($D26-U26) -> 0.033333333 | X26: 0 | Y26: =ABS($D26-X26) -> 0.083333333 | AA26: 0 | AB26: =ABS($D26-AA26) -> 0.083333333 | AF26: 0.05 | AG26: =ABS($D26-AF26) -> 0.033333333 | AI26: 0.05 | AJ26: =ABS($D26-AI26) -> 0.033333333 | AL26: 0 | AM26: =ABS($D26-AL26) -> 0.083333333 | AO26: 0.05 | AP26: =ABS($D26-AO26) -> 0.033333333 | AR26: 0.05 | AS26: =ABS($D26-AR26) -> 0.033333333 | AU26: 0 | AV26: =ABS($D26-AU26) -> 0.083333333 | AX26: 0 | AY26: =ABS($D26-AX26) -> 0.083333333 | BA26: 0 | BB26: =ABS($D26-BA26) -> 0.083333333 | BD26: 0.05 | BE26: =ABS($D26-BD26) -> 0.033333333 | BG26: 0 | BH26: =ABS($D26-BG26) -> 0.083333333 | BM26: Analyzing Object | BN26: =1-BN7 -> 0.9
A27: GPT4 | B27: Confused | C27: Waiting for Input | D27: =COUNTIFS(STUDY03_DATA!C:C,A27,STUDY03_DATA!D:D,B27,STUDY03_DATA!F:F,C27)/'META DATA'!$B$2 -> 0.05 | F27: {=LLM_C_01!S2:S7} -> 0.2 | G27: =ABS($D27-F27) -> 0.15 | I27: {=LLM_C_02!S2:S7} -> 0.1 | J27: =ABS($D27-I27) -> 0.05 | L27: {=LLM_C_03!S2:S7} -> 0.25 | M27: =ABS($D27-L27) -> 0.2 | O27: {=LLM_C_04!S2:S7} -> 0.05 | P27: =ABS($D27-O27) -> 0 | R27: {=LLM_C_05!S2:S7} -> 0.25 | S27: =ABS($D27-R27) -> 0.2 | U27: {=LLM_C_06!S2:S7} -> 0.2 | V27: =ABS($D27-U27) -> 0.15 | X27: {=LLM_C_07!S2:S7} -> 0.05 | Y27: =ABS($D27-X27) -> 0 | AA27: {=LLM_C_08!S2:S7} -> 0.2 | AB27: =ABS($D27-AA27) -> 0.15 | AF27: {=LLM_C_10!S2:S7} -> 0.15 | AG27: =ABS($D27-AF27) -> 0.1 | AI27: {=LLM_C_11!S2:S7} -> 0.2 | AJ27: =ABS($D27-AI27) -> 0.15 | AL27: {=LLM_C_12!S2:S7} -> 0.15 | AM27: =ABS($D27-AL27) -> 0.1 | AO27: {=LLM_C_13!S2:S7} -> 0.05 | AP27: =ABS($D27-AO27) -> 0 | AR27: {=LLM_C_14!S2:S7} -> 0.2 | AS27: =ABS($D27-AR27) -> 0.15 | AU27: {=LLM_C_15!S2:S7} -> 0.2 | AV27: =ABS($D27-AU27) -> 0.15 | AX27: {=LLM_C_16!S2:S7} -> 0.1 | AY27: =ABS($D27-AX27) -> 0.05 | BA27: {=LLM_C_17!S2:S7} -> 0.15 | BB27: =ABS($D27-BA27) -> 0.1 | BD27: {=LLM_C_18!S2:S7} -> 0.1 | BE27: =ABS($D27-BD27) -> 0.05 | BG27: {=LLM_C_19!S2:S7} -> 0 | BH27: =ABS($D27-BG27) -> 0.05 | BM27: Found Object | BN27: =1-BN8 -> 0.87777778
A28: GPT4 | B28: Confused | C28: Analyzing Object | D28: =COUNTIFS(STUDY03_DATA!C:C,A28,STUDY03_DATA!D:D,B28,STUDY03_DATA!F:F,C28)/'META DATA'!$B$2 -> 0.083333333 | F28: 0 | G28: =ABS($D28-F28) -> 0.083333333 | I28: 0 | J28: =ABS($D28-I28) -> 0.083333333 | L28: 0.05 | M28: =ABS($D28-L28) -> 0.033333333 | O28: 0 | P28: =ABS($D28-O28) -> 0.083333333 | R28: 0.1 | S28: =ABS($D28-R28) -> 0.016666667 | U28: 0 | V28: =ABS($D28-U28) -> 0.083333333 | X28: 0 | Y28: =ABS($D28-X28) -> 0.083333333 | AA28: 0.05 | AB28: =ABS($D28-AA28) -> 0.033333333 | AF28: 0 | AG28: =ABS($D28-AF28) -> 0.083333333 | AI28: 0 | AJ28: =ABS($D28-AI28) -> 0.083333333 | AL28: 0.15 | AM28: =ABS($D28-AL28) -> 0.066666667 | AO28: 0.25 | AP28: =ABS($D28-AO28) -> 0.16666667 | AR28: 0 | AS28: =ABS($D28-AR28) -> 0.083333333 | AU28: 0.15 | AV28: =ABS($D28-AU28) -> 0.066666667 | AX28: 0.2 | AY28: =ABS($D28-AX28) -> 0.11666667 | BA28: 0.25 | BB28: =ABS($D28-BA28) -> 0.16666667 | BD28: 0 | BE28: =ABS($D28-BD28) -> 0.083333333 | BG28: 0 | BH28: =ABS($D28-BG28) -> 0.083333333 | BM28: Needs Help | BN28: =1-BN9 -> 0.92222222
A29: GPT4 | B29: Confused | C29: Found Object | D29: =COUNTIFS(STUDY03_DATA!C:C,A29,STUDY03_DATA!D:D,B29,STUDY03_DATA!F:F,C29)/'META DATA'!$B$2 -> 0 | F29: 0 | G29: =ABS($D29-F29) -> 0 | I29: 0 | J29: =ABS($D29-I29) -> 0 | L29: 0.05 | M29: =ABS($D29-L29) -> 0.05 | O29: 0 | P29: =ABS($D29-O29) -> 0 | R29: 0.05 | S29: =ABS($D29-R29) -> 0.05 | U29: 0.05 | V29: =ABS($D29-U29) -> 0.05 | X29: 0 | Y29: =ABS($D29-X29) -> 0 | AA29: 0 | AB29: =ABS($D29-AA29) -> 0 | AF29: 0 | AG29: =ABS($D29-AF29) -> 0 | AI29: 0 | AJ29: =ABS($D29-AI29) -> 0 | AL29: 0.05 | AM29: =ABS($D29-AL29) -> 0.05 | AO29: 0 | AP29: =ABS($D29-AO29) -> 0 | AR29: 0 | AS29: =ABS($D29-AR29) -> 0 | AU29: 0 | AV29: =ABS($D29-AU29) -> 0 | AX29: 0 | AY29: =ABS($D29-AX29) -> 0 | BA29: 0.05 | BB29: =ABS($D29-BA29) -> 0.05 | BD29: 0 | BE29: =ABS($D29-BD29) -> 0 | BG29: 0 | BH29: =ABS($D29-BG29) -> 0 | BM29: Confused | BN29: =1-BN10 -> 0.81388889
A30: GPT4 | B30: Confused | C30: Needs Help | D30: =COUNTIFS(STUDY03_DATA!C:C,A30,STUDY03_DATA!D:D,B30,STUDY03_DATA!F:F,C30)/'META DATA'!$B$2 -> 0.51666667 | F30: 0.05 | G30: =ABS($D30-F30) -> 0.46666667 | I30: 0.05 | J30: =ABS($D30-I30) -> 0.46666667 | L30: 0.1 | M30: =ABS($D30-L30) -> 0.41666667 | O30: 0.15 | P30: =ABS($D30-O30) -> 0.36666667 | R30: 0 | S30: =ABS($D30-R30) -> 0.51666667 | U30: 0.05 | V30: =ABS($D30-U30) -> 0.46666667 | X30: 0 | Y30: =ABS($D30-X30) -> 0.51666667 | AA30: 0.1 | AB30: =ABS($D30-AA30) -> 0.41666667 | AF30: 0.05 | AG30: =ABS($D30-AF30) -> 0.46666667 | AI30: 0.45 | AJ30: =ABS($D30-AI30) -> 0.066666667 | AL30: 0.15 | AM30: =ABS($D30-AL30) -> 0.36666667 | AO30: 0.15 | AP30: =ABS($D30-AO30) -> 0.36666667 | AR30: 0.45 | AS30: =ABS($D30-AR30) -> 0.066666667 | AU30: 0.25 | AV30: =ABS($D30-AU30) -> 0.26666667 | AX30: 0.25 | AY30: =ABS($D30-AX30) -> 0.26666667 | BA30: 0.15 | BB30: =ABS($D30-BA30) -> 0.36666667 | BD30: 0.35 | BE30: =ABS($D30-BD30) -> 0.16666667 | BG30: 0.6 | BH30: =ABS($D30-BG30) -> 0.083333333 | BL30: Human | BM30: Waiting for Input | BN30: =1-BN11 -> 0.91944444 | BO30: =AVERAGE(BN30:BN34) -> 0.89166667
A31: GPT4 | B31: Confused | C31: Confused | D31: =COUNTIFS(STUDY03_DATA!C:C,A31,STUDY03_DATA!D:D,B31,STUDY03_DATA!F:F,C31)/'META DATA'!$B$2 -> 0.31666667 | F31: 0.75 | G31: =ABS($D31-F31) -> 0.43333333 | I31: 0.8 | J31: =ABS($D31-I31) -> 0.48333333 | L31: 0.55 | M31: =ABS($D31-L31) -> 0.23333333 | O31: 0.8 | P31: =ABS($D31-O31) -> 0.48333333 | R31: 0.6 | S31: =ABS($D31-R31) -> 0.28333333 | U31: 0.65 | V31: =ABS($D31-U31) -> 0.33333333 | X31: 0.9 | Y31: =ABS($D31-X31) -> 0.58333333 | AA31: 0.55 | AB31: =ABS($D31-AA31) -> 0.23333333 | AF31: 0.6 | AG31: =ABS($D31-AF31) -> 0.28333333 | AI31: 0.2 | AJ31: =ABS($D31-AI31) -> 0.11666667 | AL31: 0.45 | AM31: =ABS($D31-AL31) -> 0.13333333 | AO31: 0.5 | AP31: =ABS($D31-AO31) -> 0.18333333 | AR31: 0.15 | AS31: =ABS($D31-AR31) -> 0.16666667 | AU31: 0.35 | AV31: =ABS($D31-AU31) -> 0.033333333 | AX31: 0.35 | AY31: =ABS($D31-AX31) -> 0.033333333 | BA31: 0.4 | BB31: =ABS($D31-BA31) -> 0.083333333 | BD31: 0.3 | BE31: =ABS($D31-BD31) -> 0.016666667 | BG31: 0.25 | BH31: =ABS($D31-BG31) -> 0.066666667 | BM31: Analyzing Object | BN31: =1-BN12 -> 0.87222222
A32: GPT4 | B32: Confused | C32: None | D32: =COUNTIFS(STUDY03_DATA!C:C,A32,STUDY03_DATA!D:D,B32,STUDY03_DATA!F:F,C32)/'META DATA'!$B$2 -> 0.033333333 | F32: 0 | G32: =ABS($D32-F32) -> 0.033333333 | I32: 0.05 | J32: =ABS($D32-I32) -> 0.016666667 | L32: 0 | M32: =ABS($D32-L32) -> 0.033333333 | O32: 0 | P32: =ABS($D32-O32) -> 0.033333333 | R32: 0 | S32: =ABS($D32-R32) -> 0.033333333 | U32: 0 | V32: =ABS($D32-U32) -> 0.033333333 | X32: 0.05 | Y32: =ABS($D32-X32) -> 0.016666667 | AA32: 0.1 | AB32: =ABS($D32-AA32) -> 0.066666667 | AF32: 0.2 | AG32: =ABS($D32-AF32) -> 0.16666667 | AI32: 0.15 | AJ32: =ABS($D32-AI32) -> 0.11666667 | AL32: 0.05 | AM32: =ABS($D32-AL32) -> 0.016666667 | AO32: 0.05 | AP32: =ABS($D32-AO32) -> 0.016666667 | AR32: 0.2 | AS32: =ABS($D32-AR32) -> 0.16666667 | AU32: 0.05 | AV32: =ABS($D32-AU32) -> 0.016666667 | AX32: 0.05 | AY32: =ABS($D32-AX32) -> 0.016666667 | BA32: 0 | BB32: =ABS($D32-BA32) -> 0.033333333 | BD32: 0.2 | BE32: =ABS($D32-BD32) -> 0.16666667 | BG32: 0.1 | BH32: =ABS($D32-BG32) -> 0.066666667 | BM32: Found Object | BN32: =1-BN13 -> 0.96666667
A33: Human | B33: Waiting for Input | C33: Waiting for Input | D33: =COUNTIFS(STUDY03_DATA!C:C,A33,STUDY03_DATA!D:D,B33,STUDY03_DATA!F:F,C33)/'META DATA'!$B$2 -> 0.65 | F33: {=HUM_WFI_01!S2:S7} -> 0.5 | G33: =ABS($D33-F33) -> 0.15 | I33: {=HUM_WFI_02!S2:S7} -> 0.55 | J33: =ABS($D33-I33) -> 0.1 | L33: {=HUM_WFI_03!S2:S7} -> 0.5 | M33: =ABS($D33-L33) -> 0.15 | O33: {=HUM_WFI_04!S2:S7} -> 0.6 | P33: =ABS($D33-O33) -> 0.05 | R33: {=HUM_WFI_05!S2:S7} -> 0.4 | S33: =ABS($D33-R33) -> 0.25 | U33: {=HUM_WFI_06!S2:S7} -> 0.5 | V33: =ABS($D33-U33) -> 0.15 | X33: {=HUM_WFI_07!S2:S7} -> 0.4 | Y33: =ABS($D33-X33) -> 0.25 | AA33: {=HUM_WFI_08!S2:S7} -> 0.75 | AB33: =ABS($D33-AA33) -> 0.1 | AF33: {=HUM_WFI_10!S2:S7} -> 0.45 | AG33: =ABS($D33-AF33) -> 0.2 | AI33: {=HUM_WFI_11!S2:S7} -> 0.45 | AJ33: =ABS($D33-AI33) -> 0.2 | AL33: {=HUM_WFI_12!S2:S7} -> 0.6 | AM33: =ABS($D33-AL33) -> 0.05 | AO33: {=HUM_WFI_13!S2:S7} -> 0.65 | AP33: =ABS($D33-AO33) -> 0 | AR33: {=HUM_WFI_14!S2:S7} -> 0.7 | AS33: =ABS($D33-AR33) -> 0.05 | AU33: {=HUM_WFI_15!S2:S7} -> 0.6 | AV33: =ABS($D33-AU33) -> 0.05 | AX33: {=HUM_WFI_16!S2:S7} -> 0.55 | AY33: =ABS($D33-AX33) -> 0.1 | BA33: {=HUM_WFI_17!S2:S7} -> 0.55 | BB33: =ABS($D33-BA33) -> 0.1 | BD33: {=HUM_WFI_18!S2:S7} -> 0.6 | BE33: =ABS($D33-BD33) -> 0.05 | BG33: {=HUM_WFI_19!S2:S7} -> 0.6 | BH33: =ABS($D33-BG33) -> 0.05 | BM33: Needs Help | BN33: =1-BN14 -> 0.78888889
A34: Human | B34: Waiting for Input | C34: Analyzing Object | D34: =COUNTIFS(STUDY03_DATA!C:C,A34,STUDY03_DATA!D:D,B34,STUDY03_DATA!F:F,C34)/'META DATA'!$B$2 -> 0.083333333 | F34: 0 | G34: =ABS($D34-F34) -> 0.083333333 | I34: 0.25 | J34: =ABS($D34-I34) -> 0.16666667 | L34: 0.15 | M34: =ABS($D34-L34) -> 0.066666667 | O34: 0.05 | P34: =ABS($D34-O34) -> 0.033333333 | R34: 0.4 | S34: =ABS($D34-R34) -> 0.31666667 | U34: 0.2 | V34: =ABS($D34-U34) -> 0.11666667 | X34: 0.15 | Y34: =ABS($D34-X34) -> 0.066666667 | AA34: 0.15 | AB34: =ABS($D34-AA34) -> 0.066666667 | AF34: 0.1 | AG34: =ABS($D34-AF34) -> 0.016666667 | AI34: 0.1 | AJ34: =ABS($D34-AI34) -> 0.016666667 | AL34: 0.2 | AM34: =ABS($D34-AL34) -> 0.11666667 | AO34: 0.1 | AP34: =ABS($D34-AO34) -> 0.016666667 | AR34: 0.15 | AS34: =ABS($D34-AR34) -> 0.066666667 | AU34: 0.3 | AV34: =ABS($D34-AU34) -> 0.21666667 | AX34: 0.25 | AY34: =ABS($D34-AX34) -> 0.16666667 | BA34: 0.2 | BB34: =ABS($D34-BA34) -> 0.11666667 | BD34: 0.15 | BE34: =ABS($D34-BD34) -> 0.066666667 | BG34: 0.15 | BH34: =ABS($D34-BG34) -> 0.066666667 | BM34: Confused | BN34: =1-BN15 -> 0.91111111
A35: Human | B35: Waiting for Input | C35: Found Object | D35: =COUNTIFS(STUDY03_DATA!C:C,A35,STUDY03_DATA!D:D,B35,STUDY03_DATA!F:F,C35)/'META DATA'!$B$2 -> 0.083333333 | F35: 0 | G35: =ABS($D35-F35) -> 0.083333333 | I35: 0 | J35: =ABS($D35-I35) -> 0.083333333 | L35: 0.1 | M35: =ABS($D35-L35) -> 0.016666667 | O35: 0 | P35: =ABS($D35-O35) -> 0.083333333 | R35: 0.15 | S35: =ABS($D35-R35) -> 0.066666667 | U35: 0 | V35: =ABS($D35-U35) -> 0.083333333 | X35: 0 | Y35: =ABS($D35-X35) -> 0.083333333 | AA35: 0.05 | AB35: =ABS($D35-AA35) -> 0.033333333 | AF35: 0.05 | AG35: =ABS($D35-AF35) -> 0.033333333 | AI35: 0 | AJ35: =ABS($D35-AI35) -> 0.083333333 | AL35: 0 | AM35: =ABS($D35-AL35) -> 0.083333333 | AO35: 0 | AP35: =ABS($D35-AO35) -> 0.083333333 | AR35: 0 | AS35: =ABS($D35-AR35) -> 0.083333333 | AU35: 0 | AV35: =ABS($D35-AU35) -> 0.083333333 | AX35: 0 | AY35: =ABS($D35-AX35) -> 0.083333333 | BA35: 0 | BB35: =ABS($D35-BA35) -> 0.083333333 | BD35: 0 | BE35: =ABS($D35-BD35) -> 0.083333333 | BG35: 0 | BH35: =ABS($D35-BG35) -> 0.083333333 | BL35: Random | BM35: Waiting for Input | BN35: =1-BN16 -> 0.9 | BO35: =AVERAGE(BN35:BN39) -> 0.86111111
A36: Human | B36: Waiting for Input | C36: Needs Help | D36: =COUNTIFS(STUDY03_DATA!C:C,A36,STUDY03_DATA!D:D,B36,STUDY03_DATA!F:F,C36)/'META DATA'!$B$2 -> 0.05 | F36: 0.25 | G36: =ABS($D36-F36) -> 0.2 | I36: 0.05 | J36: =ABS($D36-I36) -> 0 | L36: 0.15 | M36: =ABS($D36-L36) -> 0.1 | O36: 0.2 | P36: =ABS($D36-O36) -> 0.15 | R36: 0 | S36: =ABS($D36-R36) -> 0.05 | U36: 0.15 | V36: =ABS($D36-U36) -> 0.1 | X36: 0.25 | Y36: =ABS($D36-X36) -> 0.2 | AA36: 0.05 | AB36: =ABS($D36-AA36) -> 0 | AF36: 0.2 | AG36: =ABS($D36-AF36) -> 0.15 | AI36: 0.1 | AJ36: =ABS($D36-AI36) -> 0.05 | AL36: 0.15 | AM36: =ABS($D36-AL36) -> 0.1 | AO36: 0.05 | AP36: =ABS($D36-AO36) -> 0 | AR36: 0.05 | AS36: =ABS($D36-AR36) -> 0 | AU36: 0.05 | AV36: =ABS($D36-AU36) -> 0 | AX36: 0.05 | AY36: =ABS($D36-AX36) -> 0 | BA36: 0.15 | BB36: =ABS($D36-BA36) -> 0.1 | BD36: 0.1 | BE36: =ABS($D36-BD36) -> 0.05 | BG36: 0 | BH36: =ABS($D36-BG36) -> 0.05 | BM36: Analyzing Object | BN36: =1-BN17 -> 0.83888889
A37: Human | B37: Waiting for Input | C37: Confused | D37: =COUNTIFS(STUDY03_DATA!C:C,A37,STUDY03_DATA!D:D,B37,STUDY03_DATA!F:F,C37)/'META DATA'!$B$2 -> 0.066666667 | F37: 0.15 | G37: =ABS($D37-F37) -> 0.083333333 | I37: 0.05 | J37: =ABS($D37-I37) -> 0.016666667 | L37: 0.1 | M37: =ABS($D37-L37) -> 0.033333333 | O37: 0.15 | P37: =ABS($D37-O37) -> 0.083333333 | R37: 0 | S37: =ABS($D37-R37) -> 0.066666667 | U37: 0.05 | V37: =ABS($D37-U37) -> 0.016666667 | X37: 0.2 | Y37: =ABS($D37-X37) -> 0.13333333 | AA37: 0 | AB37: =ABS($D37-AA37) -> 0.066666667 | AF37: 0 | AG37: =ABS($D37-AF37) -> 0.066666667 | AI37: 0 | AJ37: =ABS($D37-AI37) -> 0.066666667 | AL37: 0 | AM37: =ABS($D37-AL37) -> 0.066666667 | AO37: 0 | AP37: =ABS($D37-AO37) -> 0.066666667 | AR37: 0 | AS37: =ABS($D37-AR37) -> 0.066666667 | AU37: 0 | AV37: =ABS($D37-AU37) -> 0.066666667 | AX37: 0 | AY37: =ABS($D37-AX37) -> 0.066666667 | BA37: 0 | BB37: =ABS($D37-BA37) -> 0.066666667 | BD37: 0 | BE37: =ABS($D37-BD37) -> 0.066666667 | BG37: 0 | BH37: =ABS($D37-BG37) -> 0.066666667 | BM37: Found Object | BN37: =1-BN18 -> 0.88888889
A38: Human | B38: Waiting for Input | C38: None | D38: =COUNTIFS(STUDY03_DATA!C:C,A38,STUDY03_DATA!D:D,B38,STUDY03_DATA!F:F,C38)/'META DATA'!$B$2 -> 0.066666667 | F38: 0.1 | G38: =ABS($D38-F38) -> 0.033333333 | I38: 0.1 | J38: =ABS($D38-I38) -> 0.033333333 | L38: 0 | M38: =ABS($D38-L38) -> 0.066666667 | O38: 0 | P38: =ABS($D38-O38) -> 0.066666667 | R38: 0.05 | S38: =ABS($D38-R38) -> 0.016666667 | U38: 0.05 | V38: =ABS($D38-U38) -> 0.016666667 | X38: 0 | Y38: =ABS($D38-X38) -> 0.066666667 | AA38: 0 | AB38: =ABS($D38-AA38) -> 0.066666667 | AF38: 0.2 | AG38: =ABS($D38-AF38) -> 0.13333333 | AI38: 0.3 | AJ38: =ABS($D38-AI38) -> 0.23333333 | AL38: 0.05 | AM38: =ABS($D38-AL38) -> 0.016666667 | AO38: 0.2 | AP38: =ABS($D38-AO38) -> 0.13333333 | AR38: 0.1 | AS38: =ABS($D38-AR38) -> 0.033333333 | AU38: 0.05 | AV38: =ABS($D38-AU38) -> 0.016666667 | AX38: 0.15 | AY38: =ABS($D38-AX38) -> 0.083333333 | BA38: 0.1 | BB38: =ABS($D38-BA38) -> 0.033333333 | BD38: 0.15 | BE38: =ABS($D38-BD38) -> 0.083333333 | BG38: 0.25 | BH38: =ABS($D38-BG38) -> 0.18333333 | BM38: Needs Help | BN38: =1-BN19 -> 0.83333333
A39: Human | B39: Analyzing Object | C39: Waiting for Input | D39: =COUNTIFS(STUDY03_DATA!C:C,A39,STUDY03_DATA!D:D,B39,STUDY03_DATA!F:F,C39)/'META DATA'!$B$2 -> 0 | F39: {=HUM_AO_01!S2:S7} -> 0.1 | G39: =ABS($D39-F39) -> 0.1 | I39: {=HUM_AO_02!S2:S7} -> 0.05 | J39: =ABS($D39-I39) -> 0.05 | L39: {=HUM_AO_03!S2:S7} -> 0.1 | M39: =ABS($D39-L39) -> 0.1 | O39: {=HUM_AO_04!S2:S7} -> 0 | P39: =ABS($D39-O39) -> 0 | R39: {=HUM_AO_05!S2:S7} -> 0.1 | S39: =ABS($D39-R39) -> 0.1 | U39: {=HUM_AO_06!S2:S7} -> 0.1 | V39: =ABS($D39-U39) -> 0.1 | X39: {=HUM_AO_07!S2:S7} -> 0 | Y39: =ABS($D39-X39) -> 0 | AA39: {=HUM_AO_08!S2:S7} -> 0 | AB39: =ABS($D39-AA39) -> 0 | AF39: {=HUM_AO_10!S2:S7} -> 0.1 | AG39: =ABS($D39-AF39) -> 0.1 | AI39: {=HUM_AO_11!S2:S7} -> 0 | AJ39: =ABS($D39-AI39) -> 0 | AL39: {=HUM_AO_12!S2:S7} -> 0.05 | AM39: =ABS($D39-AL39) -> 0.05 | AO39: {=HUM_AO_13!S2:S7} -> 0.05 | AP39: =ABS($D39-AO39) -> 0.05 | AR39: {=HUM_AO_14!S2:S7} -> 0.05 | AS39: =ABS($D39-AR39) -> 0.05 | AU39: {=HUM_AO_15!S2:S7} -> 0 | AV39: =ABS($D39-AU39) -> 0 | AX39: {=HUM_AO_16!S2:S7} -> 0.05 | AY39: =ABS($D39-AX39) -> 0.05 | BA39: {=HUM_AO_17!S2:S7} -> 0.1 | BB39: =ABS($D39-BA39) -> 0.1 | BD39: {=HUM_AO_18!S2:S7} -> 0 | BE39: =ABS($D39-BD39) -> 0 | BG39: {=HUM_AO_19!S2:S7} -> 0.05 | BH39: =ABS($D39-BG39) -> 0.05 | BM39: Confused | BN39: =1-BN20 -> 0.84444444
A40: Human | B40: Analyzing Object | C40: Analyzing Object | D40: =COUNTIFS(STUDY03_DATA!C:C,A40,STUDY03_DATA!D:D,B40,STUDY03_DATA!F:F,C40)/'META DATA'!$B$2 -> 0.55 | F40: 0.75 | G40: =ABS($D40-F40) -> 0.2 | I40: 0.45 | J40: =ABS($D40-I40) -> 0.1 | L40: 0.25 | M40: =ABS($D40-L40) -> 0.3 | O40: 0.85 | P40: =ABS($D40-O40) -> 0.3 | R40: 0.7 | S40: =ABS($D40-R40) -> 0.15 | U40: 0.6 | V40: =ABS($D40-U40) -> 0.05 | X40: 0.8 | Y40: =ABS($D40-X40) -> 0.25 | AA40: 0.65 | AB40: =ABS($D40-AA40) -> 0.1 | AF40: 0.6 | AG40: =ABS($D40-AF40) -> 0.05 | AI40: 0.75 | AJ40: =ABS($D40-AI40) -> 0.2 | AL40: 0.7 | AM40: =ABS($D40-AL40) -> 0.15 | AO40: 0.85 | AP40: =ABS($D40-AO40) -> 0.3 | AR40: 0.65 | AS40: =ABS($D40-AR40) -> 0.1 | AU40: 0.8 | AV40: =ABS($D40-AU40) -> 0.25 | AX40: 0.9 | AY40: =ABS($D40-AX40) -> 0.35 | BA40: 0.75 | BB40: =ABS($D40-BA40) -> 0.2 | BD40: 0.7 | BE40: =ABS($D40-BD40) -> 0.15 | BG40: 0.7 | BH40: =ABS($D40-BG40) -> 0.15
A41: Human | B41: Analyzing Object | C41: Found Object | D41: =COUNTIFS(STUDY03_DATA!C:C,A41,STUDY03_DATA!D:D,B41,STUDY03_DATA!F:F,C41)/'META DATA'!$B$2 -> 0.43333333 | F41: 0 | G41: =ABS($D41-F41) -> 0.43333333 | I41: 0.2 | J41: =ABS($D41-I41) -> 0.23333333 | L41: 0.1 | M41: =ABS($D41-L41) -> 0.33333333 | O41: 0 | P41: =ABS($D41-O41) -> 0.43333333 | R41: 0.15 | S41: =ABS($D41-R41) -> 0.28333333 | U41: 0.05 | V41: =ABS($D41-U41) -> 0.38333333 | X41: 0.1 | Y41: =ABS($D41-X41) -> 0.33333333 | AA41: 0.15 | AB41: =ABS($D41-AA41) -> 0.28333333 | AF41: 0.1 | AG41: =ABS($D41-AF41) -> 0.33333333 | AI41: 0.1 | AJ41: =ABS($D41-AI41) -> 0.33333333 | AL41: 0.15 | AM41: =ABS($D41-AL41) -> 0.28333333 | AO41: 0 | AP41: =ABS($D41-AO41) -> 0.43333333 | AR41: 0.05 | AS41: =ABS($D41-AR41) -> 0.38333333 | AU41: 0.1 | AV41: =ABS($D41-AU41) -> 0.33333333 | AX41: 0 | AY41: =ABS($D41-AX41) -> 0.43333333 | BA41: 0.05 | BB41: =ABS($D41-BA41) -> 0.38333333 | BD41: 0.2 | BE41: =ABS($D41-BD41) -> 0.23333333 | BG41: 0.1 | BH41: =ABS($D41-BG41) -> 0.33333333 | BL41: USER STUDY 03 Classification Accuracy Data
A42: Human | B42: Analyzing Object | C42: Needs Help | D42: =COUNTIFS(STUDY03_DATA!C:C,A42,STUDY03_DATA!D:D,B42,STUDY03_DATA!F:F,C42)/'META DATA'!$B$2 -> 0 | F42: 0 | G42: =ABS($D42-F42) -> 0 | I42: 0 | J42: =ABS($D42-I42) -> 0 | L42: 0.1 | M42: =ABS($D42-L42) -> 0.1 | O42: 0 | P42: =ABS($D42-O42) -> 0 | R42: 0 | S42: =ABS($D42-R42) -> 0 | U42: 0 | V42: =ABS($D42-U42) -> 0 | X42: 0.05 | Y42: =ABS($D42-X42) -> 0.05 | AA42: 0 | AB42: =ABS($D42-AA42) -> 0 | AF42: 0 | AG42: =ABS($D42-AF42) -> 0 | AI42: 0 | AJ42: =ABS($D42-AI42) -> 0 | AL42: 0 | AM42: =ABS($D42-AL42) -> 0 | AO42: 0 | AP42: =ABS($D42-AO42) -> 0 | AR42: 0 | AS42: =ABS($D42-AR42) -> 0 | AU42: 0 | AV42: =ABS($D42-AU42) -> 0 | AX42: 0 | AY42: =ABS($D42-AX42) -> 0 | BA42: 0 | BB42: =ABS($D42-BA42) -> 0 | BD42: 0 | BE42: =ABS($D42-BD42) -> 0 | BG42: 0 | BH42: =ABS($D42-BG42) -> 0 | BL42: Condition | BM42: State | BN42: Percentage | BO42: Average
A43: Human | B43: Analyzing Object | C43: Confused | D43: =COUNTIFS(STUDY03_DATA!C:C,A43,STUDY03_DATA!D:D,B43,STUDY03_DATA!F:F,C43)/'META DATA'!$B$2 -> 0.016666667 | F43: 0.1 | G43: =ABS($D43-F43) -> 0.083333333 | I43: 0.25 | J43: =ABS($D43-I43) -> 0.23333333 | L43: 0.4 | M43: =ABS($D43-L43) -> 0.38333333 | O43: 0.15 | P43: =ABS($D43-O43) -> 0.13333333 | R43: 0.05 | S43: =ABS($D43-R43) -> 0.033333333 | U43: 0.15 | V43: =ABS($D43-U43) -> 0.13333333 | X43: 0.05 | Y43: =ABS($D43-X43) -> 0.033333333 | AA43: 0.15 | AB43: =ABS($D43-AA43) -> 0.13333333 | AF43: 0.1 | AG43: =ABS($D43-AF43) -> 0.083333333 | AI43: 0.05 | AJ43: =ABS($D43-AI43) -> 0.033333333 | AL43: 0.1 | AM43: =ABS($D43-AL43) -> 0.083333333 | AO43: 0 | AP43: =ABS($D43-AO43) -> 0.016666667 | AR43: 0.05 | AS43: =ABS($D43-AR43) -> 0.033333333 | AU43: 0 | AV43: =ABS($D43-AU43) -> 0.016666667 | AX43: 0.05 | AY43: =ABS($D43-AX43) -> 0.033333333 | BA43: 0.05 | BB43: =ABS($D43-BA43) -> 0.033333333 | BD43: 0 | BE43: =ABS($D43-BD43) -> 0.016666667 | BG43: 0.05 | BH43: =ABS($D43-BG43) -> 0.033333333 | BL43: GPT4 | BM43: Waiting for Input | BN43: 0.73333333 | BO43: 0.46
A44: Human | B44: Analyzing Object | C44: None | D44: =COUNTIFS(STUDY03_DATA!C:C,A44,STUDY03_DATA!D:D,B44,STUDY03_DATA!F:F,C44)/'META DATA'!$B$2 -> 0 | F44: 0.05 | G44: =ABS($D44-F44) -> 0.05 | I44: 0.05 | J44: =ABS($D44-I44) -> 0.05 | L44: 0.05 | M44: =ABS($D44-L44) -> 0.05 | O44: 0 | P44: =ABS($D44-O44) -> 0 | R44: 0 | S44: =ABS($D44-R44) -> 0 | U44: 0.1 | V44: =ABS($D44-U44) -> 0.1 | X44: 0 | Y44: =ABS($D44-X44) -> 0 | AA44: 0.05 | AB44: =ABS($D44-AA44) -> 0.05 | AF44: 0.1 | AG44: =ABS($D44-AF44) -> 0.1 | AI44: 0.1 | AJ44: =ABS($D44-AI44) -> 0.1 | AL44: 0 | AM44: =ABS($D44-AL44) -> 0 | AO44: 0.1 | AP44: =ABS($D44-AO44) -> 0.1 | AR44: 0.2 | AS44: =ABS($D44-AR44) -> 0.2 | AU44: 0.1 | AV44: =ABS($D44-AU44) -> 0.1 | AX44: 0 | AY44: =ABS($D44-AX44) -> 0 | BA44: 0.05 | BB44: =ABS($D44-BA44) -> 0.05 | BD44: 0.1 | BE44: =ABS($D44-BD44) -> 0.1 | BG44: 0.1 | BH44: =ABS($D44-BG44) -> 0.1 | BM44: Analyzing Object | BN44: 0.33333333
A45: Human | B45: Found Object | C45: Waiting for Input | D45: =COUNTIFS(STUDY03_DATA!C:C,A45,STUDY03_DATA!D:D,B45,STUDY03_DATA!F:F,C45)/'META DATA'!$B$2 -> 0 | F45: {=HUM_FO_01!S2:S7} -> 0.2 | G45: =ABS($D45-F45) -> 0.2 | I45: {=HUM_FO_02!S2:S7} -> 0.25 | J45: =ABS($D45-I45) -> 0.25 | L45: {=HUM_FO_03!S2:S7} -> 0.25 | M45: =ABS($D45-L45) -> 0.25 | O45: {=HUM_FO_04!S2:S7} -> 0.05 | P45: =ABS($D45-O45) -> 0.05 | R45: {=HUM_FO_05!S2:S7} -> 0.05 | S45: =ABS($D45-R45) -> 0.05 | U45: {=HUM_FO_06!S2:S7} -> 0 | V45: =ABS($D45-U45) -> 0 | X45: {=HUM_FO_07!S2:S7} -> 0 | Y45: =ABS($D45-X45) -> 0 | AA45: {=HUM_FO_08!S2:S7} -> 0.05 | AB45: =ABS($D45-AA45) -> 0.05 | AF45: {=HUM_FO_10!S2:S7} -> 0.1 | AG45: =ABS($D45-AF45) -> 0.1 | AI45: {=HUM_FO_11!S2:S7} -> 0.05 | AJ45: =ABS($D45-AI45) -> 0.05 | AL45: {=HUM_FO_12!S2:S7} -> 0.1 | AM45: =ABS($D45-AL45) -> 0.1 | AO45: {=HUM_FO_13!S2:S7} -> 0.15 | AP45: =ABS($D45-AO45) -> 0.15 | AR45: {=HUM_FO_14!S2:S7} -> 0.15 | AS45: =ABS($D45-AR45) -> 0.15 | AU45: {=HUM_FO_15!S2:S7} -> 0 | AV45: =ABS($D45-AU45) -> 0 | AX45: {=HUM_FO_16!S2:S7} -> 0.05 | AY45: =ABS($D45-AX45) -> 0.05 | BA45: {=HUM_FO_17!S2:S7} -> 0 | BB45: =ABS($D45-BA45) -> 0 | BD45: {=HUM_FO_18!S2:S7} -> 0.1 | BE45: =ABS($D45-BD45) -> 0.1 | BG45: {=HUM_FO_19!S2:S7} -> 0 | BH45: =ABS($D45-BG45) -> 0 | BM45: Found Object | BN45: 0.4
A46: Human | B46: Found Object | C46: Analyzing Object | D46: =COUNTIFS(STUDY03_DATA!C:C,A46,STUDY03_DATA!D:D,B46,STUDY03_DATA!F:F,C46)/'META DATA'!$B$2 -> 0.5 | F46: 0.4 | G46: =ABS($D46-F46) -> 0.1 | I46: 0.45 | J46: =ABS($D46-I46) -> 0.05 | L46: 0.55 | M46: =ABS($D46-L46) -> 0.05 | O46: 0.7 | P46: =ABS($D46-O46) -> 0.2 | R46: 0.75 | S46: =ABS($D46-R46) -> 0.25 | U46: 0.55 | V46: =ABS($D46-U46) -> 0.05 | X46: 0.7 | Y46: =ABS($D46-X46) -> 0.2 | AA46: 0.6 | AB46: =ABS($D46-AA46) -> 0.1 | AF46: 0.55 | AG46: =ABS($D46-AF46) -> 0.05 | AI46: 0.65 | AJ46: =ABS($D46-AI46) -> 0.15 | AL46: 0.75 | AM46: =ABS($D46-AL46) -> 0.25 | AO46: 0.6 | AP46: =ABS($D46-AO46) -> 0.1 | AR46: 0.6 | AS46: =ABS($D46-AR46) -> 0.1 | AU46: 0.6 | AV46: =ABS($D46-AU46) -> 0.1 | AX46: 0.8 | AY46: =ABS($D46-AX46) -> 0.3 | BA46: 0.7 | BB46: =ABS($D46-BA46) -> 0.2 | BD46: 0.6 | BE46: =ABS($D46-BD46) -> 0.1 | BG46: 0.55 | BH46: =ABS($D46-BG46) -> 0.05 | BM46: Needs Help | BN46: 0.51666667
A47: Human | B47: Found Object | C47: Found Object | D47: =COUNTIFS(STUDY03_DATA!C:C,A47,STUDY03_DATA!D:D,B47,STUDY03_DATA!F:F,C47)/'META DATA'!$B$2 -> 0.48333333 | F47: 0.3 | G47: =ABS($D47-F47) -> 0.18333333 | I47: 0.15 | J47: =ABS($D47-I47) -> 0.33333333 | L47: 0.1 | M47: =ABS($D47-L47) -> 0.38333333 | O47: 0.15 | P47: =ABS($D47-O47) -> 0.33333333 | R47: 0.15 | S47: =ABS($D47-R47) -> 0.33333333 | U47: 0.4 | V47: =ABS($D47-U47) -> 0.083333333 | X47: 0.2 | Y47: =ABS($D47-X47) -> 0.28333333 | AA47: 0.25 | AB47: =ABS($D47-AA47) -> 0.23333333 | AF47: 0.15 | AG47: =ABS($D47-AF47) -> 0.33333333 | AI47: 0.2 | AJ47: =ABS($D47-AI47) -> 0.28333333 | AL47: 0.15 | AM47: =ABS($D47-AL47) -> 0.33333333 | AO47: 0.1 | AP47: =ABS($D47-AO47) -> 0.38333333 | AR47: 0.05 | AS47: =ABS($D47-AR47) -> 0.43333333 | AU47: 0.25 | AV47: =ABS($D47-AU47) -> 0.23333333 | AX47: 0.15 | AY47: =ABS($D47-AX47) -> 0.33333333 | BA47: 0.25 | BB47: =ABS($D47-BA47) -> 0.23333333 | BD47: 0.15 | BE47: =ABS($D47-BD47) -> 0.33333333 | BG47: 0.2 | BH47: =ABS($D47-BG47) -> 0.28333333 | BM47: Confused | BN47: 0.31666667
A48: Human | B48: Found Object | C48: Needs Help | D48: =COUNTIFS(STUDY03_DATA!C:C,A48,STUDY03_DATA!D:D,B48,STUDY03_DATA!F:F,C48)/'META DATA'!$B$2 -> 0.016666667 | F48: 0.05 | G48: =ABS($D48-F48) -> 0.033333333 | I48: 0.05 | J48: =ABS($D48-I48) -> 0.033333333 | L48: 0 | M48: =ABS($D48-L48) -> 0.016666667 | O48: 0 | P48: =ABS($D48-O48) -> 0.016666667 | R48: 0 | S48: =ABS($D48-R48) -> 0.016666667 | U48: 0 | V48: =ABS($D48-U48) -> 0.016666667 | X48: 0.05 | Y48: =ABS($D48-X48) -> 0.033333333 | AA48: 0.05 | AB48: =ABS($D48-AA48) -> 0.033333333 | AF48: 0 | AG48: =ABS($D48-AF48) -> 0.016666667 | AI48: 0 | AJ48: =ABS($D48-AI48) -> 0.016666667 | AL48: 0 | AM48: =ABS($D48-AL48) -> 0.016666667 | AO48: 0 | AP48: =ABS($D48-AO48) -> 0.016666667 | AR48: 0 | AS48: =ABS($D48-AR48) -> 0.016666667 | AU48: 0 | AV48: =ABS($D48-AU48) -> 0.016666667 | AX48: 0 | AY48: =ABS($D48-AX48) -> 0.016666667 | BA48: 0 | BB48: =ABS($D48-BA48) -> 0.016666667 | BD48: 0 | BE48: =ABS($D48-BD48) -> 0.016666667 | BG48: 0 | BH48: =ABS($D48-BG48) -> 0.016666667 | BL48: Human | BM48: Waiting for Input | BN48: 0.65 | BO48: 0.42666667
A49: Human | B49: Found Object | C49: Confused | D49: =COUNTIFS(STUDY03_DATA!C:C,A49,STUDY03_DATA!D:D,B49,STUDY03_DATA!F:F,C49)/'META DATA'!$B$2 -> 0 | F49: 0.05 | G49: =ABS($D49-F49) -> 0.05 | I49: 0.1 | J49: =ABS($D49-I49) -> 0.1 | L49: 0.05 | M49: =ABS($D49-L49) -> 0.05 | O49: 0.1 | P49: =ABS($D49-O49) -> 0.1 | R49: 0 | S49: =ABS($D49-R49) -> 0 | U49: 0.05 | V49: =ABS($D49-U49) -> 0.05 | X49: 0.05 | Y49: =ABS($D49-X49) -> 0.05 | AA49: 0.05 | AB49: =ABS($D49-AA49) -> 0.05 | AF49: 0 | AG49: =ABS($D49-AF49) -> 0 | AI49: 0 | AJ49: =ABS($D49-AI49) -> 0 | AL49: 0 | AM49: =ABS($D49-AL49) -> 0 | AO49: 0.05 | AP49: =ABS($D49-AO49) -> 0.05 | AR49: 0 | AS49: =ABS($D49-AR49) -> 0 | AU49: 0.05 | AV49: =ABS($D49-AU49) -> 0.05 | AX49: 0 | AY49: =ABS($D49-AX49) -> 0 | BA49: 0 | BB49: =ABS($D49-BA49) -> 0 | BD49: 0.05 | BE49: =ABS($D49-BD49) -> 0.05 | BG49: 0.05 | BH49: =ABS($D49-BG49) -> 0.05 | BM49: Analyzing Object | BN49: 0.55
A50: Human | B50: Found Object | C50: None | D50: =COUNTIFS(STUDY03_DATA!C:C,A50,STUDY03_DATA!D:D,B50,STUDY03_DATA!F:F,C50)/'META DATA'!$B$2 -> 0 | F50: 0 | G50: =ABS($D50-F50) -> 0 | I50: 0 | J50: =ABS($D50-I50) -> 0 | L50: 0.05 | M50: =ABS($D50-L50) -> 0.05 | O50: 0 | P50: =ABS($D50-O50) -> 0 | R50: 0.05 | S50: =ABS($D50-R50) -> 0.05 | U50: 0 | V50: =ABS($D50-U50) -> 0 | X50: 0 | Y50: =ABS($D50-X50) -> 0 | AA50: 0 | AB50: =ABS($D50-AA50) -> 0 | AF50: 0.2 | AG50: =ABS($D50-AF50) -> 0.2 | AI50: 0.1 | AJ50: =ABS($D50-AI50) -> 0.1 | AL50: 0 | AM50: =ABS($D50-AL50) -> 0 | AO50: 0.1 | AP50: =ABS($D50-AO50) -> 0.1 | AR50: 0.15 | AS50: =ABS($D50-AR50) -> 0.15 | AU50: 0.1 | AV50: =ABS($D50-AU50) -> 0.1 | AX50: 0 | AY50: =ABS($D50-AX50) -> 0 | BA50: 0.05 | BB50: =ABS($D50-BA50) -> 0.05 | BD50: 0.1 | BE50: =ABS($D50-BD50) -> 0.1 | BG50: 0.15 | BH50: =ABS($D50-BG50) -> 0.15 | BM50: Found Object | BN50: 0.48333333
A51: Human | B51: Needs Help | C51: Waiting for Input | D51: =COUNTIFS(STUDY03_DATA!C:C,A51,STUDY03_DATA!D:D,B51,STUDY03_DATA!F:F,C51)/'META DATA'!$B$2 -> 0.56666667 | F51: {=HUM_NH_01!S2:S7} -> 0 | G51: =ABS($D51-F51) -> 0.56666667 | I51: {=HUM_NH_02!S2:S7} -> 0 | J51: =ABS($D51-I51) -> 0.56666667 | L51: {=HUM_NH_03!S2:S7} -> 0.15 | M51: =ABS($D51-L51) -> 0.41666667 | O51: {=HUM_NH_04!S2:S7} -> 0 | P51: =ABS($D51-O51) -> 0.56666667 | R51: {=HUM_NH_05!S2:S7} -> 0.4 | S51: =ABS($D51-R51) -> 0.16666667 | U51: {=HUM_NH_06!S2:S7} -> 0 | V51: =ABS($D51-U51) -> 0.56666667 | X51: {=HUM_NH_07!S2:S7} -> 0 | Y51: =ABS($D51-X51) -> 0.56666667 | AA51: {=HUM_NH_08!S2:S7} -> 0.15 | AB51: =ABS($D51-AA51) -> 0.41666667 | AF51: {=HUM_NH_10!S2:S7} -> 0.05 | AG51: =ABS($D51-AF51) -> 0.51666667 | AI51: {=HUM_NH_11!S2:S7} -> 0 | AJ51: =ABS($D51-AI51) -> 0.56666667 | AL51: {=HUM_NH_12!S2:S7} -> 0.25 | AM51: =ABS($D51-AL51) -> 0.31666667 | AO51: {=HUM_NH_13!S2:S7} -> 0.2 | AP51: =ABS($D51-AO51) -> 0.36666667 | AR51: {=HUM_NH_14!S2:S7} -> 0 | AS51: =ABS($D51-AR51) -> 0.56666667 | AU51: {=HUM_NH_15!S2:S7} -> 0.2 | AV51: =ABS($D51-AU51) -> 0.36666667 | AX51: {=HUM_NH_16!S2:S7} -> 0.1 | AY51: =ABS($D51-AX51) -> 0.46666667 | BA51: {=HUM_NH_17!S2:S7} -> 0.15 | BB51: =ABS($D51-BA51) -> 0.41666667 | BD51: {=HUM_NH_18!S2:S7} -> 0.05 | BE51: =ABS($D51-BD51) -> 0.51666667 | BG51: {=HUM_NH_19!S2:S7} -> 0.1 | BH51: =ABS($D51-BG51) -> 0.46666667 | BM51: Needs Help | BN51: 0.18333333
A52: Human | B52: Needs Help | C52: Analyzing Object | D52: =COUNTIFS(STUDY03_DATA!C:C,A52,STUDY03_DATA!D:D,B52,STUDY03_DATA!F:F,C52)/'META DATA'!$B$2 -> 0.033333333 | F52: 0 | G52: =ABS($D52-F52) -> 0.033333333 | I52: 0 | J52: =ABS($D52-I52) -> 0.033333333 | L52: 0 | M52: =ABS($D52-L52) -> 0.033333333 | O52: 0 | P52: =ABS($D52-O52) -> 0.033333333 | R52: 0.3 | S52: =ABS($D52-R52) -> 0.26666667 | U52: 0.05 | V52: =ABS($D52-U52) -> 0.016666667 | X52: 0 | Y52: =ABS($D52-X52) -> 0.033333333 | AA52: 0.05 | AB52: =ABS($D52-AA52) -> 0.016666667 | AF52: 0 | AG52: =ABS($D52-AF52) -> 0.033333333 | AI52: 0.05 | AJ52: =ABS($D52-AI52) -> 0.016666667 | AL52: 0 | AM52: =ABS($D52-AL52) -> 0.033333333 | AO52: 0.1 | AP52: =ABS($D52-AO52) -> 0.066666667 | AR52: 0 | AS52: =ABS($D52-AR52) -> 0.033333333 | AU52: 0 | AV52: =ABS($D52-AU52) -> 0.033333333 | AX52: 0 | AY52: =ABS($D52-AX52) -> 0.033333333 | BA52: 0 | BB52: =ABS($D52-BA52) -> 0.033333333 | BD52: 0 | BE52: =ABS($D52-BD52) -> 0.033333333 | BG52: 0 | BH52: =ABS($D52-BG52) -> 0.033333333 | BM52: Confused | BN52: 0.26666667
A53: Human | B53: Needs Help | C53: Found Object | D53: =COUNTIFS(STUDY03_DATA!C:C,A53,STUDY03_DATA!D:D,B53,STUDY03_DATA!F:F,C53)/'META DATA'!$B$2 -> 0.05 | F53: 0 | G53: =ABS($D53-F53) -> 0.05 | I53: 0 | J53: =ABS($D53-I53) -> 0.05 | L53: 0 | M53: =ABS($D53-L53) -> 0.05 | O53: 0 | P53: =ABS($D53-O53) -> 0.05 | R53: 0.05 | S53: =ABS($D53-R53) -> 0 | U53: 0 | V53: =ABS($D53-U53) -> 0.05 | X53: 0 | Y53: =ABS($D53-X53) -> 0.05 | AA53: 0 | AB53: =ABS($D53-AA53) -> 0.05 | AF53: 0.05 | AG53: =ABS($D53-AF53) -> 0 | AI53: 0 | AJ53: =ABS($D53-AI53) -> 0.05 | AL53: 0 | AM53: =ABS($D53-AL53) -> 0.05 | AO53: 0 | AP53: =ABS($D53-AO53) -> 0.05 | AR53: 0 | AS53: =ABS($D53-AR53) -> 0.05 | AU53: 0 | AV53: =ABS($D53-AU53) -> 0.05 | AX53: 0 | AY53: =ABS($D53-AX53) -> 0.05 | BA53: 0 | BB53: =ABS($D53-BA53) -> 0.05 | BD53: 0.1 | BE53: =ABS($D53-BD53) -> 0.05 | BG53: 0 | BH53: =ABS($D53-BG53) -> 0.05 | BL53: Random | BM53: Waiting for Input | BN53: 0.016666667 | BO53: 0.09
A54: Human | B54: Needs Help | C54: Needs Help | D54: =COUNTIFS(STUDY03_DATA!C:C,A54,STUDY03_DATA!D:D,B54,STUDY03_DATA!F:F,C54)/'META DATA'!$B$2 -> 0.18333333 | F54: 0.3 | G54: =ABS($D54-F54) -> 0.11666667 | I54: 0.4 | J54: =ABS($D54-I54) -> 0.21666667 | L54: 0.1 | M54: =ABS($D54-L54) -> 0.083333333 | O54: 0.4 | P54: =ABS($D54-O54) -> 0.21666667 | R54: 0 | S54: =ABS($D54-R54) -> 0.18333333 | U54: 0.55 | V54: =ABS($D54-U54) -> 0.36666667 | X54: 0.3 | Y54: =ABS($D54-X54) -> 0.11666667 | AA54: 0.3 | AB54: =ABS($D54-AA54) -> 0.11666667 | AF54: 0.6 | AG54: =ABS($D54-AF54) -> 0.41666667 | AI54: 0.45 | AJ54: =ABS($D54-AI54) -> 0.26666667 | AL54: 0.35 | AM54: =ABS($D54-AL54) -> 0.16666667 | AO54: 0.5 | AP54: =ABS($D54-AO54) -> 0.31666667 | AR54: 0.6 | AS54: =ABS($D54-AR54) -> 0.41666667 | AU54: 0.45 | AV54: =ABS($D54-AU54) -> 0.26666667 | AX54: 0.5 | AY54: =ABS($D54-AX54) -> 0.31666667 | BA54: 0.55 | BB54: =ABS($D54-BA54) -> 0.36666667 | BD54: 0.65 | BE54: =ABS($D54-BD54) -> 0.46666667 | BG54: 0.65 | BH54: =ABS($D54-BG54) -> 0.46666667 | BM54: Analyzing Object | BN54: 0.016666667
A55: Human | B55: Needs Help | C55: Confused | D55: =COUNTIFS(STUDY03_DATA!C:C,A55,STUDY03_DATA!D:D,B55,STUDY03_DATA!F:F,C55)/'META DATA'!$B$2 -> 0.15 | F55: 0.7 | G55: =ABS($D55-F55) -> 0.55 | I55: 0.6 | J55: =ABS($D55-I55) -> 0.45 | L55: 0.7 | M55: =ABS($D55-L55) -> 0.55 | O55: 0.6 | P55: =ABS($D55-O55) -> 0.45 | R55: 0.25 | S55: =ABS($D55-R55) -> 0.1 | U55: 0.4 | V55: =ABS($D55-U55) -> 0.25 | X55: 0.7 | Y55: =ABS($D55-X55) -> 0.55 | AA55: 0.5 | AB55: =ABS($D55-AA55) -> 0.35 | AF55: 0.25 | AG55: =ABS($D55-AF55) -> 0.1 | AI55: 0.2 | AJ55: =ABS($D55-AI55) -> 0.05 | AL55: 0.3 | AM55: =ABS($D55-AL55) -> 0.15 | AO55: 0.2 | AP55: =ABS($D55-AO55) -> 0.05 | AR55: 0.2 | AS55: =ABS($D55-AR55) -> 0.05 | AU55: 0.25 | AV55: =ABS($D55-AU55) -> 0.1 | AX55: 0.3 | AY55: =ABS($D55-AX55) -> 0.15 | BA55: 0.1 | BB55: =ABS($D55-BA55) -> 0.05 | BD55: 0.15 | BE55: =ABS($D55-BD55) -> 0 | BG55: 0.2 | BH55: =ABS($D55-BG55) -> 0.05 | BM55: Found Object | BN55: 0.16666667
A56: Human | B56: Needs Help | C56: None | D56: =COUNTIFS(STUDY03_DATA!C:C,A56,STUDY03_DATA!D:D,B56,STUDY03_DATA!F:F,C56)/'META DATA'!$B$2 -> 0.016666667 | F56: 0 | G56: =ABS($D56-F56) -> 0.016666667 | I56: 0 | J56: =ABS($D56-I56) -> 0.016666667 | L56: 0.05 | M56: =ABS($D56-L56) -> 0.033333333 | O56: 0 | P56: =ABS($D56-O56) -> 0.016666667 | R56: 0 | S56: =ABS($D56-R56) -> 0.016666667 | U56: 0 | V56: =ABS($D56-U56) -> 0.016666667 | X56: 0 | Y56: =ABS($D56-X56) -> 0.016666667 | AA56: 0 | AB56: =ABS($D56-AA56) -> 0.016666667 | AF56: 0.05 | AG56: =ABS($D56-AF56) -> 0.033333333 | AI56: 0.2 | AJ56: =ABS($D56-AI56) -> 0.18333333 | AL56: 0.1 | AM56: =ABS($D56-AL56) -> 0.083333333 | AO56: 0 | AP56: =ABS($D56-AO56) -> 0.016666667 | AR56: 0.1 | AS56: =ABS($D56-AR56) -> 0.083333333 | AU56: 0.1 | AV56: =ABS($D56-AU56) -> 0.083333333 | AX56: 0.05 | AY56: =ABS($D56-AX56) -> 0.033333333 | BA56: 0.05 | BB56: =ABS($D56-BA56) -> 0.033333333 | BD56: 0.05 | BE56: =ABS($D56-BD56) -> 0.033333333 | BG56: 0 | BH56: =ABS($D56-BG56) -> 0.016666667 | BM56: Needs Help | BN56: 0.066666667
A57: Human | B57: Confused | C57: Waiting for Input | D57: =COUNTIFS(STUDY03_DATA!C:C,A57,STUDY03_DATA!D:D,B57,STUDY03_DATA!F:F,C57)/'META DATA'!$B$2 -> 0.6 | F57: {=HUM_C_01!S2:S7} -> 0.3 | G57: =ABS($D57-F57) -> 0.3 | I57: {=HUM_C_02!S2:S7} -> 0.55 | J57: =ABS($D57-I57) -> 0.05 | L57: {=HUM_C_03!S2:S7} -> 0.15 | M57: =ABS($D57-L57) -> 0.45 | O57: {=HUM_C_04!S2:S7} -> 0.25 | P57: =ABS($D57-O57) -> 0.35 | R57: {=HUM_C_05!S2:S7} -> 0.55 | S57: =ABS($D57-R57) -> 0.05 | U57: {=HUM_C_06!S2:S7} -> 0.4 | V57: =ABS($D57-U57) -> 0.2 | X57: {=HUM_C_07!S2:S7} -> 0.1 | Y57: =ABS($D57-X57) -> 0.5 | AA57: {=HUM_C_08!S2:S7} -> 0.15 | AB57: =ABS($D57-AA57) -> 0.45 | AF57: {=HUM_C_10!S2:S7} -> 0.15 | AG57: =ABS($D57-AF57) -> 0.45 | AI57: {=HUM_C_11!S2:S7} -> 0.25 | AJ57: =ABS($D57-AI57) -> 0.35 | AL57: {=HUM_C_12!S2:S7} -> 0.25 | AM57: =ABS($D57-AL57) -> 0.35 | AO57: {=HUM_C_13!S2:S7} -> 0.35 | AP57: =ABS($D57-AO57) -> 0.25 | AR57: {=HUM_C_14!S2:S7} -> 0.3 | AS57: =ABS($D57-AR57) -> 0.3 | AU57: {=HUM_C_15!S2:S7} -> 0.3 | AV57: =ABS($D57-AU57) -> 0.3 | AX57: {=HUM_C_16!S2:S7} -> 0.2 | AY57: =ABS($D57-AX57) -> 0.4 | BA57: {=HUM_C_17!S2:S7} -> 0.35 | BB57: =ABS($D57-BA57) -> 0.25 | BD57: {=HUM_C_18!S2:S7} -> 0.3 | BE57: =ABS($D57-BD57) -> 0.3 | BG57: {=HUM_C_19!S2:S7} -> 0.25 | BH57: =ABS($D57-BG57) -> 0.35 | BM57: Confused | BN57: 0.18333333
A58: Human | B58: Confused | C58: Analyzing Object | D58: =COUNTIFS(STUDY03_DATA!C:C,A58,STUDY03_DATA!D:D,B58,STUDY03_DATA!F:F,C58)/'META DATA'!$B$2 -> 0.016666667 | F58: 0.15 | G58: =ABS($D58-F58) -> 0.13333333 | I58: 0 | J58: =ABS($D58-I58) -> 0.016666667 | L58: 0 | M58: =ABS($D58-L58) -> 0.016666667 | O58: 0.05 | P58: =ABS($D58-O58) -> 0.033333333 | R58: 0.3 | S58: =ABS($D58-R58) -> 0.28333333 | U58: 0 | V58: =ABS($D58-U58) -> 0.016666667 | X58: 0.1 | Y58: =ABS($D58-X58) -> 0.083333333 | AA58: 0.15 | AB58: =ABS($D58-AA58) -> 0.13333333 | AF58: 0.1 | AG58: =ABS($D58-AF58) -> 0.083333333 | AI58: 0.2 | AJ58: =ABS($D58-AI58) -> 0.18333333 | AL58: 0.2 | AM58: =ABS($D58-AL58) -> 0.18333333 | AO58: 0.15 | AP58: =ABS($D58-AO58) -> 0.13333333 | AR58: 0.15 | AS58: =ABS($D58-AR58) -> 0.13333333 | AU58: 0.45 | AV58: =ABS($D58-AU58) -> 0.43333333 | AX58: 0.1 | AY58: =ABS($D58-AX58) -> 0.083333333 | BA58: 0.15 | BB58: =ABS($D58-BA58) -> 0.13333333 | BD58: 0.05 | BE58: =ABS($D58-BD58) -> 0.033333333 | BG58: 0.1 | BH58: =ABS($D58-BG58) -> 0.083333333
A59: Human | B59: Confused | C59: Found Object | D59: =COUNTIFS(STUDY03_DATA!C:C,A59,STUDY03_DATA!D:D,B59,STUDY03_DATA!F:F,C59)/'META DATA'!$B$2 -> 0.033333333 | F59: 0 | G59: =ABS($D59-F59) -> 0.033333333 | I59: 0 | J59: =ABS($D59-I59) -> 0.033333333 | L59: 0.05 | M59: =ABS($D59-L59) -> 0.016666667 | O59: 0 | P59: =ABS($D59-O59) -> 0.033333333 | R59: 0 | S59: =ABS($D59-R59) -> 0.033333333 | U59: 0 | V59: =ABS($D59-U59) -> 0.033333333 | X59: 0 | Y59: =ABS($D59-X59) -> 0.033333333 | AA59: 0.05 | AB59: =ABS($D59-AA59) -> 0.016666667 | AF59: 0 | AG59: =ABS($D59-AF59) -> 0.033333333 | AI59: 0 | AJ59: =ABS($D59-AI59) -> 0.033333333 | AL59: 0.05 | AM59: =ABS($D59-AL59) -> 0.016666667 | AO59: 0 | AP59: =ABS($D59-AO59) -> 0.033333333 | AR59: 0 | AS59: =ABS($D59-AR59) -> 0.033333333 | AU59: 0 | AV59: =ABS($D59-AU59) -> 0.033333333 | AX59: 0 | AY59: =ABS($D59-AX59) -> 0.033333333 | BA59: 0 | BB59: =ABS($D59-BA59) -> 0.033333333 | BD59: 0 | BE59: =ABS($D59-BD59) -> 0.033333333 | BG59: 0 | BH59: =ABS($D59-BG59) -> 0.033333333
A60: Human | B60: Confused | C60: Needs Help | D60: =COUNTIFS(STUDY03_DATA!C:C,A60,STUDY03_DATA!D:D,B60,STUDY03_DATA!F:F,C60)/'META DATA'!$B$2 -> 0.066666667 | F60: 0.2 | G60: =ABS($D60-F60) -> 0.13333333 | I60: 0.1 | J60: =ABS($D60-I60) -> 0.033333333 | L60: 0.2 | M60: =ABS($D60-L60) -> 0.13333333 | O60: 0.3 | P60: =ABS($D60-O60) -> 0.23333333 | R60: 0 | S60: =ABS($D60-R60) -> 0.066666667 | U60: 0.25 | V60: =ABS($D60-U60) -> 0.18333333 | X60: 0.4 | Y60: =ABS($D60-X60) -> 0.33333333 | AA60: 0.35 | AB60: =ABS($D60-AA60) -> 0.28333333 | AF60: 0 | AG60: =ABS($D60-AF60) -> 0.066666667 | AI60: 0.1 | AJ60: =ABS($D60-AI60) -> 0.033333333 | AL60: 0.05 | AM60: =ABS($D60-AL60) -> 0.016666667 | AO60: 0.05 | AP60: =ABS($D60-AO60) -> 0.016666667 | AR60: 0.15 | AS60: =ABS($D60-AR60) -> 0.083333333 | AU60: 0.05 | AV60: =ABS($D60-AU60) -> 0.016666667 | AX60: 0.05 | AY60: =ABS($D60-AX60) -> 0.016666667 | BA60: 0.1 | BB60: =ABS($D60-BA60) -> 0.033333333 | BD60: 0.15 | BE60: =ABS($D60-BD60) -> 0.083333333 | BG60: 0.15 | BH60: =ABS($D60-BG60) -> 0.083333333
A61: Human | B61: Confused | C61: Confused | D61: =COUNTIFS(STUDY03_DATA!C:C,A61,STUDY03_DATA!D:D,B61,STUDY03_DATA!F:F,C61)/'META DATA'!$B$2 -> 0.26666667 | F61: 0.35 | G61: =ABS($D61-F61) -> 0.083333333 | I61: 0.35 | J61: =ABS($D61-I61) -> 0.083333333 | L61: 0.55 | M61: =ABS($D61-L61) -> 0.28333333 | O61: 0.4 | P61: =ABS($D61-O61) -> 0.13333333 | R61: 0.15 | S61: =ABS($D61-R61) -> 0.11666667 | U61: 0.35 | V61: =ABS($D61-U61) -> 0.083333333 | X61: 0.4 | Y61: =ABS($D61-X61) -> 0.13333333 | AA61: 0.25 | AB61: =ABS($D61-AA61) -> 0.016666667 | AF61: 0.65 | AG61: =ABS($D61-AF61) -> 0.38333333 | AI61: 0.25 | AJ61: =ABS($D61-AI61) -> 0.016666667 | AL61: 0.45 | AM61: =ABS($D61-AL61) -> 0.18333333 | AO61: 0.35 | AP61: =ABS($D61-AO61) -> 0.083333333 | AR61: 0.2 | AS61: =ABS($D61-AR61) -> 0.066666667 | AU61: 0.15 | AV61: =ABS($D61-AU61) -> 0.11666667 | AX61: 0.6 | AY61: =ABS($D61-AX61) -> 0.33333333 | BA61: 0.3 | BB61: =ABS($D61-BA61) -> 0.033333333 | BD61: 0.45 | BE61: =ABS($D61-BD61) -> 0.18333333 | BG61: 0.35 | BH61: =ABS($D61-BG61) -> 0.083333333
A62: Human | B62: Confused | C62: None | D62: =COUNTIFS(STUDY03_DATA!C:C,A62,STUDY03_DATA!D:D,B62,STUDY03_DATA!F:F,C62)/'META DATA'!$B$2 -> 0.016666667 | F62: 0 | G62: =ABS($D62-F62) -> 0.016666667 | I62: 0 | J62: =ABS($D62-I62) -> 0.016666667 | L62: 0.05 | M62: =ABS($D62-L62) -> 0.033333333 | O62: 0 | P62: =ABS($D62-O62) -> 0.016666667 | R62: 0 | S62: =ABS($D62-R62) -> 0.016666667 | U62: 0 | V62: =ABS($D62-U62) -> 0.016666667 | X62: 0 | Y62: =ABS($D62-X62) -> 0.016666667 | AA62: 0.05 | AB62: =ABS($D62-AA62) -> 0.033333333 | AF62: 0.1 | AG62: =ABS($D62-AF62) -> 0.083333333 | AI62: 0.15 | AJ62: =ABS($D62-AI62) -> 0.13333333 | AL62: 0 | AM62: =ABS($D62-AL62) -> 0.016666667 | AO62: 0.1 | AP62: =ABS($D62-AO62) -> 0.083333333 | AR62: 0.15 | AS62: =ABS($D62-AR62) -> 0.13333333 | AU62: 0.05 | AV62: =ABS($D62-AU62) -> 0.033333333 | AX62: 0.05 | AY62: =ABS($D62-AX62) -> 0.033333333 | BA62: 0.05 | BB62: =ABS($D62-BA62) -> 0.033333333 | BD62: 0.05 | BE62: =ABS($D62-BD62) -> 0.033333333 | BG62: 0.05 | BH62: =ABS($D62-BG62) -> 0.033333333
A63: Random | B63: Waiting for Input | C63: Waiting for Input | D63: =COUNTIFS(STUDY03_DATA!C:C,A63,STUDY03_DATA!D:D,B63,STUDY03_DATA!F:F,C63)/'META DATA'!$B$2 -> 0.016666667 | F63: {=RAN_WFI_01!S2:S7} -> 0 | G63: =ABS($D63-F63) -> 0.016666667 | I63: {=RAN_WFI_02!S2:S7} -> 0 | J63: =ABS($D63-I63) -> 0.016666667 | L63: {=RAN_WFI_03!S2:S7} -> 0.05 | M63: =ABS($D63-L63) -> 0.033333333 | O63: {=RAN_WFI_04!S2:S7} -> 0.05 | P63: =ABS($D63-O63) -> 0.033333333 | R63: {=RAN_WFI_05!S2:S7} -> 0 | S63: =ABS($D63-R63) -> 0.016666667 | U63: {=RAN_WFI_06!S2:S7} -> 0.05 | V63: =ABS($D63-U63) -> 0.033333333 | X63: {=RAN_WFI_07!S2:S7} -> 0 | Y63: =ABS($D63-X63) -> 0.016666667 | AA63: {=RAN_WFI_08!S2:S7} -> 0 | AB63: =ABS($D63-AA63) -> 0.016666667 | AF63: {=RAN_WFI_10!S2:S7} -> 0 | AG63: =ABS($D63-AF63) -> 0.016666667 | AI63: {=RAN_WFI_11!S2:S7} -> 0 | AJ63: =ABS($D63-AI63) -> 0.016666667 | AL63: {=RAN_WFI_12!S2:S7} -> 0 | AM63: =ABS($D63-AL63) -> 0.016666667 | AO63: {=RAN_WFI_13!S2:S7} -> 0.05 | AP63: =ABS($D63-AO63) -> 0.033333333 | AR63: {=RAN_WFI_14!S2:S7} -> 0 | AS63: =ABS($D63-AR63) -> 0.016666667 | AU63: {=RAN_WFI_15!S2:S7} -> 0.05 | AV63: =ABS($D63-AU63) -> 0.033333333 | AX63: {=RAN_WFI_16!S2:S7} -> 0.05 | AY63: =ABS($D63-AX63) -> 0.033333333 | BA63: {=RAN_WFI_17!S2:S7} -> 0.05 | BB63: =ABS($D63-BA63) -> 0.033333333 | BD63: {=RAN_WFI_18!S2:S7} -> 0 | BE63: =ABS($D63-BD63) -> 0.016666667 | BG63: {=RAN_WFI_19!S2:S7} -> 0 | BH63: =ABS($D63-BG63) -> 0.016666667
A64: Random | B64: Waiting for Input | C64: Analyzing Object | D64: =COUNTIFS(STUDY03_DATA!C:C,A64,STUDY03_DATA!D:D,B64,STUDY03_DATA!F:F,C64)/'META DATA'!$B$2 -> 0.15 | F64: 0.25 | G64: =ABS($D64-F64) -> 0.1 | I64: 0.15 | J64: =ABS($D64-I64) -> 0 | L64: 0.2 | M64: =ABS($D64-L64) -> 0.05 | O64: 0.15 | P64: =ABS($D64-O64) -> 0 | R64: 0.75 | S64: =ABS($D64-R64) -> 0.6 | U64: 0.15 | V64: =ABS($D64-U64) -> 0 | X64: 0.2 | Y64: =ABS($D64-X64) -> 0.05 | AA64: 0.4 | AB64: =ABS($D64-AA64) -> 0.25 | AF64: 0.35 | AG64: =ABS($D64-AF64) -> 0.2 | AI64: 0.4 | AJ64: =ABS($D64-AI64) -> 0.25 | AL64: 0.45 | AM64: =ABS($D64-AL64) -> 0.3 | AO64: 0.35 | AP64: =ABS($D64-AO64) -> 0.2 | AR64: 0.45 | AS64: =ABS($D64-AR64) -> 0.3 | AU64: 0.45 | AV64: =ABS($D64-AU64) -> 0.3 | AX64: 0.5 | AY64: =ABS($D64-AX64) -> 0.35 | BA64: 0.35 | BB64: =ABS($D64-BA64) -> 0.2 | BD64: 0.5 | BE64: =ABS($D64-BD64) -> 0.35 | BG64: 0.45 | BH64: =ABS($D64-BG64) -> 0.3
A65: Random | B65: Waiting for Input | C65: Found Object | D65: =COUNTIFS(STUDY03_DATA!C:C,A65,STUDY03_DATA!D:D,B65,STUDY03_DATA!F:F,C65)/'META DATA'!$B$2 -> 0.25 | F65: 0.05 | G65: =ABS($D65-F65) -> 0.2 | I65: 0.05 | J65: =ABS($D65-I65) -> 0.2 | L65: 0 | M65: =ABS($D65-L65) -> 0.25 | O65: 0 | P65: =ABS($D65-O65) -> 0.25 | R65: 0.2 | S65: =ABS($D65-R65) -> 0.05 | U65: 0.05 | V65: =ABS($D65-U65) -> 0.2 | X65: 0.2 | Y65: =ABS($D65-X65) -> 0.05 | AA65: 0 | AB65: =ABS($D65-AA65) -> 0.25 | AF65: 0.05 | AG65: =ABS($D65-AF65) -> 0.2 | AI65: 0 | AJ65: =ABS($D65-AI65) -> 0.25 | AL65: 0.1 | AM65: =ABS($D65-AL65) -> 0.15 | AO65: 0.15 | AP65: =ABS($D65-AO65) -> 0.1 | AR65: 0 | AS65: =ABS($D65-AR65) -> 0.25 | AU65: 0.1 | AV65: =ABS($D65-AU65) -> 0.15 | AX65: 0.05 | AY65: =ABS($D65-AX65) -> 0.2 | BA65: 0.05 | BB65: =ABS($D65-BA65) -> 0.2 | BD65: 0.05 | BE65: =ABS($D65-BD65) -> 0.2 | BG65: 0 | BH65: =ABS($D65-BG65) -> 0.25
A66: Random | B66: Waiting for Input | C66: Needs Help | D66: =COUNTIFS(STUDY03_DATA!C:C,A66,STUDY03_DATA!D:D,B66,STUDY03_DATA!F:F,C66)/'META DATA'!$B$2 -> 0.15 | F66: 0.1 | G66: =ABS($D66-F66) -> 0.05 | I66: 0.05 | J66: =ABS($D66-I66) -> 0.1 | L66: 0 | M66: =ABS($D66-L66) -> 0.15 | O66: 0 | P66: =ABS($D66-O66) -> 0.15 | R66: 0 | S66: =ABS($D66-R66) -> 0.15 | U66: 0.1 | V66: =ABS($D66-U66) -> 0.05 | X66: 0.1 | Y66: =ABS($D66-X66) -> 0.05 | AA66: 0.15 | AB66: =ABS($D66-AA66) -> 0 | AF66: 0.3 | AG66: =ABS($D66-AF66) -> 0.15 | AI66: 0.5 | AJ66: =ABS($D66-AI66) -> 0.35 | AL66: 0.2 | AM66: =ABS($D66-AL66) -> 0.05 | AO66: 0.3 | AP66: =ABS($D66-AO66) -> 0.15 | AR66: 0.45 | AS66: =ABS($D66-AR66) -> 0.3 | AU66: 0.15 | AV66: =ABS($D66-AU66) -> 0 | AX66: 0.25 | AY66: =ABS($D66-AX66) -> 0.1 | BA66: 0.25 | BB66: =ABS($D66-BA66) -> 0.1 | BD66: 0.3 | BE66: =ABS($D66-BD66) -> 0.15 | BG66: 0.3 | BH66: =ABS($D66-BG66) -> 0.15
A67: Random | B67: Waiting for Input | C67: Confused | D67: =COUNTIFS(STUDY03_DATA!C:C,A67,STUDY03_DATA!D:D,B67,STUDY03_DATA!F:F,C67)/'META DATA'!$B$2 -> 0.38333333 | F67: 0.6 | G67: =ABS($D67-F67) -> 0.21666667 | I67: 0.75 | J67: =ABS($D67-I67) -> 0.36666667 | L67: 0.75 | M67: =ABS($D67-L67) -> 0.36666667 | O67: 0.8 | P67: =ABS($D67-O67) -> 0.41666667 | R67: 0.05 | S67: =ABS($D67-R67) -> 0.33333333 | U67: 0.65 | V67: =ABS($D67-U67) -> 0.26666667 | X67: 0.5 | Y67: =ABS($D67-X67) -> 0.11666667 | AA67: 0.45 | AB67: =ABS($D67-AA67) -> 0.066666667 | AF67: 0.25 | AG67: =ABS($D67-AF67) -> 0.13333333 | AI67: 0.1 | AJ67: =ABS($D67-AI67) -> 0.28333333 | AL67: 0.25 | AM67: =ABS($D67-AL67) -> 0.13333333 | AO67: 0.1 | AP67: =ABS($D67-AO67) -> 0.28333333 | AR67: 0.05 | AS67: =ABS($D67-AR67) -> 0.33333333 | AU67: 0.25 | AV67: =ABS($D67-AU67) -> 0.13333333 | AX67: 0.15 | AY67: =ABS($D67-AX67) -> 0.23333333 | BA67: 0.25 | BB67: =ABS($D67-BA67) -> 0.13333333 | BD67: 0.1 | BE67: =ABS($D67-BD67) -> 0.28333333 | BG67: 0.2 | BH67: =ABS($D67-BG67) -> 0.18333333
A68: Random | B68: Waiting for Input | C68: None | D68: =COUNTIFS(STUDY03_DATA!C:C,A68,STUDY03_DATA!D:D,B68,STUDY03_DATA!F:F,C68)/'META DATA'!$B$2 -> 0.05 | F68: 0 | G68: =ABS($D68-F68) -> 0.05 | I68: 0 | J68: =ABS($D68-I68) -> 0.05 | L68: 0 | M68: =ABS($D68-L68) -> 0.05 | O68: 0 | P68: =ABS($D68-O68) -> 0.05 | R68: 0 | S68: =ABS($D68-R68) -> 0.05 | U68: 0 | V68: =ABS($D68-U68) -> 0.05 | X68: 0 | Y68: =ABS($D68-X68) -> 0.05 | AA68: 0 | AB68: =ABS($D68-AA68) -> 0.05 | AF68: 0.05 | AG68: =ABS($D68-AF68) -> 0 | AI68: 0 | AJ68: =ABS($D68-AI68) -> 0.05 | AL68: 0 | AM68: =ABS($D68-AL68) -> 0.05 | AO68: 0.05 | AP68: =ABS($D68-AO68) -> 0 | AR68: 0.05 | AS68: =ABS($D68-AR68) -> 0 | AU68: 0 | AV68: =ABS($D68-AU68) -> 0.05 | AX68: 0 | AY68: =ABS($D68-AX68) -> 0.05 | BA68: 0.05 | BB68: =ABS($D68-BA68) -> 0 | BD68: 0.05 | BE68: =ABS($D68-BD68) -> 0 | BG68: 0.05 | BH68: =ABS($D68-BG68) -> 0
A69: Random | B69: Analyzing Object | C69: Waiting for Input | D69: =COUNTIFS(STUDY03_DATA!C:C,A69,STUDY03_DATA!D:D,B69,STUDY03_DATA!F:F,C69)/'META DATA'!$B$2 -> 0.13333333 | F69: {=RAN_AO_01!S2:S7} -> 0 | G69: =ABS($D69-F69) -> 0.13333333 | I69: {=RAN_AO_02!S2:S7} -> 0.05 | J69: =ABS($D69-I69) -> 0.083333333 | L69: {=RAN_AO_03!S2:S7} -> 0.1 | M69: =ABS($D69-L69) -> 0.033333333 | O69: {=RAN_AO_04!S2:S7} -> 0 | P69: =ABS($D69-O69) -> 0.13333333 | R69: {=RAN_AO_05!S2:S7} -> 0.35 | S69: =ABS($D69-R69) -> 0.21666667 | U69: {=RAN_AO_06!S2:S7} -> 0.1 | V69: =ABS($D69-U69) -> 0.033333333 | X69: {=RAN_AO_07!S2:S7} -> 0 | Y69: =ABS($D69-X69) -> 0.13333333 | AA69: {=RAN_AO_08!S2:S7} -> 0.05 | AB69: =ABS($D69-AA69) -> 0.083333333 | AF69: {=RAN_AO_10!S2:S7} -> 0.05 | AG69: =ABS($D69-AF69) -> 0.083333333 | AI69: {=RAN_AO_11!S2:S7} -> 0 | AJ69: =ABS($D69-AI69) -> 0.13333333 | AL69: {=RAN_AO_12!S2:S7} -> 0 | AM69: =ABS($D69-AL69) -> 0.13333333 | AO69: {=RAN_AO_13!S2:S7} -> 0.1 | AP69: =ABS($D69-AO69) -> 0.033333333 | AR69: {=RAN_AO_14!S2:S7} -> 0.05 | AS69: =ABS($D69-AR69) -> 0.083333333 | AU69: {=RAN_AO_15!S2:S7} -> 0.2 | AV69: =ABS($D69-AU69) -> 0.066666667 | AX69: {=RAN_AO_16!S2:S7} -> 0.1 | AY69: =ABS($D69-AX69) -> 0.033333333 | BA69: {=RAN_AO_17!S2:S7} -> 0.15 | BB69: =ABS($D69-BA69) -> 0.016666667 | BD69: {=RAN_AO_18!S2:S7} -> 0.05 | BE69: =ABS($D69-BD69) -> 0.083333333 | BG69: {=RAN_AO_19!S2:S7} -> 0.1 | BH69: =ABS($D69-BG69) -> 0.033333333
A70: Random | B70: Analyzing Object | C70: Analyzing Object | D70: =COUNTIFS(STUDY03_DATA!C:C,A70,STUDY03_DATA!D:D,B70,STUDY03_DATA!F:F,C70)/'META DATA'!$B$2 -> 0.016666667 | F70: 0 | G70: =ABS($D70-F70) -> 0.016666667 | I70: 0.05 | J70: =ABS($D70-I70) -> 0.033333333 | L70: 0 | M70: =ABS($D70-L70) -> 0.016666667 | O70: 0 | P70: =ABS($D70-O70) -> 0.016666667 | R70: 0.45 | S70: =ABS($D70-R70) -> 0.43333333 | U70: 0.05 | V70: =ABS($D70-U70) -> 0.033333333 | X70: 0.05 | Y70: =ABS($D70-X70) -> 0.033333333 | AA70: 0.05 | AB70: =ABS($D70-AA70) -> 0.033333333 | AF70: 0 | AG70: =ABS($D70-AF70) -> 0.016666667 | AI70: 0.1 | AJ70: =ABS($D70-AI70) -> 0.083333333 | AL70: 0.1 | AM70: =ABS($D70-AL70) -> 0.083333333 | AO70: 0.15 | AP70: =ABS($D70-AO70) -> 0.13333333 | AR70: 0 | AS70: =ABS($D70-AR70) -> 0.016666667 | AU70: 0.15 | AV70: =ABS($D70-AU70) -> 0.13333333 | AX70: 0.05 | AY70: =ABS($D70-AX70) -> 0.033333333 | BA70: 0 | BB70: =ABS($D70-BA70) -> 0.016666667 | BD70: 0 | BE70: =ABS($D70-BD70) -> 0.016666667 | BG70: 0.05 | BH70: =ABS($D70-BG70) -> 0.033333333
A71: Random | B71: Analyzing Object | C71: Found Object | D71: =COUNTIFS(STUDY03_DATA!C:C,A71,STUDY03_DATA!D:D,B71,STUDY03_DATA!F:F,C71)/'META DATA'!$B$2 -> 0.033333333 | F71: 0 | G71: =ABS($D71-F71) -> 0.033333333 | I71: 0 | J71: =ABS($D71-I71) -> 0.033333333 | L71: 0 | M71: =ABS($D71-L71) -> 0.033333333 | O71: 0 | P71: =ABS($D71-O71) -> 0.033333333 | R71: 0.05 | S71: =ABS($D71-R71) -> 0.016666667 | U71: 0.05 | V71: =ABS($D71-U71) -> 0.016666667 | X71: 0 | Y71: =ABS($D71-X71) -> 0.033333333 | AA71: 0 | AB71: =ABS($D71-AA71) -> 0.033333333 | AF71: 0.05 | AG71: =ABS($D71-AF71) -> 0.016666667 | AI71: 0 | AJ71: =ABS($D71-AI71) -> 0.033333333 | AL71: 0 | AM71: =ABS($D71-AL71) -> 0.033333333 | AO71: 0 | AP71: =ABS($D71-AO71) -> 0.033333333 | AR71: 0 | AS71: =ABS($D71-AR71) -> 0.033333333 | AU71: 0 | AV71: =ABS($D71-AU71) -> 0.033333333 | AX71: 0.05 | AY71: =ABS($D71-AX71) -> 0.016666667 | BA71: 0 | BB71: =ABS($D71-BA71) -> 0.033333333 | BD71: 0 | BE71: =ABS($D71-BD71) -> 0.033333333 | BG71: 0 | BH71: =ABS($D71-BG71) -> 0.033333333
A72: Random | B72: Analyzing Object | C72: Needs Help | D72: =COUNTIFS(STUDY03_DATA!C:C,A72,STUDY03_DATA!D:D,B72,STUDY03_DATA!F:F,C72)/'META DATA'!$B$2 -> 0.58333333 | F72: 0.45 | G72: =ABS($D72-F72) -> 0.13333333 | I72: 0.15 | J72: =ABS($D72-I72) -> 0.43333333 | L72: 0.3 | M72: =ABS($D72-L72) -> 0.28333333 | O72: 0.15 | P72: =ABS($D72-O72) -> 0.43333333 | R72: 0.05 | S72: =ABS($D72-R72) -> 0.53333333 | U72: 0.25 | V72: =ABS($D72-U72) -> 0.33333333 | X72: 0.4 | Y72: =ABS($D72-X72) -> 0.18333333 | AA72: 0.25 | AB72: =ABS($D72-AA72) -> 0.33333333 | AF72: 0.35 | AG72: =ABS($D72-AF72) -> 0.23333333 | AI72: 0.65 | AJ72: =ABS($D72-AI72) -> 0.066666667 | AL72: 0.2 | AM72: =ABS($D72-AL72) -> 0.38333333 | AO72: 0.4 | AP72: =ABS($D72-AO72) -> 0.18333333 | AR72: 0.65 | AS72: =ABS($D72-AR72) -> 0.066666667 | AU72: 0.4 | AV72: =ABS($D72-AU72) -> 0.18333333 | AX72: 0.55 | AY72: =ABS($D72-AX72) -> 0.033333333 | BA72: 0.55 | BB72: =ABS($D72-BA72) -> 0.033333333 | BD72: 0.65 | BE72: =ABS($D72-BD72) -> 0.066666667 | BG72: 0.65 | BH72: =ABS($D72-BG72) -> 0.066666667
A73: Random | B73: Analyzing Object | C73: Confused | D73: =COUNTIFS(STUDY03_DATA!C:C,A73,STUDY03_DATA!D:D,B73,STUDY03_DATA!F:F,C73)/'META DATA'!$B$2 -> 0.11666667 | F73: 0.55 | G73: =ABS($D73-F73) -> 0.43333333 | I73: 0.75 | J73: =ABS($D73-I73) -> 0.63333333 | L73: 0.5 | M73: =ABS($D73-L73) -> 0.38333333 | O73: 0.85 | P73: =ABS($D73-O73) -> 0.73333333 | R73: 0.05 | S73: =ABS($D73-R73) -> 0.066666667 | U73: 0.55 | V73: =ABS($D73-U73) -> 0.43333333 | X73: 0.55 | Y73: =ABS($D73-X73) -> 0.43333333 | AA73: 0.6 | AB73: =ABS($D73-AA73) -> 0.48333333 | AF73: 0.5 | AG73: =ABS($D73-AF73) -> 0.38333333 | AI73: 0.15 | AJ73: =ABS($D73-AI73) -> 0.033333333 | AL73: 0.7 | AM73: =ABS($D73-AL73) -> 0.58333333 | AO73: 0.35 | AP73: =ABS($D73-AO73) -> 0.23333333 | AR73: 0.2 | AS73: =ABS($D73-AR73) -> 0.083333333 | AU73: 0.15 | AV73: =ABS($D73-AU73) -> 0.033333333 | AX73: 0.25 | AY73: =ABS($D73-AX73) -> 0.13333333 | BA73: 0.25 | BB73: =ABS($D73-BA73) -> 0.13333333 | BD73: 0.15 | BE73: =ABS($D73-BD73) -> 0.033333333 | BG73: 0.15 | BH73: =ABS($D73-BG73) -> 0.033333333
A74: Random | B74: Analyzing Object | C74: None | D74: =COUNTIFS(STUDY03_DATA!C:C,A74,STUDY03_DATA!D:D,B74,STUDY03_DATA!F:F,C74)/'META DATA'!$B$2 -> 0.11666667 | F74: 0 | G74: =ABS($D74-F74) -> 0.11666667 | I74: 0 | J74: =ABS($D74-I74) -> 0.11666667 | L74: 0.1 | M74: =ABS($D74-L74) -> 0.016666667 | O74: 0 | P74: =ABS($D74-O74) -> 0.11666667 | R74: 0.05 | S74: =ABS($D74-R74) -> 0.066666667 | U74: 0 | V74: =ABS($D74-U74) -> 0.11666667 | X74: 0 | Y74: =ABS($D74-X74) -> 0.11666667 | AA74: 0.05 | AB74: =ABS($D74-AA74) -> 0.066666667 | AF74: 0.05 | AG74: =ABS($D74-AF74) -> 0.066666667 | AI74: 0.05 | AJ74: =ABS($D74-AI74) -> 0.066666667 | AL74: 0 | AM74: =ABS($D74-AL74) -> 0.11666667 | AO74: 0 | AP74: =ABS($D74-AO74) -> 0.11666667 | AR74: 0.1 | AS74: =ABS($D74-AR74) -> 0.016666667 | AU74: 0.05 | AV74: =ABS($D74-AU74) -> 0.066666667 | AX74: 0 | AY74: =ABS($D74-AX74) -> 0.11666667 | BA74: 0.05 | BB74: =ABS($D74-BA74) -> 0.066666667 | BD74: 0.15 | BE74: =ABS($D74-BD74) -> 0.033333333 | BG74: 0.05 | BH74: =ABS($D74-BG74) -> 0.066666667
A75: Random | B75: Found Object | C75: Waiting for Input | D75: =COUNTIFS(STUDY03_DATA!C:C,A75,STUDY03_DATA!D:D,B75,STUDY03_DATA!F:F,C75)/'META DATA'!$B$2 -> 0 | F75: {=RAN_FO_01!S2:S7} -> 0 | G75: =ABS($D75-F75) -> 0 | I75: {=RAN_FO_02!S2:S7} -> 0.05 | J75: =ABS($D75-I75) -> 0.05 | L75: {=RAN_FO_03!S2:S7} -> 0.1 | M75: =ABS($D75-L75) -> 0.1 | O75: {=RAN_FO_04!S2:S7} -> 0 | P75: =ABS($D75-O75) -> 0 | R75: {=RAN_FO_05!S2:S7} -> 0.05 | S75: =ABS($D75-R75) -> 0.05 | U75: {=RAN_FO_06!S2:S7} -> 0 | V75: =ABS($D75-U75) -> 0 | X75: {=RAN_FO_07!S2:S7} -> 0 | Y75: =ABS($D75-X75) -> 0 | AA75: {=RAN_FO_08!S2:S7} -> 0 | AB75: =ABS($D75-AA75) -> 0 | AF75: {=RAN_FO_10!S2:S7} -> 0 | AG75: =ABS($D75-AF75) -> 0 | AI75: {=RAN_FO_11!S2:S7} -> 0 | AJ75: =ABS($D75-AI75) -> 0 | AL75: {=RAN_FO_12!S2:S7} -> 0.1 | AM75: =ABS($D75-AL75) -> 0.1 | AO75: {=RAN_FO_13!S2:S7} -> 0 | AP75: =ABS($D75-AO75) -> 0 | AR75: {=RAN_FO_14!S2:S7} -> 0 | AS75: =ABS($D75-AR75) -> 0 | AU75: {=RAN_FO_15!S2:S7} -> 0 | AV75: =ABS($D75-AU75) -> 0 | AX75: {=RAN_FO_16!S2:S7} -> 0 | AY75: =ABS($D75-AX75) -> 0 | BA75: {=RAN_FO_17!S2:S7} -> 0 | BB75: =ABS($D75-BA75) -> 0 | BD75: {=RAN_FO_18!S2:S7} -> 0 | BE75: =ABS($D75-BD75) -> 0 | BG75: {=RAN_FO_19!S2:S7} -> 0 | BH75: =ABS($D75-BG75) -> 0
A76: Random | B76: Found Object | C76: Analyzing Object | D76: =COUNTIFS(STUDY03_DATA!C:C,A76,STUDY03_DATA!D:D,B76,STUDY03_DATA!F:F,C76)/'META DATA'!$B$2 -> 0.3 | F76: 0.05 | G76: =ABS($D76-F76) -> 0.25 | I76: 0.2 | J76: =ABS($D76-I76) -> 0.1 | L76: 0.2 | M76: =ABS($D76-L76) -> 0.1 | O76: 0.15 | P76: =ABS($D76-O76) -> 0.15 | R76: 0.5 | S76: =ABS($D76-R76) -> 0.2 | U76: 0.15 | V76: =ABS($D76-U76) -> 0.15 | X76: 0.3 | Y76: =ABS($D76-X76) -> 0 | AA76: 0.35 | AB76: =ABS($D76-AA76) -> 0.05 | AF76: 0.25 | AG76: =ABS($D76-AF76) -> 0.05 | AI76: 0.4 | AJ76: =ABS($D76-AI76) -> 0.1 | AL76: 0.4 | AM76: =ABS($D76-AL76) -> 0.1 | AO76: 0.45 | AP76: =ABS($D76-AO76) -> 0.15 | AR76: 0.4 | AS76: =ABS($D76-AR76) -> 0.1 | AU76: 0.55 | AV76: =ABS($D76-AU76) -> 0.25 | AX76: 0.35 | AY76: =ABS($D76-AX76) -> 0.05 | BA76: 0.45 | BB76: =ABS($D76-BA76) -> 0.15 | BD76: 0.35 | BE76: =ABS($D76-BD76) -> 0.05 | BG76: 0.45 | BH76: =ABS($D76-BG76) -> 0.15
A77: Random | B77: Found Object | C77: Found Object | D77: =COUNTIFS(STUDY03_DATA!C:C,A77,STUDY03_DATA!D:D,B77,STUDY03_DATA!F:F,C77)/'META DATA'!$B$2 -> 0.16666667 | F77: 0.05 | G77: =ABS($D77-F77) -> 0.11666667 | I77: 0.05 | J77: =ABS($D77-I77) -> 0.11666667 | L77: 0 | M77: =ABS($D77-L77) -> 0.16666667 | O77: 0.05 | P77: =ABS($D77-O77) -> 0.11666667 | R77: 0.3 | S77: =ABS($D77-R77) -> 0.13333333 | U77: 0.25 | V77: =ABS($D77-U77) -> 0.083333333 | X77: 0.2 | Y77: =ABS($D77-X77) -> 0.033333333 | AA77: 0.05 | AB77: =ABS($D77-AA77) -> 0.11666667 | AF77: 0.2 | AG77: =ABS($D77-AF77) -> 0.033333333 | AI77: 0.25 | AJ77: =ABS($D77-AI77) -> 0.083333333 | AL77: 0.25 | AM77: =ABS($D77-AL77) -> 0.083333333 | AO77: 0.25 | AP77: =ABS($D77-AO77) -> 0.083333333 | AR77: 0.15 | AS77: =ABS($D77-AR77) -> 0.016666667 | AU77: 0.25 | AV77: =ABS($D77-AU77) -> 0.083333333 | AX77: 0.2 | AY77: =ABS($D77-AX77) -> 0.033333333 | BA77: 0.25 | BB77: =ABS($D77-BA77) -> 0.083333333 | BD77: 0.1 | BE77: =ABS($D77-BD77) -> 0.066666667 | BG77: 0.15 | BH77: =ABS($D77-BG77) -> 0.016666667
A78: Random | B78: Found Object | C78: Needs Help | D78: =COUNTIFS(STUDY03_DATA!C:C,A78,STUDY03_DATA!D:D,B78,STUDY03_DATA!F:F,C78)/'META DATA'!$B$2 -> 0.28333333 | F78: 0.1 | G78: =ABS($D78-F78) -> 0.18333333 | I78: 0.05 | J78: =ABS($D78-I78) -> 0.23333333 | L78: 0 | M78: =ABS($D78-L78) -> 0.28333333 | O78: 0 | P78: =ABS($D78-O78) -> 0.28333333 | R78: 0 | S78: =ABS($D78-R78) -> 0.28333333 | U78: 0.1 | V78: =ABS($D78-U78) -> 0.18333333 | X78: 0 | Y78: =ABS($D78-X78) -> 0.28333333 | AA78: 0.05 | AB78: =ABS($D78-AA78) -> 0.23333333 | AF78: 0 | AG78: =ABS($D78-AF78) -> 0.28333333 | AI78: 0.2 | AJ78: =ABS($D78-AI78) -> 0.083333333 | AL78: 0.05 | AM78: =ABS($D78-AL78) -> 0.23333333 | AO78: 0.15 | AP78: =ABS($D78-AO78) -> 0.13333333 | AR78: 0.2 | AS78: =ABS($D78-AR78) -> 0.083333333 | AU78: 0.1 | AV78: =ABS($D78-AU78) -> 0.18333333 | AX78: 0.15 | AY78: =ABS($D78-AX78) -> 0.13333333 | BA78: 0.15 | BB78: =ABS($D78-BA78) -> 0.13333333 | BD78: 0.2 | BE78: =ABS($D78-BD78) -> 0.083333333 | BG78: 0.05 | BH78: =ABS($D78-BG78) -> 0.23333333
A79: Random | B79: Found Object | C79: Confused | D79: =COUNTIFS(STUDY03_DATA!C:C,A79,STUDY03_DATA!D:D,B79,STUDY03_DATA!F:F,C79)/'META DATA'!$B$2 -> 0.23333333 | F79: 0.65 | G79: =ABS($D79-F79) -> 0.41666667 | I79: 0.65 | J79: =ABS($D79-I79) -> 0.41666667 | L79: 0.6 | M79: =ABS($D79-L79) -> 0.36666667 | O79: 0.75 | P79: =ABS($D79-O79) -> 0.51666667 | R79: 0.1 | S79: =ABS($D79-R79) -> 0.13333333 | U79: 0.4 | V79: =ABS($D79-U79) -> 0.16666667 | X79: 0.5 | Y79: =ABS($D79-X79) -> 0.26666667 | AA79: 0.55 | AB79: =ABS($D79-AA79) -> 0.31666667 | AF79: 0.35 | AG79: =ABS($D79-AF79) -> 0.11666667 | AI79: 0.05 | AJ79: =ABS($D79-AI79) -> 0.18333333 | AL79: 0.15 | AM79: =ABS($D79-AL79) -> 0.083333333 | AO79: 0.15 | AP79: =ABS($D79-AO79) -> 0.083333333 | AR79: 0.1 | AS79: =ABS($D79-AR79) -> 0.13333333 | AU79: 0.1 | AV79: =ABS($D79-AU79) -> 0.13333333 | AX79: 0.25 | AY79: =ABS($D79-AX79) -> 0.016666667 | BA79: 0.1 | BB79: =ABS($D79-BA79) -> 0.13333333 | BD79: 0.15 | BE79: =ABS($D79-BD79) -> 0.083333333 | BG79: 0.2 | BH79: =ABS($D79-BG79) -> 0.033333333
A80: Random | B80: Found Object | C80: None | D80: =COUNTIFS(STUDY03_DATA!C:C,A80,STUDY03_DATA!D:D,B80,STUDY03_DATA!F:F,C80)/'META DATA'!$B$2 -> 0.016666667 | F80: 0.15 | G80: =ABS($D80-F80) -> 0.13333333 | I80: 0 | J80: =ABS($D80-I80) -> 0.016666667 | L80: 0.1 | M80: =ABS($D80-L80) -> 0.083333333 | O80: 0.05 | P80: =ABS($D80-O80) -> 0.033333333 | R80: 0.05 | S80: =ABS($D80-R80) -> 0.033333333 | U80: 0.1 | V80: =ABS($D80-U80) -> 0.083333333 | X80: 0 | Y80: =ABS($D80-X80) -> 0.016666667 | AA80: 0 | AB80: =ABS($D80-AA80) -> 0.016666667 | AF80: 0.2 | AG80: =ABS($D80-AF80) -> 0.18333333 | AI80: 0.1 | AJ80: =ABS($D80-AI80) -> 0.083333333 | AL80: 0.05 | AM80: =ABS($D80-AL80) -> 0.033333333 | AO80: 0 | AP80: =ABS($D80-AO80) -> 0.016666667 | AR80: 0.15 | AS80: =ABS($D80-AR80) -> 0.13333333 | AU80: 0 | AV80: =ABS($D80-AU80) -> 0.016666667 | AX80: 0.05 | AY80: =ABS($D80-AX80) -> 0.033333333 | BA80: 0 | BB80: =ABS($D80-BA80) -> 0.016666667 | BD80: 0.05 | BE80: =ABS($D80-BD80) -> 0.033333333 | BG80: 0.1 | BH80: =ABS($D80-BG80) -> 0.083333333
A81: Random | B81: Needs Help | C81: Waiting for Input | D81: =COUNTIFS(STUDY03_DATA!C:C,A81,STUDY03_DATA!D:D,B81,STUDY03_DATA!F:F,C81)/'META DATA'!$B$2 -> 0 | F81: {=RAN_NH_01!S2:S7} -> 0 | G81: =ABS($D81-F81) -> 0 | I81: {=RAN_NH_02!S2:S7} -> 0 | J81: =ABS($D81-I81) -> 0 | L81: {=RAN_NH_03!S2:S7} -> 0 | M81: =ABS($D81-L81) -> 0 | O81: {=RAN_NH_04!S2:S7} -> 0 | P81: =ABS($D81-O81) -> 0 | R81: {=RAN_NH_05!S2:S7} -> 0.1 | S81: =ABS($D81-R81) -> 0.1 | U81: {=RAN_NH_06!S2:S7} -> 0 | V81: =ABS($D81-U81) -> 0 | X81: {=RAN_NH_07!S2:S7} -> 0 | Y81: =ABS($D81-X81) -> 0 | AA81: {=RAN_NH_08!S2:S7} -> 0 | AB81: =ABS($D81-AA81) -> 0 | AF81: {=RAN_NH_10!S2:S7} -> 0 | AG81: =ABS($D81-AF81) -> 0 | AI81: {=RAN_NH_11!S2:S7} -> 0 | AJ81: =ABS($D81-AI81) -> 0 | AL81: {=RAN_NH_12!S2:S7} -> 0 | AM81: =ABS($D81-AL81) -> 0 | AO81: {=RAN_NH_13!S2:S7} -> 0 | AP81: =ABS($D81-AO81) -> 0 | AR81: {=RAN_NH_14!S2:S7} -> 0 | AS81: =ABS($D81-AR81) -> 0 | AU81: {=RAN_NH_15!S2:S7} -> 0 | AV81: =ABS($D81-AU81) -> 0 | AX81: {=RAN_NH_16!S2:S7} -> 0 | AY81: =ABS($D81-AX81) -> 0 | BA81: {=RAN_NH_17!S2:S7} -> 0 | BB81: =ABS($D81-BA81) -> 0 | BD81: {=RAN_NH_18!S2:S7} -> 0 | BE81: =ABS($D81-BD81) -> 0 | BG81: {=RAN_NH_19!S2:S7} -> 0 | BH81: =ABS($D81-BG81) -> 0
A82: Random | B82: Needs Help | C82: Analyzing Object | D82: =COUNTIFS(STUDY03_DATA!C:C,A82,STUDY03_DATA!D:D,B82,STUDY03_DATA!F:F,C82)/'META DATA'!$B$2 -> 0.45 | F82: 0.25 | G82: =ABS($D82-F82) -> 0.2 | I82: 0.15 | J82: =ABS($D82-I82) -> 0.3 | L82: 0.1 | M82: =ABS($D82-L82) -> 0.35 | O82: 0 | P82: =ABS($D82-O82) -> 0.45 | R82: 0.15 | S82: =ABS($D82-R82) -> 0.3 | U82: 0.05 | V82: =ABS($D82-U82) -> 0.4 | X82: 0.15 | Y82: =ABS($D82-X82) -> 0.3 | AA82: 0.05 | AB82: =ABS($D82-AA82) -> 0.4 | AF82: 0.35 | AG82: =ABS($D82-AF82) -> 0.1 | AI82: 0.3 | AJ82: =ABS($D82-AI82) -> 0.15 | AL82: 0.65 | AM82: =ABS($D82-AL82) -> 0.2 | AO82: 0.6 | AP82: =ABS($D82-AO82) -> 0.15 | AR82: 0.35 | AS82: =ABS($D82-AR82) -> 0.1 | AU82: 0.5 | AV82: =ABS($D82-AU82) -> 0.05 | AX82: 0.5 | AY82: =ABS($D82-AX82) -> 0.05 | BA82: 0.6 | BB82: =ABS($D82-BA82) -> 0.15 | BD82: 0.45 | BE82: =ABS($D82-BD82) -> 0 | BG82: 0.5 | BH82: =ABS($D82-BG82) -> 0.05
A83: Random | B83: Needs Help | C83: Found Object | D83: =COUNTIFS(STUDY03_DATA!C:C,A83,STUDY03_DATA!D:D,B83,STUDY03_DATA!F:F,C83)/'META DATA'!$B$2 -> 0.15 | F83: 0.05 | G83: =ABS($D83-F83) -> 0.1 | I83: 0.3 | J83: =ABS($D83-I83) -> 0.15 | L83: 0.1 | M83: =ABS($D83-L83) -> 0.05 | O83: 0.1 | P83: =ABS($D83-O83) -> 0.05 | R83: 0.65 | S83: =ABS($D83-R83) -> 0.5 | U83: 0.3 | V83: =ABS($D83-U83) -> 0.15 | X83: 0.35 | Y83: =ABS($D83-X83) -> 0.2 | AA83: 0.5 | AB83: =ABS($D83-AA83) -> 0.35 | AF83: 0.25 | AG83: =ABS($D83-AF83) -> 0.1 | AI83: 0.4 | AJ83: =ABS($D83-AI83) -> 0.25 | AL83: 0.15 | AM83: =ABS($D83-AL83) -> 0 | AO83: 0.15 | AP83: =ABS($D83-AO83) -> 0 | AR83: 0.25 | AS83: =ABS($D83-AR83) -> 0.1 | AU83: 0.05 | AV83: =ABS($D83-AU83) -> 0.1 | AX83: 0 | AY83: =ABS($D83-AX83) -> 0.15 | BA83: 0.15 | BB83: =ABS($D83-BA83) -> 0 | BD83: 0.35 | BE83: =ABS($D83-BD83) -> 0.2 | BG83: 0.25 | BH83: =ABS($D83-BG83) -> 0.1
A84: Random | B84: Needs Help | C84: Needs Help | D84: =COUNTIFS(STUDY03_DATA!C:C,A84,STUDY03_DATA!D:D,B84,STUDY03_DATA!F:F,C84)/'META DATA'!$B$2 -> 0.066666667 | F84: 0.1 | G84: =ABS($D84-F84) -> 0.033333333 | I84: 0.1 | J84: =ABS($D84-I84) -> 0.033333333 | L84: 0.15 | M84: =ABS($D84-L84) -> 0.083333333 | O84: 0.1 | P84: =ABS($D84-O84) -> 0.033333333 | R84: 0 | S84: =ABS($D84-R84) -> 0.066666667 | U84: 0.2 | V84: =ABS($D84-U84) -> 0.13333333 | X84: 0 | Y84: =ABS($D84-X84) -> 0.066666667 | AA84: 0.15 | AB84: =ABS($D84-AA84) -> 0.083333333 | AF84: 0.05 | AG84: =ABS($D84-AF84) -> 0.016666667 | AI84: 0.05 | AJ84: =ABS($D84-AI84) -> 0.016666667 | AL84: 0 | AM84: =ABS($D84-AL84) -> 0.066666667 | AO84: 0.1 | AP84: =ABS($D84-AO84) -> 0.033333333 | AR84: 0.15 | AS84: =ABS($D84-AR84) -> 0.083333333 | AU84: 0.25 | AV84: =ABS($D84-AU84) -> 0.18333333 | AX84: 0.1 | AY84: =ABS($D84-AX84) -> 0.033333333 | BA84: 0.15 | BB84: =ABS($D84-BA84) -> 0.083333333 | BD84: 0.1 | BE84: =ABS($D84-BD84) -> 0.033333333 | BG84: 0.1 | BH84: =ABS($D84-BG84) -> 0.033333333
