Workbook

Sheet RAW_w_CALCS
A1: StartDate | B1: EndDate | C1: Status | D1: IPAddress | E1: Progress | F1: Duration (in seconds) | G1: Finished | H1: RecordedDate | I1: ResponseId | J1: RecipientLastName | K1: RecipientFirstName | L1: RecipientEmail | M1: ExternalReference | N1: LocationLatitude | O1: LocationLongitude | P1: DistributionChannel | Q1: UserLanguage | R1: Q_RecaptchaScore | S1: 00-01_1 | T1: 00-01_2 | U1: 00-01_3 | V1: 00-01_4 | W1: 02-01 | X1: 02-02 | Y1: 02-03_1 | Z1: 02-03_2 | AA1: 02-03_3 | AB1: 02-03_4 | AC1: SPR_ISO_WFI_MOT_VID | AD1: SPR_ISO_WFI_MOT_CON | AE1: SPR_ISO_WFI_MOT_TIM_First Click | AF1: SPR_ISO_WFI_MOT_TIM_Last Click | AG1: SPR_ISO_WFI_MOT_TIM_Page Submit | AH1: SPR_ISO_WFI_MOT_TIM_Click Count | AI1: SPR_ISO_AO_MOT_VID | AJ1: SPR_ISO_AO_MOT_CON | AK1: SPR_ISO_AO_MOT_TIM_First Click | AL1: SPR_ISO_AO_MOT_TIM_Last Click | AM1: SPR_ISO_AO_MOT_TIM_Page Submit | AN1: SPR_ISO_AO_MOT_TIM_Click Count | AO1: SPR_ISO_FO_MOT_VID | AP1: SPR_ISO_FO_MOT_CON | AQ1: SPR_ISO_FO_MOT_TIM_First Click | AR1: SPR_ISO_FO_MOT_TIM_Last Click | AS1: SPR_ISO_FO_MOT_TIM_Page Submit | AT1: SPR_ISO_FO_MOT_TIM_Click Count | AU1: SPR_ISO_ER_MOT_VID | AV1: SPR_ISO_ER_MOT_CON | AW1: SPR_ISO_ER_MOT_TIM_First Click | AX1: SPR_ISO_ER_MOT_TIM_Last Click | AY1: SPR_ISO_ER_MOT_TIM_Page Submit | AZ1: SPR_ISO_ER_MOT_TIM_Click Count | BA1: SPR_ISO_CO_MOT_VID | BB1: SPR_ISO_CO_MOT_CON | BC1: SPR_ISO_CO_MOT_TIM_First Click | BD1: SPR_ISO_CO_MOT_TIM_Last Click | BE1: SPR_ISO_CO_MOT_TIM_Page Submit | BF1: SPR_ISO_CO_MOT_TIM_Click Count | BG1: SPR_NON_WFI_MOT_VID | BH1: SPR_NON_WFI_MOT_CON | BI1: SPR_NON_WFI_MOT_TIM_First Click | BJ1: SPR_NON_WFI_MOT_TIM_Last Click | BK1: SPR_NON_WFI_MOT_TIM_Page Submit | BL1: SPR_NON_WFI_MOT_TIM_Click Count | BM1: SPR_NON_AO_MOT_VID | BN1: SPR_NON_AO_MOT_CON | BO1: SPR_NON_AO_MOT_TIM_First Click | BP1: SPR_NON_AO_MOT_TIM_Last Click | BQ1: SPR_NON_AO_MOT_TIM_Page Submit | BR1: SPR_NON_AO_MOT_TIM_Click Count | BS1: SPR_NON_FO_MOT_VID | BT1: SPR_NON_FO_MOT_CON | BU1: SPR_NON_FO_MOT_TIM_First Click | BV1: SPR_NON_FO_MOT_TIM_Last Click | BW1: SPR_NON_FO_MOT_TIM_Page Submit | BX1: SPR_NON_FO_MOT_TIM_Click Count | BY1: SPR_NON_ER_MOT_VID | BZ1: SPR_NON_ER_MOT_CON | CA1: SPR_NON_ER_MOT_TIM_First Click | CB1: SPR_NON_ER_MOT_TIM_Last Click | CC1: SPR_NON_ER_MOT_TIM_Page Submit | CD1: SPR_NON_ER_MOT_TIM_Click Count | CE1: SPR_NON_CO_MOT_VID | CF1: SPR_NON_CO_MOT_CON | CG1: SPR_NON_CO_MOT_TIM_First Click | CH1: SPR_NON_CO_MOT_TIM_Last Click | CI1: SPR_NON_CO_MOT_TIM_Page Submit | CJ1: SPR_NON_CO_MOT_TIM_Click Count | CK1: SPR_EMD_WFI_MOT_VID | CL1: SPR_EMD_WFI_MOT_CON | CM1: SPR_EMD_WFI_MOT_TIM_First Click | CN1: SPR_EMD_WFI_MOT_TIM_Last Click | CO1: SPR_EMD_WFI_MOT_TIM_Page Submit | CP1: SPR_EMD_WFI_MOT_TIM_Click Count | CQ1: SPR_EMD_AO_MOT_VID | CR1: SPR_EMD_AO_MOT_CON | CS1: SPR_EMD_AO_MOT_TIM_First Click | CT1: SPR_EMD_AO_MOT_TIM_Last Click | CU1: SPR_EMD_AO_MOT_TIM_Page Submit | CV1: SPR_EMD_AO_MOT_TIM_Click Count | CW1: SPR_EMD_FO_MOT_VID | CX1: SPR_EMD_FO_MOT_CON | CY1: SPR_EMD_FO_MOT_TIM_First Click | CZ1: SPR_EMD_FO_MOT_TIM_Last Click | DA1: SPR_EMD_FO_MOT_TIM_Page Submit | DB1: SPR_EMD_FO_MOT_TIM_Click Count | DC1: SPR_EMD_ER_MOT_VID | DD1: SPR_EMD_ER_MOT_CON | DE1: SPR_EMD_ER_MOT_TIM_First Click | DF1: SPR_EMD_ER_MOT_TIM_Last Click | DG1: SPR_EMD_ER_MOT_TIM_Page Submit | DH1: SPR_EMD_ER_MOT_TIM_Click Count | DI1: SPR_EMD_CO_MOT_VID | DJ1: SPR_EMD_CO_MOT_CON | DK1: SPR_EMD_CO_MOT_TIM_First Click | DL1: SPR_EMD_CO_MOT_TIM_Last Click | DM1: SPR_EMD_CO_MOT_TIM_Page Submit | DN1: SPR_EMD_CO_MOT_TIM_Click Count | DO1: SPR_DYN_WFI_MOT_VID | DP1: SPR_DYN_WFI_MOT_CON | DQ1: SPR_DYN_WFI_MOT_TIM_First Click | DR1: SPR_DYN_WFI_MOT_TIM_Last Click | DS1: SPR_DYN_WFI_MOT_TIM_Page Submit | DT1: SPR_DYN_WFI_MOT_TIM_Click Count | DU1: SPR_DYN_AO_MOT_VID | DV1: SPR_DYN_AO_MOT_CON | DW1: SPR_DYN_AO_MOT_TIM_First Click | DX1: SPR_DYN_AO_MOT_TIM_Last Click | DY1: SPR_DYN_AO_MOT_TIM_Page Submit | DZ1: SPR_DYN_AO_MOT_TIM_Click Count | EA1: SPR_DYN_FO_MOT_VID | EB1: SPR_DYN_FO_MOT_CON | EC1: SPR_DYN_FO_MOT_TIM_First Click | ED1: SPR_DYN_FO_MOT_TIM_Last Click | EE1: SPR_DYN_FO_MOT_TIM_Page Submit | EF1: SPR_DYN_FO_MOT_TIM_Click Count | EG1: SPR_DYN_ER_MOT_VID | EH1: SPR_DYN_ER_MOT_CON | EI1: SPR_DYN_ER_MOT_TIM_First Click | EJ1: SPR_DYN_ER_MOT_TIM_Last Click | EK1: SPR_DYN_ER_MOT_TIM_Page Submit | EL1: SPR_DYN_ER_MOT_TIM_Click Count | EM1: SPR_DYN_CO_MOT_VID | EN1: SPR_DYN_CO_MOT_CON | EO1: SPR_DYN_CO_MOT_TIM_First Click | EP1: SPR_DYN_CO_MOT_TIM_Last Click | EQ1: SPR_DYN_CO_MOT_TIM_Page Submit | ER1: SPR_DYN_CO_MOT_TIM_Click Count | ES1: MIN_ISO_WFI_MOT_VID | ET1: MIN_ISO_WFI_MOT_CON | EU1: MIN_ISO_WFI_MOT_TIM_First Click | EV1: MIN_ISO_WFI_MOT_TIM_Last Click | EW1: MIN_ISO_WFI_MOT_TIM_Page Submit | EX1: MIN_ISO_WFI_MOT_TIM_Click Count | EY1: MIN_ISO_IWO_VID | EZ1: MIN_ISO_IWO_CON | FA1: MIN_ISO_IWO_TIM_First Click | FB1: MIN_ISO_IWO_TIM_Last Click | FC1: MIN_ISO_IWO_TIM_Page Submit | FD1: MIN_ISO_IWO_TIM_Click Count | FE1: MIN_ISO_NH_MOT_VID | FF1: MIN_ISO_NH_MOT_CON | FG1: Q748_First Click | FH1: Q748_Last Click | FI1: Q748_Page Submit | FJ1: Q748_Click Count | FK1: MIN_NON_WFI_MOT_VID | FL1: MIN_NON_WFI_MOT_CON | FM1: MIN_NON_WFI_MOT_TIM_First Click | FN1: MIN_NON_WFI_MOT_TIM_Last Click | FO1: MIN_NON_WFI_MOT_TIM_Page Submit | FP1: MIN_NON_WFI_MOT_TIM_Click Count | FQ1: MIN_NON_IWO_VID | FR1: MIN_NON_IWO_CON | FS1: MIN_NON_IWO_TIM_First Click | FT1: MIN_NON_IWO_TIM_Last Click | FU1: MIN_NON_IWO_TIM_Page Submit | FV1: MIN_NON_IWO_TIM_Click Count | FW1: MIN_NON_NH_MOT_VID | FX1: MIN_NON_NH_MOT_CON | FY1: MIN_NON_NH_MOT_TIM_First Click | FZ1: MIN_NON_NH_MOT_TIM_Last Click | GA1: MIN_NON_NH_MOT_TIM_Page Submit | GB1: MIN_NON_NH_MOT_TIM_Click Count | GC1: MIN_EMD_WFI_MOT_VID | GD1: MIN_EMD_WFI_MOT_CON | GE1: MIN_EMD_WFI_MOT_TIM_First Click | GF1: MIN_EMD_WFI_MOT_TIM_Last Click | GG1: MIN_EMD_WFI_MOT_TIM_Page Submit | GH1: MIN_EMD_WFI_MOT_TIM_Click Count | GI1: MIN_EMD_IWO_MOT_VID | GJ1: MIN_EMD_IWO_MOT_CON | GK1: MIN_EMD_IWO_MOT_TIM_First Click | GL1: MIN_EMD_IWO_MOT_TIM_Last Click | GM1: MIN_EMD_IWO_MOT_TIM_Page Submit | GN1: MIN_EMD_IWO_MOT_TIM_Click Count | GO1: MIN_EMD_NH_MOT_VID | GP1: MIN_EMD_NH_MOT_CON | GQ1: MIN_EMD_NH_MOT_TIM_First Click | GR1: MIN_EMD_NH_MOT_TIM_Last Click | GS1: MIN_EMD_NH_MOT_TIM_Page Submit | GT1: MIN_EMD_NH_MOT_TIM_Click Count | GU1: MIN_DYN_WFI_MOT_VID | GV1: MIN_DYN_WFI_MOT_CON | GW1: MIN_DYN_WFI_MOT_TIM_First Click | GX1: MIN_DYN_WFI_MOT_TIM_Last Click | GY1: MIN_DYN_WFI_MOT_TIM_Page Submit | GZ1: MIN_DYN_WFI_MOT_TIM_Click Count | HA1: MIN_DYN_IWO_MOT_VID | HB1: MIN_DYN_IWO_MOT_CON | HC1: MIN_DYN_IWO_MOT_TIM_First Click | HD1: MIN_DYN_IWO_MOT_TIM_Last Click | HE1: MIN_DYN_IWO_MOT_TIM_Page Submit | HF1: MIN_DYN_IWO_MOT_TIM_Click Count | HG1: MIN_DYN_NH_MOT_VID | HH1: MIN_DYN_NH_MOT_CON | HI1: MIN_DYN_NH_MOT_TIM_First Click | HJ1: MIN_DYN_NH_MOT_TIM_Last Click | HK1: MIN_DYN_NH_MOT_TIM_Page Submit | HL1: MIN_DYN_NH_MOT_TIM_Click Count | HM1: aspects_waiting | HN1: should_have_waitin | HO1: aspects_anapin | HP1: should_have_anapin | HQ1: aspects_foundpin | HR1: should_have_foundpin | HS1: aspects_error | HT1: should_have_error | HU1: aspects_confus | HV1: should_have_confused | HW1: final_feedback | HX1: email_capture | HY1: SectionCounter | HZ1: GroupOrder | IA1: VideoCounter | IB1: Create New Field or Choose From Dropdown... | IC1: Q_DataPolicyViolations
A2: Start Date | B2: End Date | C2: Response Type | D2: IP Address | E2: Progress | F2: Duration (in seconds) | G2: Finished | H2: Recorded Date | I2: Response ID | J2: Recipient Last Name | K2: Recipient First Name | L2: Recipient Email | M2: External Data Reference | N2: Location Latitude | O2: Location Longitude | P2: Distribution Channel | Q2: User Language | R2: Q_RecaptchaScore | S2: I consent to the following: - Provide non-identifying personal data (age, field of work, etc.) | T2: I consent to the following: - Watch and provide feedback on videos of expressive robots | U2: I consent to the following: - Answer a questionnaire regarding the videos of robots | V2: I consent to the following: - Have my non-identifying data published in academic publications and shared in online data repositories | W2: What is your current industry of occupation? | X2: Do you currently or have you previously owned any pets? | Y2: How often do you... - Interact with everyday technology (e.g. use a smartphone, computer or tablet) | Z2: How often do you... - Observe or interact with robots at home (e.g. supervise a vacuum robot) | AA2: How often do you... - Observe or interact with robots at work (e.g. collaborativly pack a box with a robot arm) | AB2: How often do you... - Observe or interact with robots in public (e.g. observe a grocery store cleaning robot) | AC2: Video [Field-VideoCounter]: Watch the video below and indicate which robot state you think Calcifer is communicating. | AD2: Indicate your confidence in your response: | AE2: Timing - First Click | AF2: Timing - Last Click | AG2: Timing - Page Submit | AH2: Timing - Click Count | AI2: Video [Field-VideoCounter]: Watch the video below and indicate which robot state you think Calcifer is communicating. | AJ2: Indicate your confidence in your response: | AK2: Timing - First Click | AL2: Timing - Last Click | AM2: Timing - Page Submit | AN2: Timing - Click Count | AO2: Video [Field-VideoCounter]: Watch the video below and indicate which robot state you think Calcifer is communicating. | AP2: Indicate your confidence in your response: | AQ2: Timing - First Click | AR2: Timing - Last Click | AS2: Timing - Page Submit | AT2: Timing - Click Count | AU2: Video [Field-VideoCounter]: Watch the video below and indicate which robot state you think Calcifer is communicating. | AV2: Indicate your confidence in your response: | AW2: Timing - First Click | AX2: Timing - Last Click | AY2: Timing - Page Submit | AZ2: Timing - Click Count | BA2: Video [Field-VideoCounter]: Watch the video below and indicate which robot state you think Calcifer is communicating. | BB2: Indicate your confidence in your response: | BC2: Timing - First Click | BD2: Timing - Last Click | BE2: Timing - Page Submit | BF2: Timing - Click Count | BG2: Video [Field-VideoCounter]: Watch the video below and indicate which robot state you think Calcifer is communicating. | BH2: Indicate your confidence in your response: | BI2: Timing - First Click | BJ2: Timing - Last Click | BK2: Timing - Page Submit | BL2: Timing - Click Count | BM2: Video [Field-VideoCounter]: Watch the video below and indicate which robot state you think Calcifer is communicating. | BN2: Indicate your confidence in your response: | BO2: Timing - First Click | BP2: Timing - Last Click | BQ2: Timing - Page Submit | BR2: Timing - Click Count | BS2: Video [Field-VideoCounter]: Watch the video below and indicate which robot state you think Calcifer is communicating. | BT2: Indicate your confidence in your response: | BU2: Timing - First Click | BV2: Timing - Last Click | BW2: Timing - Page Submit | BX2: Timing - Click Count | BY2: Video [Field-VideoCounter]: Watch the video below and indicate which robot state you think Calcifer is communicating. | BZ2: Indicate your confidence in your response: | CA2: Timing - First Click | CB2: Timing - Last Click | CC2: Timing - Page Submit | CD2: Timing - Click Count | CE2: Video [Field-VideoCounter]: Watch the video below and indicate which robot state you think Calcifer is communicating. | CF2: Indicate your confidence in your response: | CG2: Timing - First Click | CH2: Timing - Last Click | CI2: Timing - Page Submit | CJ2: Timing - Click Count | CK2: Video [Field-VideoCounter]: Watch the video below and indicate which robot state you think Calcifer is communicating. | CL2: Indicate your confidence in your response: | CM2: Timing - First Click | CN2: Timing - Last Click | CO2: Timing - Page Submit | CP2: Timing - Click Count | CQ2: Video [Field-VideoCounter]: Watch the video below and indicate which robot state you think Calcifer is communicating. | CR2: Indicate your confidence in your response: | CS2: Timing - First Click | CT2: Timing - Last Click | CU2: Timing - Page Submit | CV2: Timing - Click Count | CW2: Video [Field-VideoCounter]: Watch the video below and indicate which robot state you think Calcifer is communicating. | CX2: Indicate your confidence in your response: | CY2: Timing - First Click | CZ2: Timing - Last Click | DA2: Timing - Page Submit | DB2: Timing - Click Count | DC2: Video [Field-VideoCounter]: Watch the video below and indicate which robot state you think Calcifer is communicating. | DD2: Indicate your confidence in your response: | DE2: Timing - First Click | DF2: Timing - Last Click | DG2: Timing - Page Submit | DH2: Timing - Click Count | DI2: Video [Field-VideoCounter]: Watch the video below and indicate which robot state you think Calcifer is communicating. | DJ2: Indicate your confidence in your response: | DK2: Timing - First Click | DL2: Timing - Last Click | DM2: Timing - Page Submit | DN2: Timing - Click Count | DO2: Video [Field-VideoCounter]: Watch the video below and indicate which robot state you think Calcifer is communicating. | DP2: Indicate your confidence in your response: | DQ2: Timing - First Click | DR2: Timing - Last Click | DS2: Timing - Page Submit | DT2: Timing - Click Count | DU2: Video [Field-VideoCounter]: Watch the video below and indicate which robot state you think Calcifer is communicating. | DV2: Indicate your confidence in your response: | DW2: Timing - First Click | DX2: Timing - Last Click | DY2: Timing - Page Submit | DZ2: Timing - Click Count | EA2: Video [Field-VideoCounter]: Watch the video below and indicate which robot state you think Calcifer is communicating. | EB2: Indicate your confidence in your response: | EC2: Timing - First Click | ED2: Timing - Last Click | EE2: Timing - Page Submit | EF2: Timing - Click Count | EG2: Video [Field-VideoCounter]: Watch the video below and indicate which robot state you think Calcifer is communicating. | EH2: Indicate your confidence in your response: | EI2: Timing - First Click | EJ2: Timing - Last Click | EK2: Timing - Page Submit | EL2: Timing - Click Count | EM2: Video [Field-VideoCounter]: Watch the video below and indicate which robot state you think Calcifer is communicating. | EN2: Indicate your confidence in your response: | EO2: Timing - First Click | EP2: Timing - Last Click | EQ2: Timing - Page Submit | ER2: Timing - Click Count | ES2: Video [Field-VideoCounter]: Watch the video below and indicate which robot state you think Calcifer is communicating. | ET2: Indicate your confidence in your response: | EU2: Timing - First Click | EV2: Timing - Last Click | EW2: Timing - Page Submit | EX2: Timing - Click Count | EY2: Video [Field-VideoCounter]: Watch the video below and indicate which robot state you think Calcifer is communicating. | EZ2: Indicate your confidence in your response: | FA2: Timing - First Click | FB2: Timing - Last Click | FC2: Timing - Page Submit | FD2: Timing - Click Count | FE2: Video [Field-VideoCounter]: Watch the video below and indicate which robot state you think Calcifer is communicating. | FF2: Indicate your confidence in your response: | FG2: Timing - First Click | FH2: Timing - Last Click | FI2: Timing - Page Submit | FJ2: Timing - Click Count | FK2: Video [Field-VideoCounter]: Watch the video below and indicate which robot state you think Calcifer is communicating. | FL2: Indicate your confidence in your response: | FM2: Timing - First Click | FN2: Timing - Last Click | FO2: Timing - Page Submit | FP2: Timing - Click Count | FQ2: Video [Field-VideoCounter]: Watch the video below and indicate which robot state you think Calcifer is communicating. | FR2: Indicate your confidence in your response: | FS2: Timing - First Click | FT2: Timing - Last Click | FU2: Timing - Page Submit | FV2: Timing - Click Count | FW2: Video [Field-VideoCounter]: Watch the video below and indicate which robot state you think Calcifer is communicating. | FX2: Indicate your confidence in your response: | FY2: Timing - First Click | FZ2: Timing - Last Click | GA2: Timing - Page Submit | GB2: Timing - Click Count | GC2: Video [Field-VideoCounter]: Watch the video below and indicate which robot state you think Calcifer is communicating. | GD2: Indicate your confidence in your response: | GE2: Timing - First Click | GF2: Timing - Last Click | GG2: Timing - Page Submit | GH2: Timing - Click Count | GI2: Video [Field-VideoCounter]: Watch the video below and indicate which robot state you think Calcifer is communicating. | GJ2: Indicate your confidence in your response: | GK2: Timing - First Click | GL2: Timing - Last Click | GM2: Timing - Page Submit | GN2: Timing - Click Count | GO2: Video [Field-VideoCounter]: Watch the video below and indicate which robot state you think Calcifer is communicating. | GP2: Indicate your confidence in your response: | GQ2: Timing - First Click | GR2: Timing - Last Click | GS2: Timing - Page Submit | GT2: Timing - Click Count | GU2: Video [Field-VideoCounter]: Watch the video below and indicate which robot state you think Calcifer is communicating. | GV2: Indicate your confidence in your response: | GW2: Timing - First Click | GX2: Timing - Last Click | GY2: Timing - Page Submit | GZ2: Timing - Click Count | HA2: Video [Field-VideoCounter]: Watch the video below and indicate which robot state you think Calcifer is communicating. | HB2: Indicate your confidence in your response: | HC2: Timing - First Click | HD2: Timing - Last Click | HE2: Timing - Page Submit | HF2: Timing - Click Count | HG2: Video [Field-VideoCounter]: Watch the video below and indicate which robot state you think Calcifer is communicating. | HH2: Indicate your confidence in your response: | HI2: Timing - First Click | HJ2: Timing - Last Click | HK2: Timing - Page Submit | HL2: Timing - Click Count | HM2: Based on what you saw in the videos, what aspects of the robot's body language did you associate with the state Waiting for Input? | HN2: Describe what you think the robot should have done to express the state Waiting for Input? | HO2: Based on what you saw in the videos, what aspects of the robot's body language did you associate with the state Analyzing Pinecone? | HP2: Describe what you think the robot should have done to express the state Analyzing Pinecone? | HQ2: Based on what you saw in the videos, what aspects of the robot's body language did you associate with the state Found Pinecone? | HR2: Describe what you think the robot should have done to express the state Found Pinecone? | HS2: Based on what you saw in the videos, what aspects of the robot's body language did you associate with the state Error? | HT2: Describe what you think the robot should have done to express the state Error? | HU2: Based on what you saw in the videos, what aspects of the robot's body language did you associate with the state Confused? | HV2: Describe what you think the robot should have done to express the state Confused? | HW2: Optional | Is there any other feedback you’d like to provide related to the robot, this study, or this research in general? | HX2: Optional | If you are interested in participating in our future online studies, please provide your email below. This data will not be shared with anyone or used for any other purpose beyond contacting you regarding our future research studies. Your response has not been submitted yet. Hit next to continue. | HY2: SectionCounter | HZ2: GroupOrder | IA2: VideoCounter | IB2: Create New Field or Choose From Dropdown... | IC2: Q_DataPolicyViolations
A3: 45739.275 | B3: 45739.289 | C3: IP Address | D3: 185.153.179.23 | E3: 100 | F3: 1198 | G3: True | H3: 45739.289 | I3: R_7riMjeGOoUZ7EKu | N3: 49.2476 | O3: -123.1234 | P3: anonymous | Q3: EN | R3: 1 | S3: Yes | T3: Yes | U3: Yes | V3: Yes | W3: Academic (e.g. student, teacher) | X3: Dog | Y3: Nearly every day or more | Z3: Never | AA3: At least once per week | AB3: Never | AC3: Waiting for Input | Calcifer is in standby mode, waiting for a command from you. | AD3: Somewhat Confident | AE3: 10.134 | AF3: 12.068 | AG3: 12.728 | AH3: 2 | AI3: Analyzing Pinecone | Calcifer is analyzing a target pinecone to assess its size. | AJ3: Fully Confident | AK3: 10.183 | AL3: 11.6 | AM3: 12.132 | AN3: 2 | AO3: Analyzing Pinecone | Calcifer is analyzing a target pinecone to assess its size. | AP3: Fully Confident | AQ3: 6.594 | AR3: 7.73 | AS3: 8.858 | AT3: 2 | AU3: Error | Calcifer is signalling to you that it is experiencing a critical error. | AV3: Very Confident | AW3: 6.301 | AX3: 7.462 | AY3: 8.692 | AZ3: 2 | BA3: Error | Calcifer is signalling to you that it is experiencing a critical error. | BB3: Very Confident | BC3: 6.77 | BD3: 8.917 | BE3: 9.568 | BF3: 2 | BG3: Waiting for Input | Calcifer is in standby mode, waiting for a command from you. | BH3: Somewhat Confident | BI3: 12.278 | BJ3: 14.422 | BK3: 15.058 | BL3: 3 | BM3: Analyzing Pinecone | Calcifer is analyzing a target pinecone to assess its size. | BN3: Fully Confident | BO3: 10.258 | BP3: 11.574 | BQ3: 12.039 | BR3: 2 | BS3: Waiting for Input | Calcifer is in standby mode, waiting for a command from you. | BT3: Not Very Confident | BU3: 16.927 | BV3: 18.072 | BW3: 19.263 | BX3: 2 | BY3: Error | Calcifer is signalling to you that it is experiencing a critical error. | BZ3: Very Confident | CA3: 10.674 | CB3: 16.263 | CC3: 16.901 | CD3: 2 | CE3: Confused | Calcifer is signalling to you that it is confused and unsure what to do. | CF3: Somewhat Confident | CG3: 7.444 | CH3: 8.334 | CI3: 9.125 | CJ3: 2 | CK3: Waiting for Input | Calcifer is in standby mode, waiting for a command from you. | CL3: Very Confident | CM3: 7.006 | CN3: 8.336 | CO3: 8.91 | CP3: 2 | CQ3: Analyzing Pinecone | Calcifer is analyzing a target pinecone to assess its size. | CR3: Fully Confident | CS3: 51.029 | CT3: 52.383 | CU3: 52.933 | CV3: 2 | CW3: Waiting for Input | Calcifer is in standby mode, waiting for a command from you. | CX3: Somewhat Confident | CY3: 21.354 | CZ3: 27.242 | DA3: 27.948 | DB3: 2 | DC3: Error | Calcifer is signalling to you that it is experiencing a critical error. | DD3: Very Confident | DE3: 8.463 | DF3: 14.501 | DG3: 20.196 | DH3: 2 | DI3: Confused | Calcifer is signalling to you that it is confused and unsure what to do. | DJ3: Very Confident | DK3: 9 | DL3: 11.236 | DM3: 11.863 | DN3: 2 | DO3: Waiting for Input | Calcifer is in standby mode, waiting for a command from you. | DP3: Very Confident | DQ3: 7.126 | DR3: 8.409 | DS3: 9.249 | DT3: 2 | DU3: Analyzing Pinecone | Calcifer is analyzing a target pinecone to assess its size. | DV3: Very Confident | DW3: 5.884 | DX3: 7.049 | DY3: 8.814 | DZ3: 2 | EA3: Found Pinecone | Calcifer is signalling to you that it has found a suitable pinecone. | EB3: Very Confident | EC3: 5.818 | ED3: 17.806 | EE3: 21.104 | EF3: 4 | EG3: Error | Calcifer is signalling to you that it is experiencing a critical error. | EH3: Somewhat Confident | EI3: 9.812 | EJ3: 24.411 | EK3: 24.908 | EL3: 7 | EM3: Confused | Calcifer is signalling to you that it is confused and unsure what to do. | EN3: Very Confident | EO3: 6.649 | EP3: 7.635 | EQ3: 8.647 | ER3: 2 | ES3: Waiting for Input | Calcifer is in standby mode, waiting for a command from you. | ET3: Somewhat Confident | EU3: 20.294 | EV3: 30.279 | EW3: 30.877 | EX3: 3 | EY3: Interacting with Pinecone | Calcifer is interacting with a target pinecone. | EZ3: Fully Confident | FA3: 7.306 | FB3: 9.861 | FC3: 10.574 | FD3: 2 | FE3: Needs Help | Calcifer is signalling to you that it needs your help. | FF3: Not Very Confident | FG3: 69.899 | FH3: 89.116 | FI3: 90.136 | FJ3: 2 | FK3: Waiting for Input | Calcifer is in standby mode, waiting for a command from you. | FL3: Very Confident | FM3: 8.533 | FN3: 11.198 | FO3: 11.937 | FP3: 2 | FQ3: Interacting with Pinecone | Calcifer is interacting with a target pinecone. | FR3: Fully Confident | FS3: 22.188 | FT3: 23.456 | FU3: 24.548 | FV3: 2 | FW3: Needs Help | Calcifer is signalling to you that it needs your help. | FX3: Not Very Confident | FY3: 8.579 | FZ3: 14.046 | GA3: 14.776 | GB3: 4 | GC3: Waiting for Input | Calcifer is in standby mode, waiting for a command from you. | GD3: Very Confident | GE3: 8.736 | GF3: 11.89 | GG3: 12.894 | GH3: 3 | GI3: Interacting with Pinecone | Calcifer is interacting with a target pinecone. | GJ3: Fully Confident | GK3: 6.149 | GL3: 7.02 | GM3: 8.861 | GN3: 2 | GO3: Needs Help | Calcifer is signalling to you that it needs your help. | GP3: Very Confident | GQ3: 44.91 | GR3: 49.554 | GS3: 50.612 | GT3: 5 | GU3: Needs Help | Calcifer is signalling to you that it needs your help. | GV3: Very Confident | GW3: 9.74 | GX3: 12.873 | GY3: 13.939 | GZ3: 2 | HA3: Interacting with Pinecone | Calcifer is interacting with a target pinecone. | HB3: Fully Confident | HC3: 8.302 | HD3: 10.009 | HE3: 12.643 | HF3: 2 | HG3: Waiting for Input | Calcifer is in standby mode, waiting for a command from you. | HH3: Not Very Confident | HI3: 10.275 | HJ3: 16.181 | HK3: 17.468 | HL3: 4 | HM3: Looking at me and not moving | HN3: Looking at me and not moving | HO3: Was crouching down to look at the pinecone | HP3: Crouching down and looking at a pinecone | HQ3: Looking at me while in front of a pinecone | HR3: Maybe a distinctive movement to get my attention | HS3: Shaking | HT3: Shaking or lying down | HU3: Tilting its head and shoulder | HV3: Tilting its head and shoulder | HX3: colleen.ogilvie@ucalgary.ca | HY3: 2 | IA3: 20
A4: 45740.72 | B4: 45740.735 | C4: IP Address | D4: 106.70.72.222 | E4: 100 | F4: 1310 | G4: True | H4: 45740.735 | I4: R_4WAuQLonzRKrSfC | N4: -37.8333 | O4: 145.2375 | P4: anonymous | Q4: EN | R4: 1 | S4: Yes | T4: Yes | U4: Yes | V4: Yes | W4: Academic (e.g. student, teacher) | X4: Dog,Fish | Y4: Nearly every day or more | Z4: Never | AA4: At least once per week | AB4: Less than once per month | AC4: Waiting for Input | Calcifer is in standby mode, waiting for a command from you. | AD4: Somewhat Confident | AE4: 8.701 | AF4: 11.013 | AG4: 11.898 | AH4: 2 | AI4: Analyzing Pinecone | Calcifer is analyzing a target pinecone to assess its size. | AJ4: Very Confident | AK4: 6.164 | AL4: 16.862 | AM4: 17.936 | AN4: 3 | AO4: Found Pinecone | Calcifer is signalling to you that it has found a suitable pinecone. | AP4: Somewhat Confident | AQ4: 10.121 | AR4: 22.819 | AS4: 24.325 | AT4: 5 | AU4: Error | Calcifer is signalling to you that it is experiencing a critical error. | AV4: Somewhat Confident | AW4: 6.797 | AX4: 8.347 | AY4: 9.368 | AZ4: 2 | BA4: Confused | Calcifer is signalling to you that it is confused and unsure what to do. | BB4: Very Confident | BC4: 14.658 | BD4: 16.894 | BE4: 17.218 | BF4: 3 | BG4: Waiting for Input | Calcifer is in standby mode, waiting for a command from you. | BH4: Not Very Confident | BI4: 11.268 | BJ4: 13.087 | BK4: 13.824 | BL4: 4 | BM4: Analyzing Pinecone | Calcifer is analyzing a target pinecone to assess its size. | BN4: Very Confident | BO4: 17.611 | BP4: 18.806 | BQ4: 19.833 | BR4: 2 | BS4: Waiting for Input | Calcifer is in standby mode, waiting for a command from you. | BT4: Somewhat Confident | BU4: 12.226 | BV4: 14.433 | BW4: 15.883 | BX4: 2 | BY4: Confused | Calcifer is signalling to you that it is confused and unsure what to do. | BZ4: Somewhat Confident | CA4: 22.498 | CB4: 30.413 | CC4: 31.655 | CD4: 4 | CE4: Error | Calcifer is signalling to you that it is experiencing a critical error. | CF4: Somewhat Confident | CG4: 9.416 | CH4: 10.911 | CI4: 11.521 | CJ4: 2 | CK4: Waiting for Input | Calcifer is in standby mode, waiting for a command from you. | CL4: Not Very Confident | CM4: 45.296 | CN4: 59.214 | CO4: 59.964 | CP4: 3 | CQ4: Analyzing Pinecone | Calcifer is analyzing a target pinecone to assess its size. | CR4: Very Confident | CS4: 14.741 | CT4: 18.647 | CU4: 18.947 | CV4: 4 | CX4: Somewhat Confident | CY4: 19.124 | CZ4: 28.621 | DA4: 30.481 | DB4: 6 | DC4: Found Pinecone | Calcifer is signalling to you that it has found a suitable pinecone. | DD4: Somewhat Confident | DE4: 47.688 | DF4: 49.097 | DG4: 50.266 | DH4: 2 | DI4: Confused | Calcifer is signalling to you that it is confused and unsure what to do. | DJ4: Somewhat Confident | DK4: 10.718 | DL4: 12.077 | DM4: 14.022 | DN4: 2 | DO4: Waiting for Input | Calcifer is in standby mode, waiting for a command from you. | DP4: Somewhat Confident | DQ4: 58.468 | DR4: 60.373 | DS4: 61.119 | DT4: 3 | DU4: Analyzing Pinecone | Calcifer is analyzing a target pinecone to assess its size. | DV4: Very Confident | DW4: 39.923 | DX4: 47.718 | DY4: 48.691 | DZ4: 4 | EA4: Confused | Calcifer is signalling to you that it is confused and unsure what to do. | EB4: Somewhat Confident | EC4: 18.674 | ED4: 20.186 | EE4: 21.273 | EF4: 2 | EG4: Error | Calcifer is signalling to you that it is experiencing a critical error. | EH4: Very Confident | EI4: 9.452 | EJ4: 14.918 | EK4: 15.62 | EL4: 3 | EM4: Error | Calcifer is signalling to you that it is experiencing a critical error. | EN4: Not Very Confident | EO4: 47.974 | EP4: 50.721 | EQ4: 51.693 | ER4: 3 | ES4: Waiting for Input | Calcifer is in standby mode, waiting for a command from you. | ET4: Somewhat Confident | EU4: 128.747 | EV4: 131.763 | EW4: 132.613 | EX4: 4 | EY4: Interacting with Pinecone | Calcifer is interacting with a target pinecone. | EZ4: Fully Confident | FA4: 8.652 | FB4: 10.275 | FC4: 10.496 | FD4: 3 | FE4: Needs Help | Calcifer is signalling to you that it needs your help. | FF4: Fully Confident | FG4: 4.39 | FH4: 8.797 | FI4: 10.472 | FJ4: 3 | FK4: Waiting for Input | Calcifer is in standby mode, waiting for a command from you. | FL4: Fully Confident | FM4: 8.127 | FN4: 8.99 | FO4: 9.45 | FP4: 2 | FQ4: Interacting with Pinecone | Calcifer is interacting with a target pinecone. | FR4: Very Confident | FS4: 12.666 | FT4: 14.68 | FU4: 15.239 | FV4: 2 | FW4: Needs Help | Calcifer is signalling to you that it needs your help. | FX4: Fully Confident | FY4: 4.428 | FZ4: 8.893 | GA4: 9.131 | GB4: 6 | GC4: Waiting for Input | Calcifer is in standby mode, waiting for a command from you. | GD4: Very Confident | GE4: 12.575 | GF4: 17.531 | GG4: 18.158 | GH4: 2 | GI4: Interacting with Pinecone | Calcifer is interacting with a target pinecone. | GJ4: Very Confident | GK4: 7.301 | GL4: 8.863 | GM4: 9.354 | GN4: 2 | GO4: Needs Help | Calcifer is signalling to you that it needs your help. | GP4: Fully Confident | GQ4: 4.382 | GR4: 6.227 | GS4: 8.698 | GT4: 2 | GU4: Waiting for Input | Calcifer is in standby mode, waiting for a command from you. | GV4: Very Confident | GW4: 8.192 | GX4: 10.185 | GY4: 10.417 | GZ4: 3 | HA4: Interacting with Pinecone | Calcifer is interacting with a target pinecone. | HB4: Fully Confident | HC4: 7.971 | HD4: 11.324 | HE4: 11.784 | HF4: 3 | HG4: Waiting for Input | Calcifer is in standby mode, waiting for a command from you. | HH4: Very Confident | HI4: 5.234 | HJ4: 9.539 | HK4: 10.054 | HL4: 2 | HM4: When the robot was still but not facing the pine cones | HN4: Point it's head up at the user | HO4: When the robot was looking down directly at the pine cone | HP4: When the robot was looking down directly at the pine cone | HQ4: When the robot was looking up from the pinecones | HR4: When the robot was looking up from the pinecones | HS4: When the robot was shaking a lot and the body tilt was not level | HT4: A lot of shaky movement, ideally pointing at the user | HU4: When the robot was tilted away from the pinecones | HV4: When the robot was tilted away from the pinecones | HY4: 2 | IA4: 12
A5: 45740.927 | B5: 45740.955 | C5: IP Address | D5: 1.145.210.32 | E5: 100 | F5: 2384 | G5: True | H5: 45740.955 | I5: R_47j7XUtfSdILY1E | N5: -37.8159 | O5: 144.9669 | P5: anonymous | Q5: EN | R5: 0.80000001 | S5: Yes | T5: Yes | U5: Yes | V5: Yes | W5: Academic (e.g. student, teacher) | X5: Cat | Y5: Nearly every day or more | Z5: Never | AA5: A few times per month | AB5: Less than once per month | AC5: Waiting for Input | Calcifer is in standby mode, waiting for a command from you. | AD5: Very Confident | AE5: 6.636 | AF5: 9.368 | AG5: 9.711 | AH5: 3 | AI5: Analyzing Pinecone | Calcifer is analyzing a target pinecone to assess its size. | AJ5: Very Confident | AK5: 5.729 | AL5: 6.657 | AM5: 8.859 | AN5: 2 | AO5: Analyzing Pinecone | Calcifer is analyzing a target pinecone to assess its size. | AP5: Very Confident | AQ5: 5.031 | AR5: 8.978 | AS5: 9.595 | AT5: 2 | AU5: Error | Calcifer is signalling to you that it is experiencing a critical error. | AV5: Somewhat Confident | AW5: 24.637 | AX5: 48.817 | AY5: 51.74 | AZ5: 3 | BA5: Error | Calcifer is signalling to you that it is experiencing a critical error. | BB5: Not Very Confident | BC5: 25.605 | BD5: 26.597 | BE5: 27.856 | BF5: 3 | BG5: Waiting for Input | Calcifer is in standby mode, waiting for a command from you. | BH5: Very Confident | BI5: 8.711 | BJ5: 10.858 | BK5: 11.408 | BL5: 2 | BM5: Analyzing Pinecone | Calcifer is analyzing a target pinecone to assess its size. | BN5: Very Confident | BO5: 5.05 | BP5: 13.986 | BQ5: 14.981 | BR5: 2 | BS5: Analyzing Pinecone | Calcifer is analyzing a target pinecone to assess its size. | BT5: Not Very Confident | BU5: 12.53 | BV5: 17.978 | BW5: 23.62 | BX5: 2 | BY5: Error | Calcifer is signalling to you that it is experiencing a critical error. | BZ5: Not Very Confident | CA5: 9.439 | CB5: 10.403 | CC5: 11.641 | CD5: 2 | CE5: Confused | Calcifer is signalling to you that it is confused and unsure what to do. | CF5: Somewhat Confident | CG5: 6.903 | CH5: 15.758 | CI5: 19.6 | CJ5: 8 | CK5: Waiting for Input | Calcifer is in standby mode, waiting for a command from you. | CL5: Very Confident | CM5: 31.07 | CN5: 32.753 | CO5: 33.097 | CP5: 3 | CQ5: Analyzing Pinecone | Calcifer is analyzing a target pinecone to assess its size. | CR5: Very Confident | CS5: 9.526 | CT5: 11.737 | CU5: 13.456 | CV5: 2 | CW5: Analyzing Pinecone | Calcifer is analyzing a target pinecone to assess its size. | CX5: Somewhat Confident | CY5: 10.98 | CZ5: 30.835 | DA5: 31.97 | DB5: 5 | DC5: Confused | Calcifer is signalling to you that it is confused and unsure what to do. | DD5: Somewhat Confident | DE5: 92.203 | DF5: 118.602 | DG5: 120.024 | DH5: 3 | DI5: Confused | Calcifer is signalling to you that it is confused and unsure what to do. | DJ5: Somewhat Confident | DK5: 13.856 | DL5: 17.888 | DM5: 21.558 | DN5: 3 | DO5: Waiting for Input | Calcifer is in standby mode, waiting for a command from you. | DP5: Very Confident | DQ5: 40.87 | DR5: 43.009 | DS5: 45.998 | DT5: 2 | DU5: Analyzing Pinecone | Calcifer is analyzing a target pinecone to assess its size. | DV5: Very Confident | DW5: 6.997 | DX5: 8.877 | DY5: 9.815 | DZ5: 2 | EA5: Found Pinecone | Calcifer is signalling to you that it has found a suitable pinecone. | EB5: Not Very Confident | EC5: 20.923 | ED5: 22.027 | EE5: 22.658 | EF5: 2 | EG5: Error | Calcifer is signalling to you that it is experiencing a critical error. | EH5: Not Very Confident | EI5: 14.647 | EJ5: 16.154 | EK5: 16.993 | EL5: 2 | EM5: Confused | Calcifer is signalling to you that it is confused and unsure what to do. | EN5: Somewhat Confident | EO5: 93.908 | EP5: 98.892 | EQ5: 100.121 | ER5: 2 | ES5: Waiting for Input | Calcifer is in standby mode, waiting for a command from you. | ET5: Very Confident | EU5: 8.909 | EV5: 10.237 | EW5: 13.347 | EX5: 2 | EY5: Interacting with Pinecone | Calcifer is interacting with a target pinecone. | EZ5: Fully Confident | FA5: 10.22 | FB5: 11.92 | FC5: 12.514 | FD5: 2 | FF5: Not Confident at All | FG5: 9.282 | FH5: 14.578 | FI5: 15.385 | FJ5: 2 | FK5: Waiting for Input | Calcifer is in standby mode, waiting for a command from you. | FL5: Somewhat Confident | FM5: 8.547 | FN5: 10.94 | FO5: 11.586 | FP5: 2 | FQ5: Interacting with Pinecone | Calcifer is interacting with a target pinecone. | FR5: Fully Confident | FS5: 5.199 | FT5: 10.495 | FU5: 11.33 | FV5: 2 | FW5: Needs Help | Calcifer is signalling to you that it needs your help. | FX5: Not Very Confident | FY5: 27.272 | FZ5: 28.284 | GA5: 29.07 | GB5: 2 | GC5: Waiting for Input | Calcifer is in standby mode, waiting for a command from you. | GD5: Not Very Confident | GE5: 28.674 | GF5: 30.481 | GG5: 32.256 | GH5: 2 | GI5: Interacting with Pinecone | Calcifer is interacting with a target pinecone. | GJ5: Fully Confident | GK5: 6.442 | GL5: 7.674 | GM5: 10 | GN5: 2 | GO5: Needs Help | Calcifer is signalling to you that it needs your help. | GP5: Somewhat Confident | GQ5: 6.913 | GR5: 8.238 | GS5: 9.407 | GT5: 2 | GU5: Needs Help | Calcifer is signalling to you that it needs your help. | GV5: Not Very Confident | GW5: 32.82 | GX5: 38.732 | GY5: 39.634 | GZ5: 2 | HA5: Interacting with Pinecone | Calcifer is interacting with a target pinecone. | HB5: Very Confident | HC5: 9.768 | HD5: 11.081 | HE5: 12.238 | HF5: 2 | HG5: Waiting for Input | Calcifer is in standby mode, waiting for a command from you. | HH5: Not Very Confident | HI5: 36.736 | HJ5: 43.332 | HK5: 46.378 | HL5: 4 | HM5: A neutral state with no motion. I usually associated this state with flat poses and a gaze either not directed at anything or directed at me, waiting for me to give a command. Generally, I was more confident assigning this state to poses that did not have any specific focus, i.e. the pine cones or camera. | HN5: I would expect a neutral pose, with no movement or extended limbs. | HO5: I found this to be the most obvious pose, indicated by the robot looking directly at the pine cones. A tilt towards the pine cones also made this more obvious. | HP5: Looking at the pine cones from close range with raised back legs and lowered front legs was an obvious indication that the robot was analyzing the pine cones. | HQ5: I didn't see many poses that I associated with this state. I think the only pose that I assigned to this group was looking upward while standing in front of the pine cones. | HR5: I would have expected the robot to face me and move its front up and down, almost like an excited dog. Alternatively, moving its gaze between me and the cones repeatedly would have indicated that it was trying to bring them to my attention. | HS5: I mostly associated this state with jittery motions, usually while looking at the camera. | HT5: I think jittery motions are a good way to convey error, possibly in a lowered stance (like a cowering animal). | HU5: I associated this state with a lopsided pose, like a shrugging shoulder. | HV5: I think the shrugging motion was effective, especially while looking at the camera. It gave the impression that the robot was asking a question. | HW5: I think that the poses are good static presentations of the states, but dynamic/repeated motions (such as the one I described for found pinecone) could have been more descriptive. Overall, I think I felt more confident with the first group of videos. It could also be helpful to view the same poses in slightly different contexts (locations, camera angles etc.) to better understand them. I'm not expecting you to make any of these changes, but just some thoughts. A few other notes: some of the videos said 'full screen unavailable', although this wasn't much of an issue. Also, a lot of the videos felt very similar and sometimes the same clip seemed to repeat a few times, not sure if that's intentional or if its randomized though. Finally, if the scenario is the same for the 2 video sets, any need to introduce it twice? It's all looking good though Liam, good luck with the final edits. | HY5: 2 | IA5: 12
A6: 45744.426 | B6: 45744.436 | C6: IP Address | D6: 120.159.76.92 | E6: 100 | F6: 810 | G6: True | H6: 45744.436 | I6: R_4pnywJ4fzDl5YOv | N6: -37.9793 | O6: 145.1297 | P6: anonymous | Q6: EN | R6: 0.5 | S6: Yes | T6: Yes | U6: Yes | V6: Yes | W6: Academic (e.g. student, teacher) | X6: Dog | Y6: Nearly every day or more | Z6: Never | AA6: Less than once per month | AB6: Less than once per month | AC6: Waiting for Input | Calcifer is in standby mode, waiting for a command from you. | AD6: Somewhat Confident | AE6: 7.968 | AF6: 9.601 | AG6: 10.591 | AH6: 2 | AI6: Found Pinecone | Calcifer is signalling to you that it has found a suitable pinecone. | AJ6: Somewhat Confident | AK6: 6.694 | AL6: 8.366 | AM6: 9.449 | AN6: 2 | AO6: Analyzing Pinecone | Calcifer is analyzing a target pinecone to assess its size. | AP6: Very Confident | AQ6: 6.351 | AR6: 11.339 | AS6: 12.26 | AT6: 2 | AU6: Error | Calcifer is signalling to you that it is experiencing a critical error. | AV6: Somewhat Confident | AW6: 6.509 | AX6: 10.23 | AY6: 11.144 | AZ6: 3 | BA6: Error | Calcifer is signalling to you that it is experiencing a critical error. | BB6: Somewhat Confident | BC6: 7.384 | BD6: 9.386 | BE6: 9.787 | BF6: 3 | BG6: Waiting for Input | Calcifer is in standby mode, waiting for a command from you. | BH6: Very Confident | BI6: 9.26 | BJ6: 12.16 | BK6: 12.863 | BL6: 2 | BM6: Analyzing Pinecone | Calcifer is analyzing a target pinecone to assess its size. | BN6: Somewhat Confident | BO6: 10.015 | BP6: 11.457 | BQ6: 13.064 | BR6: 2 | BS6: Waiting for Input | Calcifer is in standby mode, waiting for a command from you. | BT6: Not Very Confident | BU6: 7.449 | BV6: 9.972 | BW6: 10.747 | BX6: 2 | BY6: Confused | Calcifer is signalling to you that it is confused and unsure what to do. | BZ6: Not Very Confident | CA6: 15.501 | CB6: 17.5 | CC6: 18.602 | CD6: 2 | CE6: Confused | Calcifer is signalling to you that it is confused and unsure what to do. | CF6: Somewhat Confident | CG6: 6.483 | CH6: 7.884 | CI6: 9.131 | CJ6: 2 | CK6: Waiting for Input | Calcifer is in standby mode, waiting for a command from you. | CL6: Somewhat Confident | CM6: 6.458 | CN6: 8.512 | CO6: 9.273 | CP6: 2 | CQ6: Found Pinecone | Calcifer is signalling to you that it has found a suitable pinecone. | CR6: Somewhat Confident | CS6: 8.003 | CT6: 10.977 | CU6: 11.714 | CV6: 2 | CW6: Waiting for Input | Calcifer is in standby mode, waiting for a command from you. | CX6: Somewhat Confident | CY6: 6.124 | CZ6: 7.281 | DA6: 9.088 | DB6: 2 | DC6: Error | Calcifer is signalling to you that it is experiencing a critical error. | DD6: Somewhat Confident | DE6: 7.181 | DF6: 8.412 | DG6: 9.431 | DH6: 2 | DI6: Waiting for Input | Calcifer is in standby mode, waiting for a command from you. | DJ6: Somewhat Confident | DK6: 7.245 | DL6: 8.701 | DM6: 11.848 | DN6: 2 | DO6: Waiting for Input | Calcifer is in standby mode, waiting for a command from you. | DP6: Somewhat Confident | DQ6: 6.81 | DR6: 8.302 | DS6: 9.489 | DT6: 2 | DU6: Found Pinecone | Calcifer is signalling to you that it has found a suitable pinecone. | DV6: Somewhat Confident | DW6: 7.037 | DX6: 12.634 | DY6: 13.508 | DZ6: 2 | EA6: Waiting for Input | Calcifer is in standby mode, waiting for a command from you. | EB6: Somewhat Confident | EC6: 8.726 | ED6: 10.089 | EE6: 10.902 | EF6: 2 | EG6: Error | Calcifer is signalling to you that it is experiencing a critical error. | EH6: Not Very Confident | EI6: 7.558 | EJ6: 10.206 | EK6: 10.973 | EL6: 2 | EM6: Waiting for Input | Calcifer is in standby mode, waiting for a command from you. | EN6: Somewhat Confident | EO6: 8.12 | EP6: 9.47 | EQ6: 10.367 | ER6: 2 | ES6: Waiting for Input | Calcifer is in standby mode, waiting for a command from you. | ET6: Somewhat Confident | EU6: 8.336 | EV6: 9.65 | EW6: 10.483 | EX6: 2 | EY6: Interacting with Pinecone | Calcifer is interacting with a target pinecone. | EZ6: Very Confident | FA6: 8.942 | FB6: 12.161 | FC6: 13.344 | FD6: 2 | FE6: Interacting with Pinecone | Calcifer is interacting with a target pinecone. | FF6: Somewhat Confident | FG6: 7.384 | FH6: 10.338 | FI6: 11.536 | FJ6: 3 | FK6: Waiting for Input | Calcifer is in standby mode, waiting for a command from you. | FL6: Somewhat Confident | FM6: 6.013 | FN6: 7.013 | FO6: 8.97 | FP6: 2 | FQ6: Waiting for Input | Calcifer is in standby mode, waiting for a command from you. | FR6: Somewhat Confident | FS6: 12.679 | FT6: 15.04 | FU6: 18.83 | FV6: 2 | FW6: Interacting with Pinecone | Calcifer is interacting with a target pinecone. | FX6: Somewhat Confident | FY6: 19.612 | FZ6: 22.427 | GA6: 23.643 | GB6: 2 | GC6: Waiting for Input | Calcifer is in standby mode, waiting for a command from you. | GD6: Somewhat Confident | GE6: 7.842 | GF6: 8.701 | GG6: 10.311 | GH6: 2 | GI6: Interacting with Pinecone | Calcifer is interacting with a target pinecone. | GJ6: Somewhat Confident | GK6: 8.259 | GL6: 10.123 | GM6: 11.65 | GN6: 2 | GO6: Waiting for Input | Calcifer is in standby mode, waiting for a command from you. | GP6: Somewhat Confident | GQ6: 6.232 | GR6: 9.056 | GS6: 9.844 | GT6: 2 | GU6: Waiting for Input | Calcifer is in standby mode, waiting for a command from you. | GV6: Somewhat Confident | GW6: 10.388 | GX6: 11.245 | GY6: 12.594 | GZ6: 2 | HA6: Interacting with Pinecone | Calcifer is interacting with a target pinecone. | HB6: Very Confident | HC6: 7.436 | HD6: 8.711 | HE6: 9.999 | HF6: 2 | HG6: Waiting for Input | Calcifer is in standby mode, waiting for a command from you. | HH6: Somewhat Confident | HI6: 7.863 | HJ6: 10.707 | HK6: 11.646 | HL6: 2 | HM6: Standing still and looking up at me | HN6: Sitting on its back legs and looking up at me. | HO6: Starting at the pinecone. | HP6: That seemed fine. | HQ6: Bending down to stare at the pinecone | HR6: The robot should have starred at the pinecone and shaked its behind, to imitate tail wagging | HS6: Uncontrollable shaking (although I didn't understand this at first) | HT6: Lie down on its side or back | HU6: Head twisting to the side and starting at me | HV6: More prominent head twisting. Perhaps sitting down. | HW6: I think that the behaviours should be more distinct from each other. The differences are too nuanced at the moment. Also, I'm assuming a person interacting with the robot will get a manual telling them about these behaviours - "the robot will wag its tale once it achieves a task". So all you really have to do is make all of the behaviours distinct enough for a human to identify. | HX6: mor.vered@monash.edu | HY6: 2 | HZ6: three_then_five | IA6: 20
A7: 45744.431 | B7: 45744.446 | C7: IP Address | D7: 142.160.47.236 | E7: 100 | F7: 1293 | G7: True | H7: 45744.446 | I7: R_1YBwOSs3BJxnPKF | N7: 49.8221 | O7: -97.0315 | P7: anonymous | Q7: EN | R7: 1 | S7: Yes | T7: Yes | U7: Yes | V7: Yes | W7: Healthcare (e.g. doctor, nurse) | X7: Dog,Cat,Bird,Fish,Other | Y7: Nearly every day or more | Z7: Never | AA7: Never | AB7: Less than once per month | AC7: Waiting for Input | Calcifer is in standby mode, waiting for a command from you. | AD7: Somewhat Confident | AE7: 1.134 | AF7: 15.192 | AG7: 15.469 | AH7: 9 | AI7: Analyzing Pinecone | Calcifer is analyzing a target pinecone to assess its size. | AJ7: Very Confident | AK7: 13.164 | AL7: 16.185 | AM7: 16.7 | AN7: 5 | AO7: Analyzing Pinecone | Calcifer is analyzing a target pinecone to assess its size. | AP7: Very Confident | AQ7: 5.72 | AR7: 16.713 | AS7: 17.092 | AT7: 10 | AU7: Error | Calcifer is signalling to you that it is experiencing a critical error. | AV7: Somewhat Confident | AW7: 18.755 | AX7: 21.338 | AY7: 21.667 | AZ7: 6 | BA7: Found Pinecone | Calcifer is signalling to you that it has found a suitable pinecone. | BB7: Not Very Confident | BC7: 17.878 | BD7: 29.784 | BE7: 32.037 | BF7: 8 | BG7: Waiting for Input | Calcifer is in standby mode, waiting for a command from you. | BH7: Somewhat Confident | BI7: 5.69 | BJ7: 18.13 | BK7: 18.433 | BL7: 12 | BM7: Analyzing Pinecone | Calcifer is analyzing a target pinecone to assess its size. | BN7: Somewhat Confident | BO7: 2.732 | BP7: 14.732 | BQ7: 15.501 | BR7: 12 | BS7: Waiting for Input | Calcifer is in standby mode, waiting for a command from you. | BT7: Somewhat Confident | BU7: 11.42 | BV7: 31.686 | BW7: 32.198 | BX7: 13 | BY7: Found Pinecone | Calcifer is signalling to you that it has found a suitable pinecone. | BZ7: Fully Confident | CA7: 1.536 | CB7: 15.908 | CC7: 16.603 | CD7: 10 | CE7: Confused | Calcifer is signalling to you that it is confused and unsure what to do. | CF7: Somewhat Confident | CG7: 1.244 | CH7: 14.515 | CI7: 15.177 | CJ7: 8 | CK7: Waiting for Input | Calcifer is in standby mode, waiting for a command from you. | CL7: Somewhat Confident | CM7: 1.202 | CN7: 17.273 | CO7: 17.846 | CP7: 11 | CQ7: Analyzing Pinecone | Calcifer is analyzing a target pinecone to assess its size. | CR7: Somewhat Confident | CS7: 0.981 | CT7: 17.175 | CU7: 17.744 | CV7: 7 | CW7: Waiting for Input | Calcifer is in standby mode, waiting for a command from you. | CX7: Somewhat Confident | CY7: 20.708 | CZ7: 31.902 | DA7: 32.604 | DB7: 14 | DC7: Error | Calcifer is signalling to you that it is experiencing a critical error. | DD7: Very Confident | DE7: 2.352 | DF7: 15.088 | DG7: 15.696 | DH7: 8 | DI7: Confused | Calcifer is signalling to you that it is confused and unsure what to do. | DJ7: Somewhat Confident | DK7: 2.5 | DL7: 13.34 | DM7: 13.506 | DN7: 9 | DO7: Waiting for Input | Calcifer is in standby mode, waiting for a command from you. | DP7: Somewhat Confident | DQ7: 5.482 | DR7: 19.232 | DS7: 19.856 | DT7: 8 | DU7: Analyzing Pinecone | Calcifer is analyzing a target pinecone to assess its size. | DV7: Very Confident | DW7: 4.692 | DX7: 38.273 | DY7: 39.381 | DZ7: 11 | EA7: Found Pinecone | Calcifer is signalling to you that it has found a suitable pinecone. | EB7: Somewhat Confident | EC7: 6.251 | ED7: 15.479 | EE7: 15.703 | EF7: 9 | EG7: Error | Calcifer is signalling to you that it is experiencing a critical error. | EH7: Somewhat Confident | EI7: 5.766 | EJ7: 16.577 | EK7: 16.911 | EL7: 10 | EM7: Confused | Calcifer is signalling to you that it is confused and unsure what to do. | EN7: Somewhat Confident | EO7: 1.047 | EP7: 17.628 | EQ7: 18.051 | ER7: 8 | ES7: Waiting for Input | Calcifer is in standby mode, waiting for a command from you. | ET7: Somewhat Confident | EU7: 3.055 | EV7: 15.624 | EW7: 16.1 | EX7: 10 | EY7: Interacting with Pinecone | Calcifer is interacting with a target pinecone. | EZ7: Very Confident | FA7: 13.369 | FB7: 23.177 | FC7: 23.433 | FD7: 9 | FE7: Needs Help | Calcifer is signalling to you that it needs your help. | FF7: Somewhat Confident | FG7: 7.632 | FH7: 18.414 | FI7: 18.703 | FJ7: 8 | FK7: Waiting for Input | Calcifer is in standby mode, waiting for a command from you. | FL7: Very Confident | FM7: 5.256 | FN7: 16.073 | FO7: 16.306 | FP7: 6 | FQ7: Interacting with Pinecone | Calcifer is interacting with a target pinecone. | FR7: Somewhat Confident | FS7: 1.059 | FT7: 21.031 | FU7: 21.202 | FV7: 13 | FW7: Needs Help | Calcifer is signalling to you that it needs your help. | FX7: Somewhat Confident | FY7: 7.035 | FZ7: 19.132 | GA7: 19.3 | GB7: 10 | GC7: Waiting for Input | Calcifer is in standby mode, waiting for a command from you. | GD7: Somewhat Confident | GE7: 5.543 | GF7: 15.485 | GG7: 15.797 | GH7: 8 | GI7: Interacting with Pinecone | Calcifer is interacting with a target pinecone. | GJ7: Very Confident | GK7: 8.08 | GL7: 14.439 | GM7: 14.765 | GN7: 9 | GO7: Needs Help | Calcifer is signalling to you that it needs your help. | GP7: Somewhat Confident | GQ7: 3.889 | GR7: 12.046 | GS7: 12.346 | GT7: 8 | GU7: Waiting for Input | Calcifer is in standby mode, waiting for a command from you. | GV7: Somewhat Confident | GW7: 2.934 | GX7: 19.864 | GY7: 20.179 | GZ7: 10 | HA7: Interacting with Pinecone | Calcifer is interacting with a target pinecone. | HB7: Somewhat Confident | HC7: 4.536 | HD7: 13.383 | HE7: 13.6 | HF7: 8 | HG7: Waiting for Input | Calcifer is in standby mode, waiting for a command from you. | HH7: Somewhat Confident | HI7: 5.088 | HJ7: 26.162 | HK7: 26.457 | HL7: 12 | HM7: Looking up | HN7: Neutral stance, looking up | HO7: Looking down, kneeling down, | HP7: The slight head tilt while looking down was good but i think the front legs down and back legs up while looking down work | HQ7: This was much harder, looking up front legs up back legs down, a slight bum wiggle initially but later on i found that to be more looking like an error | HR7: I dont know if you can make it sit like a dog but that would work | HS7: Any shaky movement, twisting its head while neutral or looking up | HT7: Can it do all 4 legs down and basically make its belly touch the floor? Almost like a shut down state | HU7: All 4 legs up or perhaps just the front ones with its head looking up and rotated slightly is exactly how my dog does it. The little head tilt | HV7: I cant think of a better one than a slight head tilt/rotation | HW7: Several of the videos looked almost exactly the same, i had to check to make sure i was watching the right ones. I'm assuming thats part of the design of your questionnaire but may help to warn about it upfront | HY7: 2 | HZ7: five_then_three | IA7: 12
A8: 45744.433 | B8: 45744.447 | C8: IP Address | D8: 130.194.140.55 | E8: 100 | F8: 1253 | G8: True | H8: 45744.447 | I8: R_4FiDGZYwJzUN2Ux | N8: -37.9108 | O8: 145.1332 | P8: anonymous | Q8: EN | R8: 1 | S8: Yes | T8: Yes | U8: Yes | V8: Yes | W8: Academic (e.g. student, teacher) | X8: No | Y8: Nearly every day or more | Z8: Never | AA8: At least once per week | AB8: A few times per month | AC8: Waiting for Input | Calcifer is in standby mode, waiting for a command from you. | AD8: Not Very Confident | AE8: 9.134 | AF8: 10.669 | AG8: 11.289 | AH8: 2 | AI8: Found Pinecone | Calcifer is signalling to you that it has found a suitable pinecone. | AJ8: Not Very Confident | AK8: 7.828 | AL8: 14.564 | AM8: 14.895 | AN8: 7 | AO8: Found Pinecone | Calcifer is signalling to you that it has found a suitable pinecone. | AP8: Somewhat Confident | AQ8: 9.736 | AR8: 12.384 | AS8: 13.018 | AT8: 2 | AU8: Confused | Calcifer is signalling to you that it is confused and unsure what to do. | AV8: Not Very Confident | AW8: 10.225 | AX8: 12.01 | AY8: 13.211 | AZ8: 2 | BA8: Error | Calcifer is signalling to you that it is experiencing a critical error. | BB8: Not Very Confident | BC8: 12.263 | BD8: 16.856 | BE8: 17.571 | BF8: 3 | BG8: Waiting for Input | Calcifer is in standby mode, waiting for a command from you. | BH8: Not Very Confident | BI8: 9.665 | BJ8: 11.176 | BK8: 11.9 | BL8: 2 | BM8: Found Pinecone | Calcifer is signalling to you that it has found a suitable pinecone. | BN8: Somewhat Confident | BO8: 8.622 | BP8: 10.287 | BQ8: 12.25 | BR8: 2 | BS8: Confused | Calcifer is signalling to you that it is confused and unsure what to do. | BT8: Not Confident at All | BU8: 24.637 | BV8: 27.477 | BW8: 29.118 | BX8: 2 | BY8: Error | Calcifer is signalling to you that it is experiencing a critical error. | BZ8: Not Confident at All | CA8: 8.642 | CB8: 12.106 | CC8: 13.174 | CD8: 2 | CE8: Confused | Calcifer is signalling to you that it is confused and unsure what to do. | CF8: Not Confident at All | CG8: 13.819 | CH8: 15.716 | CI8: 16.543 | CJ8: 2 | CK8: Waiting for Input | Calcifer is in standby mode, waiting for a command from you. | CL8: Somewhat Confident | CM8: 5.904 | CN8: 10.321 | CO8: 10.925 | CP8: 4 | CQ8: Found Pinecone | Calcifer is signalling to you that it has found a suitable pinecone. | CR8: Somewhat Confident | CS8: 11.231 | CT8: 13.76 | CU8: 14.505 | CV8: 2 | CW8: Waiting for Input | Calcifer is in standby mode, waiting for a command from you. | CX8: Not Very Confident | CY8: 11.046 | CZ8: 12.478 | DA8: 13.177 | DB8: 2 | DC8: Waiting for Input | Calcifer is in standby mode, waiting for a command from you. | DD8: Not Very Confident | DE8: 6.619 | DF8: 10.524 | DG8: 11.286 | DH8: 3 | DI8: Confused | Calcifer is signalling to you that it is confused and unsure what to do. | DJ8: Somewhat Confident | DK8: 7.727 | DL8: 9.47 | DM8: 10.17 | DN8: 2 | DO8: Waiting for Input | Calcifer is in standby mode, waiting for a command from you. | DP8: Somewhat Confident | DQ8: 11.305 | DR8: 15.617 | DS8: 16.26 | DT8: 3 | DU8: Analyzing Pinecone | Calcifer is analyzing a target pinecone to assess its size. | DV8: Not Very Confident | DW8: 9.854 | DX8: 16.191 | DY8: 17.907 | DZ8: 4 | EA8: Waiting for Input | Calcifer is in standby mode, waiting for a command from you. | EB8: Not Very Confident | EC8: 14.872 | ED8: 16.831 | EE8: 17.698 | EF8: 2 | EG8: Waiting for Input | Calcifer is in standby mode, waiting for a command from you. | EH8: Not Very Confident | EI8: 9.244 | EJ8: 13.451 | EK8: 16.416 | EL8: 2 | EM8: Confused | Calcifer is signalling to you that it is confused and unsure what to do. | EN8: Somewhat Confident | EO8: 8.54 | EP8: 11.979 | EQ8: 12.982 | ER8: 3 | ES8: Waiting for Input | Calcifer is in standby mode, waiting for a command from you. | ET8: Very Confident | EU8: 9.284 | EV8: 10.483 | EW8: 11.126 | EX8: 2 | EY8: Interacting with Pinecone | Calcifer is interacting with a target pinecone. | EZ8: Fully Confident | FA8: 15.841 | FB8: 19.234 | FC8: 20.055 | FD8: 2 | FE8: Needs Help | Calcifer is signalling to you that it needs your help. | FF8: Not Very Confident | FG8: 11.962 | FH8: 13.978 | FI8: 16.589 | FJ8: 2 | FK8: Waiting for Input | Calcifer is in standby mode, waiting for a command from you. | FL8: Somewhat Confident | FM8: 8.415 | FN8: 11.113 | FO8: 11.835 | FP8: 2 | FQ8: Interacting with Pinecone | Calcifer is interacting with a target pinecone. | FR8: Fully Confident | FS8: 12.328 | FT8: 15.71 | FU8: 16.691 | FV8: 2 | FW8: Waiting for Input | Calcifer is in standby mode, waiting for a command from you. | FX8: Not Very Confident | FY8: 19.49 | FZ8: 27.777 | GA8: 30.036 | GB8: 4 | GC8: Waiting for Input | Calcifer is in standby mode, waiting for a command from you. | GD8: Very Confident | GE8: 9.435 | GF8: 11.172 | GG8: 11.719 | GH8: 2 | GI8: Interacting with Pinecone | Calcifer is interacting with a target pinecone. | GJ8: Very Confident | GK8: 11.315 | GL8: 13.06 | GM8: 15.957 | GN8: 2 | GO8: Waiting for Input | Calcifer is in standby mode, waiting for a command from you. | GP8: Somewhat Confident | GQ8: 12.071 | GR8: 14.975 | GS8: 16.259 | GT8: 2 | GU8: Waiting for Input | Calcifer is in standby mode, waiting for a command from you. | GV8: Somewhat Confident | GW8: 10.43 | GX8: 12.82 | GY8: 13.43 | GZ8: 2 | HA8: Interacting with Pinecone | Calcifer is interacting with a target pinecone. | HB8: Very Confident | HC8: 8.347 | HD8: 9.523 | HE8: 10.318 | HF8: 2 | HG8: Waiting for Input | Calcifer is in standby mode, waiting for a command from you. | HH8: Somewhat Confident | HI8: 9.319 | HJ8: 11.528 | HK8: 12.179 | HL8: 3 | HM8: The robot is facing towards me and staring at me, sometimes with a tilted head(or body). | HN8: Facing towards me and staring at me, like what a dog would do. | HO8: Staring at the pinecone. | HP8: Staring at the pinecone and also moving its head around to scan the pinecone. | HQ8: Staring at the pinecone. | HR8: Staring at the pinecone, then stare at me, repeat for a few time to get my attention. | HS8: Shaking? I'm not sure. | HT8: I'm not sure, maybe lay on the ground, pretending it's sick. | HU8: Tilted head/body. | HV8: Tilted head/body. | HX8: Haoyang.Jiang@monash.edu | HY8: 2 | HZ8: three_then_five | IA8: 20
A9: 45744.446 | B9: 45744.464 | C9: IP Address | D9: 24.78.128.219 | E9: 100 | F9: 1532 | G9: True | H9: 45744.464 | I9: R_7ZebeaRanGXlxv3 | N9: 49.8538 | O9: -97.2903 | P9: anonymous | Q9: EN | R9: 0.89999998 | S9: Yes | T9: Yes | U9: Yes | V9: Yes | W9: Retired | X9: No | Y9: Nearly every day or more | Z9: Never | AA9: Never | AB9: Never | AC9: Waiting for Input | Calcifer is in standby mode, waiting for a command from you. | AD9: Somewhat Confident | AE9: 10.128 | AF9: 14.851 | AG9: 16.103 | AH9: 3 | AI9: Analyzing Pinecone | Calcifer is analyzing a target pinecone to assess its size. | AJ9: Very Confident | AK9: 14.697 | AL9: 16.66 | AM9: 18.23 | AN9: 2 | AO9: Analyzing Pinecone | Calcifer is analyzing a target pinecone to assess its size. | AP9: Very Confident | AQ9: 10.843 | AR9: 12.918 | AS9: 14.626 | AT9: 2 | AU9: Confused | Calcifer is signalling to you that it is confused and unsure what to do. | AV9: Very Confident | AW9: 9.785 | AX9: 13.388 | AY9: 14.275 | AZ9: 3 | BA9: Found Pinecone | Calcifer is signalling to you that it has found a suitable pinecone. | BB9: Very Confident | BC9: 28.611 | BD9: 32.272 | BE9: 34.255 | BF9: 2 | BG9: Confused | Calcifer is signalling to you that it is confused and unsure what to do. | BH9: Somewhat Confident | BI9: 12.701 | BJ9: 14.588 | BK9: 15.681 | BL9: 2 | BM9: Analyzing Pinecone | Calcifer is analyzing a target pinecone to assess its size. | BN9: Very Confident | BO9: 11.015 | BP9: 13.381 | BQ9: 14.768 | BR9: 2 | BS9: Waiting for Input | Calcifer is in standby mode, waiting for a command from you. | BT9: Somewhat Confident | BU9: 33.142 | BV9: 35.35 | BW9: 37.283 | BX9: 2 | BY9: Error | Calcifer is signalling to you that it is experiencing a critical error. | BZ9: Not Very Confident | CA9: 18.179 | CB9: 20.694 | CC9: 22.192 | CD9: 2 | CE9: Confused | Calcifer is signalling to you that it is confused and unsure what to do. | CF9: Somewhat Confident | CG9: 15.736 | CH9: 17.624 | CI9: 18.779 | CJ9: 2 | CK9: Waiting for Input | Calcifer is in standby mode, waiting for a command from you. | CL9: Very Confident | CM9: 8.951 | CN9: 11.086 | CO9: 11.815 | CP9: 2 | CQ9: Analyzing Pinecone | Calcifer is analyzing a target pinecone to assess its size. | CR9: Very Confident | CS9: 14.05 | CT9: 15.941 | CU9: 17.121 | CV9: 2 | CW9: Waiting for Input | Calcifer is in standby mode, waiting for a command from you. | CX9: Somewhat Confident | CY9: 17.821 | CZ9: 21.203 | DA9: 22.565 | DB9: 2 | DC9: Confused | Calcifer is signalling to you that it is confused and unsure what to do. | DD9: Very Confident | DE9: 11.016 | DF9: 13.213 | DG9: 14.26 | DH9: 2 | DI9: Waiting for Input | Calcifer is in standby mode, waiting for a command from you. | DJ9: Very Confident | DK9: 11.33 | DL9: 16.571 | DM9: 17.726 | DN9: 3 | DO9: Waiting for Input | Calcifer is in standby mode, waiting for a command from you. | DP9: Fully Confident | DQ9: 13.278 | DR9: 20.427 | DS9: 23.267 | DT9: 2 | DU9: Analyzing Pinecone | Calcifer is analyzing a target pinecone to assess its size. | DV9: Very Confident | DW9: 26.923 | DX9: 31.033 | DY9: 31.935 | DZ9: 2 | EA9: Found Pinecone | Calcifer is signalling to you that it has found a suitable pinecone. | EB9: Very Confident | EC9: 22.044 | ED9: 39.094 | EE9: 41.238 | EF9: 3 | EG9: Confused | Calcifer is signalling to you that it is confused and unsure what to do. | EH9: Very Confident | EI9: 9.268 | EJ9: 12.277 | EK9: 13.098 | EL9: 2 | EM9: Waiting for Input | Calcifer is in standby mode, waiting for a command from you. | EN9: Somewhat Confident | EO9: 7.6 | EP9: 10.104 | EQ9: 11.66 | ER9: 2 | ES9: Needs Help | Calcifer is signalling to you that it needs your help. | ET9: Somewhat Confident | EU9: 9.083 | EV9: 11.227 | EW9: 12.358 | EX9: 2 | EY9: Interacting with Pinecone | Calcifer is interacting with a target pinecone. | EZ9: Somewhat Confident | FA9: 11.604 | FB9: 13.98 | FC9: 15.29 | FD9: 2 | FE9: Needs Help | Calcifer is signalling to you that it needs your help. | FF9: Very Confident | FG9: 8.499 | FH9: 11.584 | FI9: 12.75 | FJ9: 2 | FK9: Waiting for Input | Calcifer is in standby mode, waiting for a command from you. | FL9: Very Confident | FM9: 19.271 | FN9: 22.7 | FO9: 24.136 | FP9: 2 | FQ9: Interacting with Pinecone | Calcifer is interacting with a target pinecone. | FR9: Very Confident | FS9: 8.728 | FT9: 10.676 | FU9: 11.858 | FV9: 2 | FW9: Needs Help | Calcifer is signalling to you that it needs your help. | FX9: Somewhat Confident | FY9: 9.021 | FZ9: 13.268 | GA9: 14.322 | GB9: 2 | GC9: Needs Help | Calcifer is signalling to you that it needs your help. | GD9: Somewhat Confident | GE9: 6.525 | GF9: 10.916 | GG9: 12.356 | GH9: 3 | GI9: Interacting with Pinecone | Calcifer is interacting with a target pinecone. | GJ9: Very Confident | GK9: 7.719 | GL9: 9.252 | GM9: 10.623 | GN9: 2 | GO9: Waiting for Input | Calcifer is in standby mode, waiting for a command from you. | GP9: Very Confident | GQ9: 9.032 | GR9: 10.965 | GS9: 11.915 | GT9: 2 | GU9: Needs Help | Calcifer is signalling to you that it needs your help. | GV9: Somewhat Confident | GW9: 12.157 | GX9: 14.606 | GY9: 15.502 | GZ9: 2 | HA9: Interacting with Pinecone | Calcifer is interacting with a target pinecone. | HB9: Very Confident | HC9: 11.695 | HD9: 14.243 | HE9: 15.375 | HF9: 2 | HG9: Waiting for Input | Calcifer is in standby mode, waiting for a command from you. | HH9: Very Confident | HI9: 8.14 | HJ9: 10.866 | HK9: 11.845 | HL9: 2 | HM9: Standing away from pine cone and looking up | HN9: Maybe put a paw out in front | HO9: Looking intently at the cone | HP9: Look intently and put rear legs down | HQ9: Standing over the pinecone looking down | HR9: Look at the pinecone and then up at you | HS9: Standing away from pinecone and body shakng | HT9: Laydown on it's side | HU9: Looking up and shaking | HV9: Standing away from pinecone and looking up and shaking body | HW9: Sometimes the robot's actions were similar and confusing which of the options were being considered | HX9: jayeshmaniar@gmail,com | HY9: 2 | HZ9: five_then_three | IA9: 12
A10: 45744.497 | B10: 45744.51 | C10: IP Address | D10: 130.194.140.112 | E10: 100 | F10: 1087 | G10: True | H10: 45744.51 | I10: R_97ucJYqNpZNTKi5 | N10: -37.9108 | O10: 145.1332 | P10: anonymous | Q10: EN | R10: 0.89999998 | S10: Yes | T10: Yes | U10: Yes | V10: Yes | W10: Academic (e.g. student, teacher) | X10: Dog,Cat | Y10: Nearly every day or more | Z10: Less than once per month | AA10: Less than once per month | AB10: Never | AC10: Waiting for Input | Calcifer is in standby mode, waiting for a command from you. | AD10: Very Confident | AE10: 7.233 | AF10: 9.432 | AG10: 10.089 | AH10: 2 | AI10: Analyzing Pinecone | Calcifer is analyzing a target pinecone to assess its size. | AJ10: Very Confident | AK10: 6.552 | AL10: 8.688 | AM10: 9.719 | AN10: 2 | AO10: Analyzing Pinecone | Calcifer is analyzing a target pinecone to assess its size. | AP10: Very Confident | AQ10: 8.162 | AR10: 11.227 | AS10: 11.89 | AT10: 2 | AU10: Error | Calcifer is signalling to you that it is experiencing a critical error. | AV10: Very Confident | AW10: 5.694 | AX10: 8.831 | AY10: 10.268 | AZ10: 2 | BA10: Found Pinecone | Calcifer is signalling to you that it has found a suitable pinecone. | BB10: Very Confident | BC10: 13.344 | BD10: 21.927 | BE10: 22.655 | BF10: 4 | BG10: Waiting for Input | Calcifer is in standby mode, waiting for a command from you. | BH10: Very Confident | BI10: 5.709 | BJ10: 7.093 | BK10: 8.773 | BL10: 2 | BM10: Analyzing Pinecone | Calcifer is analyzing a target pinecone to assess its size. | BN10: Very Confident | BO10: 7.077 | BP10: 13.437 | BQ10: 14.366 | BR10: 2 | BS10: Confused | Calcifer is signalling to you that it is confused and unsure what to do. | BT10: Somewhat Confident | BU10: 35.619 | BV10: 37.579 | BW10: 38.218 | BX10: 2 | BY10: Found Pinecone | Calcifer is signalling to you that it has found a suitable pinecone. | BZ10: Very Confident | CA10: 8.702 | CB10: 10.918 | CC10: 13.469 | CD10: 3 | CE10: Confused | Calcifer is signalling to you that it is confused and unsure what to do. | CF10: Somewhat Confident | CG10: 14.187 | CH10: 15.866 | CI10: 16.745 | CJ10: 2 | CK10: Waiting for Input | Calcifer is in standby mode, waiting for a command from you. | CL10: Very Confident | CM10: 6.362 | CN10: 10.994 | CO10: 11.77 | CP10: 2 | CQ10: Found Pinecone | Calcifer is signalling to you that it has found a suitable pinecone. | CR10: Very Confident | CS10: 8.102 | CT10: 11.71 | CU10: 12.478 | CV10: 2 | CX10: Somewhat Confident | CY10: 20.57 | CZ10: 22.562 | DA10: 24.355 | DB10: 2 | DC10: Waiting for Input | Calcifer is in standby mode, waiting for a command from you. | DD10: Somewhat Confident | DE10: 37.871 | DF10: 51.151 | DG10: 51.766 | DH10: 4 | DI10: Found Pinecone | Calcifer is signalling to you that it has found a suitable pinecone. | DJ10: Somewhat Confident | DK10: 15.581 | DL10: 19.013 | DM10: 19.653 | DN10: 3 | DO10: Waiting for Input | Calcifer is in standby mode, waiting for a command from you. | DP10: Very Confident | DQ10: 5.638 | DR10: 7.046 | DS10: 8.749 | DT10: 2 | DU10: Analyzing Pinecone | Calcifer is analyzing a target pinecone to assess its size. | DV10: Very Confident | DW10: 12.22 | DX10: 14.636 | DY10: 15.179 | DZ10: 2 | EA10: Found Pinecone | Calcifer is signalling to you that it has found a suitable pinecone. | EB10: Very Confident | EC10: 15.935 | ED10: 23.671 | EE10: 24.27 | EF10: 2 | EG10: Waiting for Input | Calcifer is in standby mode, waiting for a command from you. | EH10: Very Confident | EI10: 7.351 | EJ10: 8.935 | EK10: 9.535 | EL10: 2 | EM10: Found Pinecone | Calcifer is signalling to you that it has found a suitable pinecone. | EN10: Somewhat Confident | EO10: 8.737 | EP10: 15.593 | EQ10: 16.345 | ER10: 3 | ES10: Waiting for Input | Calcifer is in standby mode, waiting for a command from you. | ET10: Very Confident | EU10: 10.067 | EV10: 12.579 | EW10: 13.494 | EX10: 2 | EY10: Interacting with Pinecone | Calcifer is interacting with a target pinecone. | EZ10: Very Confident | FA10: 11.037 | FB10: 13.533 | FC10: 14.141 | FD10: 2 | FE10: Needs Help | Calcifer is signalling to you that it needs your help. | FF10: Very Confident | FG10: 18.413 | FH10: 50.205 | FI10: 50.924 | FJ10: 3 | FK10: Needs Help | Calcifer is signalling to you that it needs your help. | FL10: Somewhat Confident | FM10: 14.747 | FN10: 17.363 | FO10: 18.034 | FP10: 4 | FQ10: Interacting with Pinecone | Calcifer is interacting with a target pinecone. | FR10: Somewhat Confident | FS10: 24.128 | FT10: 35.44 | FU10: 36.064 | FV10: 5 | FW10: Needs Help | Calcifer is signalling to you that it needs your help. | FX10: Very Confident | FY10: 10.114 | FZ10: 13.644 | GA10: 13.865 | GB10: 3 | GC10: Needs Help | Calcifer is signalling to you that it needs your help. | GD10: Very Confident | GE10: 8.437 | GF10: 14.093 | GG10: 15.229 | GH10: 2 | GI10: Interacting with Pinecone | Calcifer is interacting with a target pinecone. | GJ10: Very Confident | GK10: 6.139 | GL10: 8.811 | GM10: 9.147 | GN10: 3 | GO10: Needs Help | Calcifer is signalling to you that it needs your help. | GP10: Very Confident | GQ10: 18.028 | GR10: 20.196 | GS10: 20.827 | GT10: 2 | GU10: Waiting for Input | Calcifer is in standby mode, waiting for a command from you. | GV10: Very Confident | GW10: 8.595 | GX10: 10.851 | GY10: 11.673 | GZ10: 2 | HA10: Interacting with Pinecone | Calcifer is interacting with a target pinecone. | HB10: Very Confident | HC10: 10.079 | HD10: 12.999 | HE10: 13.727 | HF10: 2 | HG10: Needs Help | Calcifer is signalling to you that it needs your help. | HH10: Somewhat Confident | HI10: 12.609 | HJ10: 22.025 | HK10: 22.68 | HL10: 3 | HM10: lower body and holding position | HN10: look at me and stay still | HO10: look at pinecone and stay still | HP10: look at pinecone and stay still | HQ10: Look at the pinecone and tail shaking | HR10: Look at the pinecone and tail shaking | HS10: shaking weridly | HT10: unexpected movement like it is faulty | HU10: maybe shaking horizontally? | HV10: maybe shaking horizontally? | HY10: 2 | HZ10: three_then_five | IA10: 20
A11: 45744.538 | B11: 45744.564 | C11: IP Address | D11: 70.72.194.78 | E11: 100 | F11: 2192 | G11: True | H11: 45744.564 | I11: R_3lI0e6W07dTDGmZ | N11: 51.0927 | O11: -114.2017 | P11: anonymous | Q11: EN | R11: 1 | S11: Yes | T11: Yes | U11: Yes | V11: Yes | W11: Engineering (e.g. design, consulting) | X11: No | Y11: Nearly every day or more | Z11: Never | AA11: A few times per month | AB11: Less than once per month | AC11: Waiting for Input | Calcifer is in standby mode, waiting for a command from you. | AD11: Very Confident | AE11: 6.769 | AF11: 9.061 | AG11: 9.747 | AH11: 2 | AI11: Analyzing Pinecone | Calcifer is analyzing a target pinecone to assess its size. | AJ11: Very Confident | AK11: 6.7 | AL11: 7.876 | AM11: 8.893 | AN11: 2 | AO11: Analyzing Pinecone | Calcifer is analyzing a target pinecone to assess its size. | AP11: Very Confident | AQ11: 17.9 | AR11: 37.317 | AS11: 38.102 | AT11: 2 | AU11: Error | Calcifer is signalling to you that it is experiencing a critical error. | AV11: Very Confident | AW11: 4.887 | AX11: 7.669 | AY11: 9.231 | AZ11: 2 | BA11: Error | Calcifer is signalling to you that it is experiencing a critical error. | BB11: Very Confident | BC11: 9.037 | BD11: 11.383 | BE11: 12.805 | BF11: 3 | BG11: Waiting for Input | Calcifer is in standby mode, waiting for a command from you. | BH11: Very Confident | BI11: 8.301 | BJ11: 10.821 | BK11: 11.42 | BL11: 2 | BM11: Analyzing Pinecone | Calcifer is analyzing a target pinecone to assess its size. | BN11: Very Confident | BO11: 7.095 | BP11: 11.549 | BQ11: 12.168 | BR11: 3 | BS11: Waiting for Input | Calcifer is in standby mode, waiting for a command from you. | BT11: Very Confident | BU11: 10.9 | BV11: 15.482 | BW11: 16.135 | BX11: 2 | BY11: Error | Calcifer is signalling to you that it is experiencing a critical error. | BZ11: Very Confident | CA11: 9.202 | CB11: 11.654 | CC11: 12.373 | CD11: 2 | CE11: Confused | Calcifer is signalling to you that it is confused and unsure what to do. | CF11: Very Confident | CG11: 5.577 | CH11: 6.551 | CI11: 8.841 | CJ11: 2 | CK11: Waiting for Input | Calcifer is in standby mode, waiting for a command from you. | CL11: Very Confident | CM11: 1.817 | CN11: 38.98 | CO11: 39.604 | CP11: 4 | CQ11: Analyzing Pinecone | Calcifer is analyzing a target pinecone to assess its size. | CR11: Very Confident | CS11: 8.681 | CT11: 12.849 | CU11: 13.754 | CV11: 2 | CW11: Waiting for Input | Calcifer is in standby mode, waiting for a command from you. | CX11: Very Confident | CY11: 6.016 | CZ11: 9.015 | DA11: 9.67 | DB11: 2 | DC11: Error | Calcifer is signalling to you that it is experiencing a critical error. | DD11: Not Very Confident | DE11: 16.622 | DF11: 25.017 | DG11: 25.66 | DH11: 3 | DI11: Confused | Calcifer is signalling to you that it is confused and unsure what to do. | DJ11: Very Confident | DK11: 27.128 | DL11: 29.842 | DM11: 38.835 | DN11: 2 | DO11: Waiting for Input | Calcifer is in standby mode, waiting for a command from you. | DP11: Very Confident | DQ11: 6.804 | DR11: 10.113 | DS11: 10.536 | DT11: 2 | DU11: Analyzing Pinecone | Calcifer is analyzing a target pinecone to assess its size. | DV11: Very Confident | DW11: 13.647 | DX11: 42.213 | DY11: 44.373 | DZ11: 2 | EA11: Found Pinecone | Calcifer is signalling to you that it has found a suitable pinecone. | EB11: Very Confident | EC11: 9.938 | ED11: 12.624 | EE11: 15.429 | EF11: 2 | EG11: Error | Calcifer is signalling to you that it is experiencing a critical error. | EH11: Very Confident | EI11: 10.641 | EJ11: 39.534 | EK11: 40.394 | EL11: 3 | EM11: Confused | Calcifer is signalling to you that it is confused and unsure what to do. | EN11: Very Confident | EO11: 8.534 | EP11: 9.193 | EQ11: 10.09 | ER11: 2 | ES11: Waiting for Input | Calcifer is in standby mode, waiting for a command from you. | ET11: Very Confident | EU11: 4.242 | EV11: 10.386 | EW11: 10.773 | EX11: 3 | EY11: Interacting with Pinecone | Calcifer is interacting with a target pinecone. | EZ11: Very Confident | FA11: 4.958 | FB11: 10.432 | FC11: 11.081 | FD11: 2 | FE11: Needs Help | Calcifer is signalling to you that it needs your help. | FF11: Very Confident | FG11: 7.068 | FH11: 13.495 | FI11: 16.448 | FJ11: 3 | FK11: Waiting for Input | Calcifer is in standby mode, waiting for a command from you. | FL11: Very Confident | FM11: 4.778 | FN11: 7.758 | FO11: 8.781 | FP11: 2 | FQ11: Needs Help | Calcifer is signalling to you that it needs your help. | FR11: Somewhat Confident | FS11: 19.031 | FT11: 21.965 | FU11: 23.949 | FV11: 2 | FW11: Needs Help | Calcifer is signalling to you that it needs your help. | FX11: Very Confident | FY11: 5.454 | FZ11: 11.368 | GA11: 12.233 | GB11: 2 | GC11: Waiting for Input | Calcifer is in standby mode, waiting for a command from you. | GD11: Very Confident | GE11: 5.197 | GF11: 11.425 | GG11: 12.129 | GH11: 2 | GI11: Needs Help | Calcifer is signalling to you that it needs your help. | GJ11: Very Confident | GK11: 15.567 | GL11: 18.563 | GM11: 19.736 | GN11: 3 | GO11: Needs Help | Calcifer is signalling to you that it needs your help. | GP11: Very Confident | GQ11: 6.696 | GR11: 9.538 | GS11: 10.205 | GT11: 2 | GU11: Waiting for Input | Calcifer is in standby mode, waiting for a command from you. | GV11: Very Confident | GW11: 4.634 | GX11: 11.631 | GY11: 20.167 | GZ11: 2 | HA11: Interacting with Pinecone | Calcifer is interacting with a target pinecone. | HB11: Very Confident | HC11: 6.575 | HD11: 8.795 | HE11: 9.442 | HF11: 2 | HH11: Very Confident | HI11: 15.053 | HJ11: 16.094 | HK11: 16.874 | HL11: 2 | HM11: Staying still and looking at me through its camera | HN11: I think it expresses pretty clearly that it is waiting for input. | HO11: looking at pinecones with a nose-down motion | HP11: The nose-down motion express well its intention. | HQ11: Staying still and looking at the sky. | HR11: I think looking up while staying still is clear enough. | HS11: Shaking its body. | HT11: The shaking motion expresses well that the robot is experiencing some kind of problems. (I am not sure it is within your research scope, but a little concern is that this motion may consume unnecessary energy) | HU11: Slightly tilting it body. | HV11: I am concerned that tilting the robot's body may cause confusion if the tilt angle is not clearly noticeable, especially when the robot is on sloped terrain (e.g., a mountain). It would be better if the robot could rotate its head (though I'm not sure if it can), so that the user can clearly see the head tilted relative to the body. | HW11: I am not sure if your research scope is just constrained to interaction with body motions. If it is not, adding other method may greatly increase the robot's communication skills (e.g., lights, sounds, texts...). | HX11: chanhong.park1@ucalgary.ca | HY11: 2 | HZ11: five_then_three | IA11: 12
A12: 45744.652 | B12: 45744.658 | C12: IP Address | D12: 130.194.132.91 | E12: 100 | F12: 576 | G12: True | H12: 45744.658 | I12: R_4Lok5ssaQvc3QwO | N12: -37.8964 | O12: 145.0799 | P12: anonymous | Q12: EN | R12: 0.89999998 | S12: Yes | T12: Yes | U12: Yes | V12: Yes | W12: Academic (e.g. student, teacher) | X12: Cat | Y12: Nearly every day or more | Z12: Less than once per month | AA12: A few times per month | AB12: A few times per month | AC12: Waiting for Input | Calcifer is in standby mode, waiting for a command from you. | AD12: Somewhat Confident | AE12: 9.414 | AF12: 12.094 | AG12: 12.961 | AH12: 2 | AI12: Analyzing Pinecone | Calcifer is analyzing a target pinecone to assess its size. | AJ12: Somewhat Confident | AK12: 4.814 | AL12: 11.159 | AM12: 11.874 | AN12: 2 | AO12: Analyzing Pinecone | Calcifer is analyzing a target pinecone to assess its size. | AP12: Somewhat Confident | AQ12: 4.798 | AR12: 9.71 | AS12: 10.544 | AT12: 2 | AU12: Error | Calcifer is signalling to you that it is experiencing a critical error. | AV12: Not Very Confident | AW12: 5.44 | AX12: 6.992 | AY12: 8.651 | AZ12: 2 | BA12: Error | Calcifer is signalling to you that it is experiencing a critical error. | BB12: Not Very Confident | BC12: 7.779 | BD12: 9.86 | BE12: 10.782 | BF12: 2 | BG12: Waiting for Input | Calcifer is in standby mode, waiting for a command from you. | BH12: Somewhat Confident | BI12: 4.458 | BJ12: 11.146 | BK12: 12.052 | BL12: 2 | BM12: Analyzing Pinecone | Calcifer is analyzing a target pinecone to assess its size. | BN12: Somewhat Confident | BO12: 6.1 | BP12: 9.939 | BQ12: 11.865 | BR12: 4 | BS12: Waiting for Input | Calcifer is in standby mode, waiting for a command from you. | BT12: Not Very Confident | BU12: 5.502 | BV12: 8.374 | BW12: 10.313 | BX12: 2 | BY12: Confused | Calcifer is signalling to you that it is confused and unsure what to do. | BZ12: Not Very Confident | CA12: 8.474 | CB12: 9.386 | CC12: 10.182 | CD12: 2 | CE12: Waiting for Input | Calcifer is in standby mode, waiting for a command from you. | CF12: Not Very Confident | CG12: 5.099 | CH12: 7.299 | CI12: 9 | CJ12: 2 | CK12: Waiting for Input | Calcifer is in standby mode, waiting for a command from you. | CL12: Not Very Confident | CM12: 4.197 | CN12: 7.741 | CO12: 8.768 | CP12: 2 | CQ12: Analyzing Pinecone | Calcifer is analyzing a target pinecone to assess its size. | CR12: Somewhat Confident | CS12: 2.709 | CT12: 8.069 | CU12: 8.791 | CV12: 3 | CW12: Waiting for Input | Calcifer is in standby mode, waiting for a command from you. | CX12: Not Very Confident | CY12: 5.124 | CZ12: 8.477 | DA12: 8.815 | DB12: 3 | DC12: Waiting for Input | Calcifer is in standby mode, waiting for a command from you. | DD12: Not Very Confident | DE12: 4.312 | DF12: 10.8 | DG12: 11.58 | DH12: 2 | DI12: Waiting for Input | Calcifer is in standby mode, waiting for a command from you. | DJ12: Not Very Confident | DK12: 4.689 | DL12: 11.984 | DM12: 12.731 | DN12: 2 | DO12: Waiting for Input | Calcifer is in standby mode, waiting for a command from you. | DP12: Not Very Confident | DQ12: 4.737 | DR12: 12.929 | DS12: 13.54 | DT12: 2 | DU12: Analyzing Pinecone | Calcifer is analyzing a target pinecone to assess its size. | DV12: Not Very Confident | DW12: 4.949 | DX12: 10.405 | DY12: 11.44 | DZ12: 2 | EA12: Waiting for Input | Calcifer is in standby mode, waiting for a command from you. | EB12: Not Very Confident | EC12: 6.473 | ED12: 10.641 | EE12: 11.659 | EF12: 2 | EG12: Waiting for Input | Calcifer is in standby mode, waiting for a command from you. | EH12: Not Very Confident | EI12: 8.249 | EJ12: 11.449 | EK12: 12.396 | EL12: 2 | EM12: Waiting for Input | Calcifer is in standby mode, waiting for a command from you. | EN12: Not Very Confident | EO12: 6.211 | EP12: 11.947 | EQ12: 12.743 | ER12: 3 | ES12: Waiting for Input | Calcifer is in standby mode, waiting for a command from you. | ET12: Somewhat Confident | EU12: 4.602 | EV12: 8.457 | EW12: 10.805 | EX12: 2 | EY12: Interacting with Pinecone | Calcifer is interacting with a target pinecone. | EZ12: Not Very Confident | FA12: 4.559 | FB12: 10.319 | FC12: 11.458 | FD12: 2 | FE12: Waiting for Input | Calcifer is in standby mode, waiting for a command from you. | FF12: Not Very Confident | FG12: 9.475 | FH12: 10.675 | FI12: 11.8 | FJ12: 2 | FK12: Waiting for Input | Calcifer is in standby mode, waiting for a command from you. | FL12: Not Very Confident | FM12: 1.666 | FN12: 18.058 | FO12: 18.741 | FP12: 3 | FQ12: Interacting with Pinecone | Calcifer is interacting with a target pinecone. | FR12: Very Confident | FS12: 5.595 | FT12: 6.714 | FU12: 11.45 | FV12: 2 | FW12: Needs Help | Calcifer is signalling to you that it needs your help. | FX12: Somewhat Confident | FY12: 9.601 | FZ12: 11.953 | GA12: 13.076 | GB12: 3 | GC12: Waiting for Input | Calcifer is in standby mode, waiting for a command from you. | GD12: Somewhat Confident | GE12: 5.259 | GF12: 9.155 | GG12: 9.806 | GH12: 4 | GI12: Interacting with Pinecone | Calcifer is interacting with a target pinecone. | GJ12: Not Very Confident | GK12: 8.069 | GL12: 12.813 | GM12: 13.752 | GN12: 2 | GO12: Needs Help | Calcifer is signalling to you that it needs your help. | GP12: Somewhat Confident | GQ12: 5.725 | GR12: 8.35 | GS12: 10.721 | GT12: 2 | GU12: Waiting for Input | Calcifer is in standby mode, waiting for a command from you. | GV12: Somewhat Confident | GW12: 4.939 | GX12: 11.531 | GY12: 12.149 | GZ12: 3 | HA12: Interacting with Pinecone | Calcifer is interacting with a target pinecone. | HB12: Somewhat Confident | HC12: 6.327 | HD12: 14.575 | HE12: 15.274 | HF12: 2 | HG12: Needs Help | Calcifer is signalling to you that it needs your help. | HH12: Somewhat Confident | HI12: 6.628 | HJ12: 7.508 | HK12: 9.151 | HL12: 2 | HM12: Looking at me, with a titled head | HN12: Look at me with, titled head | HO12: Lean down and look at pine cone | HP12: Lean down and look at pine cone | HQ12: Did not see that state | HR12: Stare and move, so it is not looking like analysis | HS12: Robot legs looking shakey | HT12: Robot legs looking shakey | HU12: Staring at the ground, without a pinecone. | HV12: Not sure | HY12: 2 | HZ12: three_then_five | IA12: 20
A13: 45744.66 | B13: 45744.671 | C13: IP Address | D13: 103.131.13.253 | E13: 100 | F13: 945 | G13: True | H13: 45744.671 | I13: R_9O6ipay435q2PNT | N13: -37.8159 | O13: 144.9669 | P13: anonymous | Q13: EN | R13: 0.89999998 | S13: Yes | T13: Yes | U13: Yes | V13: Yes | W13: Engineering (e.g. design, consulting) | X13: Dog | Y13: Nearly every day or more | Z13: A few times per month | AA13: A few times per month | AB13: Less than once per month | AC13: Analyzing Pinecone | Calcifer is analyzing a target pinecone to assess its size. | AD13: Very Confident | AE13: 14.761 | AF13: 16.764 | AG13: 17.521 | AH13: 2 | AI13: Found Pinecone | Calcifer is signalling to you that it has found a suitable pinecone. | AJ13: Very Confident | AK13: 8.891 | AL13: 10.106 | AM13: 11.349 | AN13: 2 | AO13: Analyzing Pinecone | Calcifer is analyzing a target pinecone to assess its size. | AP13: Very Confident | AQ13: 11.223 | AR13: 13.562 | AS13: 13.921 | AT13: 3 | AU13: Error | Calcifer is signalling to you that it is experiencing a critical error. | AV13: Somewhat Confident | AW13: 12.981 | AX13: 16.357 | AY13: 17.399 | AZ13: 3 | BA13: Error | Calcifer is signalling to you that it is experiencing a critical error. | BB13: Very Confident | BC13: 8.855 | BD13: 10.035 | BE13: 10.818 | BF13: 2 | BG13: Waiting for Input | Calcifer is in standby mode, waiting for a command from you. | BH13: Very Confident | BI13: 11.278 | BJ13: 14.281 | BK13: 15.546 | BL13: 3 | BM13: Found Pinecone | Calcifer is signalling to you that it has found a suitable pinecone. | BN13: Very Confident | BO13: 9.027 | BP13: 14.799 | BQ13: 16.088 | BR13: 2 | BS13: Waiting for Input | Calcifer is in standby mode, waiting for a command from you. | BT13: Very Confident | BU13: 4.303 | BV13: 11.999 | BW13: 12.653 | BX13: 3 | BY13: Error | Calcifer is signalling to you that it is experiencing a critical error. | BZ13: Somewhat Confident | CA13: 9.65 | CB13: 10.606 | CC13: 11.535 | CD13: 2 | CE13: Analyzing Pinecone | Calcifer is analyzing a target pinecone to assess its size. | CF13: Fully Confident | CG13: 10.866 | CH13: 16.095 | CI13: 17.183 | CJ13: 3 | CK13: Waiting for Input | Calcifer is in standby mode, waiting for a command from you. | CL13: Very Confident | CM13: 10.799 | CN13: 12.488 | CO13: 13.809 | CP13: 2 | CQ13: Analyzing Pinecone | Calcifer is analyzing a target pinecone to assess its size. | CR13: Very Confident | CS13: 8.965 | CT13: 10.316 | CU13: 11.098 | CV13: 2 | CW13: Waiting for Input | Calcifer is in standby mode, waiting for a command from you. | CX13: Very Confident | CY13: 4.87 | CZ13: 13.883 | DA13: 15.239 | DB13: 4 | DC13: Found Pinecone | Calcifer is signalling to you that it has found a suitable pinecone. | DD13: Very Confident | DE13: 29.506 | DF13: 30.686 | DG13: 31.751 | DH13: 2 | DI13: Confused | Calcifer is signalling to you that it is confused and unsure what to do. | DJ13: Very Confident | DK13: 12.16 | DL13: 13.645 | DM13: 14.8 | DN13: 2 | DO13: Waiting for Input | Calcifer is in standby mode, waiting for a command from you. | DP13: Very Confident | DQ13: 6.956 | DR13: 10.357 | DS13: 11.564 | DT13: 2 | DU13: Analyzing Pinecone | Calcifer is analyzing a target pinecone to assess its size. | DV13: Very Confident | DW13: 6.636 | DX13: 8.991 | DY13: 9.66 | DZ13: 3 | EA13: Found Pinecone | Calcifer is signalling to you that it has found a suitable pinecone. | EB13: Very Confident | EC13: 11.433 | ED13: 14.448 | EE13: 15.6 | EF13: 4 | EG13: Confused | Calcifer is signalling to you that it is confused and unsure what to do. | EH13: Fully Confident | EI13: 13.38 | EJ13: 15.236 | EK13: 17.201 | EL13: 2 | EM13: Confused | Calcifer is signalling to you that it is confused and unsure what to do. | EN13: Somewhat Confident | EO13: 11.618 | EP13: 13.125 | EQ13: 14.203 | ER13: 2 | ET13: Very Confident | EU13: 18.204 | EV13: 20.713 | EW13: 21.09 | EX13: 4 | EY13: Interacting with Pinecone | Calcifer is interacting with a target pinecone. | EZ13: Fully Confident | FA13: 9.741 | FB13: 10.74 | FC13: 11.364 | FD13: 2 | FE13: Needs Help | Calcifer is signalling to you that it needs your help. | FF13: Somewhat Confident | FG13: 11.751 | FH13: 13.642 | FI13: 14.572 | FJ13: 2 | FK13: Waiting for Input | Calcifer is in standby mode, waiting for a command from you. | FL13: Fully Confident | FM13: 10.678 | FN13: 13.761 | FO13: 14.683 | FP13: 2 | FQ13: Interacting with Pinecone | Calcifer is interacting with a target pinecone. | FR13: Fully Confident | FS13: 11.246 | FT13: 13.429 | FU13: 14.347 | FV13: 2 | FW13: Needs Help | Calcifer is signalling to you that it needs your help. | FX13: Fully Confident | FY13: 10.009 | FZ13: 11.768 | GA13: 12.479 | GB13: 2 | GC13: Waiting for Input | Calcifer is in standby mode, waiting for a command from you. | GD13: Fully Confident | GE13: 10.442 | GF13: 13.434 | GG13: 14.296 | GH13: 2 | GI13: Interacting with Pinecone | Calcifer is interacting with a target pinecone. | GJ13: Fully Confident | GK13: 9.178 | GL13: 12.664 | GM13: 13.481 | GN13: 3 | GP13: Very Confident | GQ13: 41.387 | GR13: 43.739 | GS13: 44.836 | GT13: 2 | GU13: Waiting for Input | Calcifer is in standby mode, waiting for a command from you. | GV13: Fully Confident | GW13: 11.849 | GX13: 13.525 | GY13: 14.779 | GZ13: 2 | HA13: Interacting with Pinecone | Calcifer is interacting with a target pinecone. | HB13: Very Confident | HC13: 12.453 | HD13: 13.869 | HE13: 15.023 | HF13: 2 | HG13: Needs Help | Calcifer is signalling to you that it needs your help. | HH13: Very Confident | HI13: 11.028 | HJ13: 12.389 | HK13: 13.127 | HL13: 2 | HM13: Sit and stay still | HN13: Sit and stay still | HO13: getting closer to the ground | HP13: Getting closer to the ground, with some movement for scanning | HQ13: Shaking happily | HR13: Shaking happily, turning around | HS13: irregular movements | HT13: irregular and inconsistent movements | HU13: Rotating the head | HV13: rotating the head and looking for help | HY13: 2 | HZ13: three_then_five | IA13: 20
A14: 45744.68 | B14: 45744.701 | C14: IP Address | D14: 49.127.56.42 | E14: 100 | F14: 1813 | G14: True | H14: 45744.701 | I14: R_9xK75PTULFqYo7N | N14: -37.9279 | O14: 145.177 | P14: anonymous | Q14: EN | R14: 1 | S14: Yes | T14: Yes | U14: Yes | V14: Yes | W14: Engineering (e.g. design, consulting) | X14: Dog,Fish | Y14: Nearly every day or more | Z14: Never | AA14: A few times per month | AB14: Less than once per month | AC14: Waiting for Input | Calcifer is in standby mode, waiting for a command from you. | AD14: Somewhat Confident | AE14: 9.053 | AF14: 11.024 | AG14: 11.95 | AH14: 2 | AI14: Analyzing Pinecone | Calcifer is analyzing a target pinecone to assess its size. | AJ14: Very Confident | AK14: 10.221 | AL14: 12.375 | AM14: 13.263 | AN14: 2 | AO14: Analyzing Pinecone | Calcifer is analyzing a target pinecone to assess its size. | AP14: Very Confident | AQ14: 5.432 | AR14: 8.389 | AS14: 10.68 | AT14: 2 | AU14: Error | Calcifer is signalling to you that it is experiencing a critical error. | AV14: Very Confident | AW14: 97.293 | AX14: 102.898 | AY14: 108.479 | AZ14: 2 | BA14: Error | Calcifer is signalling to you that it is experiencing a critical error. | BB14: Very Confident | BC14: 8.097 | BD14: 9.508 | BE14: 11.804 | BF14: 2 | BG14: Waiting for Input | Calcifer is in standby mode, waiting for a command from you. | BH14: Somewhat Confident | BI14: 7.197 | BJ14: 10.205 | BK14: 11.4 | BL14: 2 | BM14: Analyzing Pinecone | Calcifer is analyzing a target pinecone to assess its size. | BN14: Very Confident | BO14: 14.845 | BP14: 17.172 | BQ14: 18.94 | BR14: 2 | BS14: Waiting for Input | Calcifer is in standby mode, waiting for a command from you. | BT14: Somewhat Confident | BU14: 12.957 | BV14: 16.821 | BW14: 41.315 | BX14: 2 | BY14: Error | Calcifer is signalling to you that it is experiencing a critical error. | BZ14: Very Confident | CA14: 6.983 | CB14: 9.577 | CC14: 11.656 | CD14: 2 | CE14: Confused | Calcifer is signalling to you that it is confused and unsure what to do. | CF14: Very Confident | CG14: 10.062 | CH14: 14.168 | CI14: 21.445 | CJ14: 3 | CK14: Waiting for Input | Calcifer is in standby mode, waiting for a command from you. | CL14: Fully Confident | CM14: 36.239 | CN14: 55.262 | CO14: 56.975 | CP14: 2 | CQ14: Analyzing Pinecone | Calcifer is analyzing a target pinecone to assess its size. | CR14: Very Confident | CS14: 12.603 | CT14: 14.501 | CU14: 15.379 | CV14: 2 | CW14: Waiting for Input | Calcifer is in standby mode, waiting for a command from you. | CX14: Somewhat Confident | CY14: 16.798 | CZ14: 19.602 | DA14: 26.062 | DB14: 2 | DC14: Error | Calcifer is signalling to you that it is experiencing a critical error. | DD14: Somewhat Confident | DE14: 11.826 | DF14: 30.001 | DG14: 34.399 | DH14: 2 | DI14: Confused | Calcifer is signalling to you that it is confused and unsure what to do. | DJ14: Very Confident | DK14: 9.953 | DL14: 13.312 | DM14: 20.137 | DN14: 2 | DO14: Waiting for Input | Calcifer is in standby mode, waiting for a command from you. | DP14: Somewhat Confident | DQ14: 10.659 | DR14: 12.449 | DS14: 14.901 | DT14: 2 | DU14: Analyzing Pinecone | Calcifer is analyzing a target pinecone to assess its size. | DV14: Somewhat Confident | DW14: 9.485 | DX14: 12.127 | DY14: 13.606 | DZ14: 2 | EA14: Found Pinecone | Calcifer is signalling to you that it has found a suitable pinecone. | EB14: Very Confident | EC14: 11.127 | ED14: 13.386 | EE14: 19.603 | EF14: 2 | EG14: Error | Calcifer is signalling to you that it is experiencing a critical error. | EH14: Somewhat Confident | EI14: 13.577 | EJ14: 14.537 | EK14: 17.063 | EL14: 2 | EM14: Confused | Calcifer is signalling to you that it is confused and unsure what to do. | EN14: Very Confident | EO14: 11.082 | EP14: 17.755 | EQ14: 22.807 | ER14: 2 | ES14: Waiting for Input | Calcifer is in standby mode, waiting for a command from you. | ET14: Very Confident | EU14: 9.198 | EV14: 11.273 | EW14: 15.378 | EX14: 2 | EY14: Interacting with Pinecone | Calcifer is interacting with a target pinecone. | EZ14: Very Confident | FA14: 4.851 | FB14: 7.842 | FC14: 9.12 | FD14: 2 | FE14: Needs Help | Calcifer is signalling to you that it needs your help. | FF14: Very Confident | FG14: 6.444 | FH14: 9.064 | FI14: 11.203 | FJ14: 2 | FK14: Waiting for Input | Calcifer is in standby mode, waiting for a command from you. | FL14: Very Confident | FM14: 4.64 | FN14: 7.409 | FO14: 10.406 | FP14: 2 | FQ14: Interacting with Pinecone | Calcifer is interacting with a target pinecone. | FR14: Very Confident | FS14: 5.855 | FT14: 7.583 | FU14: 10.02 | FV14: 2 | FW14: Needs Help | Calcifer is signalling to you that it needs your help. | FX14: Very Confident | FY14: 6.952 | FZ14: 8.616 | GA14: 9.887 | GB14: 2 | GC14: Waiting for Input | Calcifer is in standby mode, waiting for a command from you. | GD14: Very Confident | GE14: 6.277 | GF14: 8.594 | GG14: 9.715 | GH14: 2 | GI14: Interacting with Pinecone | Calcifer is interacting with a target pinecone. | GJ14: Very Confident | GK14: 6.57 | GL14: 8.776 | GM14: 10.385 | GN14: 2 | GO14: Needs Help | Calcifer is signalling to you that it needs your help. | GP14: Very Confident | GQ14: 4.742 | GR14: 6.794 | GS14: 9.038 | GT14: 2 | GU14: Waiting for Input | Calcifer is in standby mode, waiting for a command from you. | GV14: Very Confident | GW14: 5.582 | GX14: 7.162 | GY14: 9.416 | GZ14: 2 | HA14: Interacting with Pinecone | Calcifer is interacting with a target pinecone. | HB14: Very Confident | HC14: 5.838 | HD14: 7.344 | HE14: 10.378 | HF14: 2 | HG14: Waiting for Input | Calcifer is in standby mode, waiting for a command from you. | HH14: Somewhat Confident | HI14: 11.25 | HJ14: 32.75 | HK14: 34.064 | HL14: 3 | HM14: sitting / looking up, looking at me, not moving | HN14: (sitting / looking up OR looking at me) AND (not moving) | HO14: Looking directly at the pinecone. Smooth movements or not moving, tilted body | HP14: Looking directly at the pinecone. Smooth movements or not moving | HQ14: sitting / looking up, facing towards pinecone, not moving | HR14: sitting / looking up AND facing towards pinecone AND not moving | HS14: shaking motion | HT14: The shaking motion is very clear, but also unnerving. Maybe sleeping would be better | HU14: tilted body | HV14: tilted body | HW14: the motions are very cute! I really like your research topic | HX14: Brandon.Johns@monash.edu | HY14: 2 | HZ14: five_then_three | IA14: 12
A15: 45745.033 | B15: 45745.071 | C15: IP Address | D15: 24.77.26.184 | E15: 100 | F15: 3297 | G15: True | H15: 45745.072 | I15: R_1BbowJglfXTJpOP | N15: 49.7851 | O15: -97.2117 | P15: anonymous | Q15: EN | R15: 1 | S15: Yes | T15: Yes | U15: Yes | V15: Yes | W15: Energy (e.g. renewables) | X15: Dog | Y15: Nearly every day or more | Z15: Less than once per month | AA15: Never | AB15: Never | AC15: Waiting for Input | Calcifer is in standby mode, waiting for a command from you. | AD15: Very Confident | AE15: 33.768 | AF15: 40.88 | AG15: 41.474 | AH15: 5 | AI15: Analyzing Pinecone | Calcifer is analyzing a target pinecone to assess its size. | AJ15: Very Confident | AK15: 24.068 | AL15: 79.795 | AM15: 81.673 | AN15: 6 | AO15: Found Pinecone | Calcifer is signalling to you that it has found a suitable pinecone. | AP15: Very Confident | AQ15: 30.753 | AR15: 68.215 | AS15: 69.657 | AT15: 9 | AU15: Found Pinecone | Calcifer is signalling to you that it has found a suitable pinecone. | AV15: Very Confident | AW15: 29.817 | AX15: 38.861 | AY15: 43.229 | AZ15: 6 | BA15: Error | Calcifer is signalling to you that it is experiencing a critical error. | BB15: Somewhat Confident | BC15: 26.364 | BD15: 39.041 | BE15: 39.582 | BF15: 6 | BG15: Waiting for Input | Calcifer is in standby mode, waiting for a command from you. | BH15: Somewhat Confident | BI15: 20.608 | BJ15: 24.271 | BK15: 25.081 | BL15: 5 | BM15: Found Pinecone | Calcifer is signalling to you that it has found a suitable pinecone. | BN15: Fully Confident | BO15: 21.323 | BP15: 28.605 | BQ15: 29.109 | BR15: 6 | BS15: Confused | Calcifer is signalling to you that it is confused and unsure what to do. | BT15: Somewhat Confident | BU15: 40.434 | BV15: 69.251 | BW15: 69.677 | BX15: 6 | BY15: Found Pinecone | Calcifer is signalling to you that it has found a suitable pinecone. | BZ15: Very Confident | CA15: 17.21 | CB15: 38.122 | CC15: 38.7 | CD15: 5 | CE15: Confused | Calcifer is signalling to you that it is confused and unsure what to do. | CF15: Very Confident | CG15: 33.175 | CH15: 36.817 | CI15: 41.294 | CJ15: 5 | CK15: Waiting for Input | Calcifer is in standby mode, waiting for a command from you. | CL15: Not Very Confident | CM15: 28.071 | CN15: 126.399 | CO15: 126.88 | CP15: 18 | CQ15: Analyzing Pinecone | Calcifer is analyzing a target pinecone to assess its size. | CR15: Very Confident | CS15: 15.523 | CT15: 25.078 | CU15: 25.689 | CV15: 7 | CW15: Confused | Calcifer is signalling to you that it is confused and unsure what to do. | CX15: Somewhat Confident | CY15: 23.537 | CZ15: 50.986 | DA15: 52.701 | DB15: 15 | DC15: Confused | Calcifer is signalling to you that it is confused and unsure what to do. | DD15: Somewhat Confident | DE15: 34.16 | DF15: 42.266 | DG15: 42.689 | DH15: 6 | DI15: Waiting for Input | Calcifer is in standby mode, waiting for a command from you. | DJ15: Very Confident | DK15: 43.339 | DL15: 48.206 | DM15: 48.681 | DN15: 4 | DO15: Confused | Calcifer is signalling to you that it is confused and unsure what to do. | DP15: Somewhat Confident | DQ15: 29.339 | DR15: 36.852 | DS15: 37.701 | DT15: 5 | DU15: Found Pinecone | Calcifer is signalling to you that it has found a suitable pinecone. | DV15: Fully Confident | DW15: 14.624 | DX15: 23.102 | DY15: 23.601 | DZ15: 6 | EA15: Waiting for Input | Calcifer is in standby mode, waiting for a command from you. | EB15: Very Confident | EC15: 33.707 | ED15: 56.546 | EE15: 58.455 | EF15: 11 | EG15: Confused | Calcifer is signalling to you that it is confused and unsure what to do. | EH15: Somewhat Confident | EI15: 18.644 | EJ15: 88.596 | EK15: 89.101 | EL15: 12 | EM15: Confused | Calcifer is signalling to you that it is confused and unsure what to do. | EN15: Very Confident | EO15: 18.574 | EP15: 56.821 | EQ15: 57.201 | ER15: 13 | ES15: Waiting for Input | Calcifer is in standby mode, waiting for a command from you. | ET15: Fully Confident | EU15: 27.037 | EV15: 34.98 | EW15: 37.297 | EX15: 6 | EY15: Needs Help | Calcifer is signalling to you that it needs your help. | EZ15: Fully Confident | FA15: 19.441 | FB15: 34.044 | FC15: 35.496 | FD15: 9 | FE15: Interacting with Pinecone | Calcifer is interacting with a target pinecone. | FF15: Very Confident | FG15: 19.486 | FH15: 26.171 | FI15: 27.067 | FJ15: 5 | FK15: Waiting for Input | Calcifer is in standby mode, waiting for a command from you. | FL15: Fully Confident | FM15: 21.722 | FN15: 33.099 | FO15: 33.524 | FP15: 6 | FQ15: Needs Help | Calcifer is signalling to you that it needs your help. | FR15: Fully Confident | FS15: 13.347 | FT15: 19.864 | FU15: 21.6 | FV15: 5 | FW15: Interacting with Pinecone | Calcifer is interacting with a target pinecone. | FX15: Very Confident | FY15: 38.504 | FZ15: 68.938 | GA15: 70.665 | GB15: 9 | GC15: Waiting for Input | Calcifer is in standby mode, waiting for a command from you. | GD15: Fully Confident | GE15: 25.926 | GF15: 57.362 | GG15: 62.277 | GH15: 10 | GI15: Interacting with Pinecone | Calcifer is interacting with a target pinecone. | GJ15: Very Confident | GK15: 13.763 | GL15: 27.19 | GM15: 28.48 | GN15: 6 | GO15: Waiting for Input | Calcifer is in standby mode, waiting for a command from you. | GP15: Very Confident | GQ15: 22.131 | GR15: 26.076 | GS15: 27.86 | GT15: 5 | GU15: Waiting for Input | Calcifer is in standby mode, waiting for a command from you. | GV15: Fully Confident | GW15: 12.38 | GX15: 37.78 | GY15: 38.865 | GZ15: 7 | HA15: Needs Help | Calcifer is signalling to you that it needs your help. | HB15: Fully Confident | HC15: 34.525 | HD15: 104.162 | HE15: 105.063 | HF15: 20 | HG15: Needs Help | Calcifer is signalling to you that it needs your help. | HH15: Fully Confident | HI15: 3.223 | HJ15: 117.272 | HK15: 118.704 | HL15: 11 | HM15: Sit up and look at you | HN15: Sit and lookup at you | HO15: Looking at pinecone with scanning movement to analyze pinecone | HP15: Scan pinecone in side to side and up and down movement | HQ15: Looking down and dropping front in direction of pinecone | HR15: Touch or get very close to the pinecone with downward head movement | HS15: Possible Tilting to the side | HT15: Same state of tilt on whole body | HU15: With the tilt of the head to one side while sitting | HV15: Same. Tilting of head standing or sitting. | HY15: 2 | HZ15: three_then_five | IA15: 20
A16: 45745.5 | B16: 45745.513 | C16: IP Address | D16: 104.28.124.11 | E16: 100 | F16: 1143 | G16: True | H16: 45745.513 | I16: R_3sgLX1JHHcY8Mr7 | N16: 51.0406 | O16: -114.0764 | P16: anonymous | Q16: EN | R16: 0.89999998 | S16: Yes | T16: Yes | U16: Yes | V16: Yes | W16: Engineering (e.g. design, consulting) | X16: Dog | Y16: Nearly every day or more | Z16: Never | AA16: Never | AB16: Never | AC16: Waiting for Input | Calcifer is in standby mode, waiting for a command from you. | AD16: Fully Confident | AE16: 1.146 | AF16: 10.4 | AG16: 11.141 | AH16: 5 | AI16: Analyzing Pinecone | Calcifer is analyzing a target pinecone to assess its size. | AJ16: Fully Confident | AK16: 1.097 | AL16: 15.828 | AM16: 16.744 | AN16: 7 | AO16: Analyzing Pinecone | Calcifer is analyzing a target pinecone to assess its size. | AP16: Fully Confident | AQ16: 0.952 | AR16: 18.831 | AS16: 19.671 | AT16: 7 | AU16: Error | Calcifer is signalling to you that it is experiencing a critical error. | AV16: Very Confident | AW16: 1.38 | AX16: 16.078 | AY16: 16.743 | AZ16: 7 | BA16: Error | Calcifer is signalling to you that it is experiencing a critical error. | BB16: Somewhat Confident | BC16: 0.997 | BD16: 22.856 | BE16: 23.601 | BF16: 8 | BG16: Waiting for Input | Calcifer is in standby mode, waiting for a command from you. | BH16: Fully Confident | BI16: 1.08 | BJ16: 15.957 | BK16: 17.089 | BL16: 9 | BM16: Analyzing Pinecone | Calcifer is analyzing a target pinecone to assess its size. | BN16: Fully Confident | BO16: 0.989 | BP16: 14.599 | BQ16: 15.101 | BR16: 6 | BT16: Not Very Confident | BU16: 1.025 | BV16: 23.288 | BW16: 24.005 | BX16: 8 | BZ16: Not Very Confident | CA16: 11.086 | CB16: 83.67 | CC16: 84.44 | CD16: 16 | CE16: Confused | Calcifer is signalling to you that it is confused and unsure what to do. | CF16: Somewhat Confident | CG16: 1.231 | CH16: 17.531 | CI16: 18.226 | CJ16: 6 | CK16: Waiting for Input | Calcifer is in standby mode, waiting for a command from you. | CL16: Very Confident | CM16: 7.124 | CN16: 18.938 | CO16: 19.992 | CP16: 8 | CQ16: Analyzing Pinecone | Calcifer is analyzing a target pinecone to assess its size. | CR16: Fully Confident | CS16: 0.982 | CT16: 15.977 | CU16: 16.605 | CV16: 8 | CX16: Not Very Confident | CY16: 1.11 | CZ16: 19.053 | DA16: 19.809 | DB16: 9 | DC16: Confused | Calcifer is signalling to you that it is confused and unsure what to do. | DD16: Somewhat Confident | DE16: 0.894 | DF16: 13.597 | DG16: 14.162 | DH16: 10 | DI16: Confused | Calcifer is signalling to you that it is confused and unsure what to do. | DJ16: Very Confident | DK16: 1.066 | DL16: 14.883 | DM16: 15.614 | DN16: 8 | DO16: Waiting for Input | Calcifer is in standby mode, waiting for a command from you. | DP16: Somewhat Confident | DQ16: 1.192 | DR16: 26.078 | DS16: 26.941 | DT16: 9 | DU16: Analyzing Pinecone | Calcifer is analyzing a target pinecone to assess its size. | DV16: Fully Confident | DW16: 0.957 | DX16: 16.628 | DY16: 17.301 | DZ16: 9 | EA16: Found Pinecone | Calcifer is signalling to you that it has found a suitable pinecone. | EB16: Not Very Confident | EC16: 3.344 | ED16: 53.342 | EE16: 54.027 | EF16: 11 | EG16: Error | Calcifer is signalling to you that it is experiencing a critical error. | EH16: Somewhat Confident | EI16: 1.19 | EJ16: 16.82 | EK16: 17.654 | EL16: 7 | EM16: Confused | Calcifer is signalling to you that it is confused and unsure what to do. | EN16: Fully Confident | EO16: 1.134 | EP16: 12.429 | EQ16: 13.335 | ER16: 6 | ES16: Waiting for Input | Calcifer is in standby mode, waiting for a command from you. | ET16: Fully Confident | EU16: 1.052 | EV16: 12.566 | EW16: 13.08 | EX16: 6 | EY16: Interacting with Pinecone | Calcifer is interacting with a target pinecone. | EZ16: Fully Confident | FA16: 0.975 | FB16: 10.669 | FC16: 11.098 | FD16: 7 | FE16: Needs Help | Calcifer is signalling to you that it needs your help. | FF16: Fully Confident | FG16: 2.523 | FH16: 10.391 | FI16: 11.169 | FJ16: 10 | FK16: Waiting for Input | Calcifer is in standby mode, waiting for a command from you. | FL16: Fully Confident | FM16: 1.124 | FN16: 11.393 | FO16: 12.101 | FP16: 8 | FQ16: Interacting with Pinecone | Calcifer is interacting with a target pinecone. | FR16: Fully Confident | FS16: 0.999 | FT16: 13.685 | FU16: 14.181 | FV16: 7 | FW16: Needs Help | Calcifer is signalling to you that it needs your help. | FX16: Fully Confident | FY16: 1.016 | FZ16: 13.159 | GA16: 13.701 | GB16: 7 | GC16: Waiting for Input | Calcifer is in standby mode, waiting for a command from you. | GD16: Fully Confident | GE16: 0.969 | GF16: 9.647 | GG16: 10.243 | GH16: 8 | GI16: Interacting with Pinecone | Calcifer is interacting with a target pinecone. | GJ16: Fully Confident | GK16: 1.377 | GL16: 16.105 | GM16: 16.881 | GN16: 9 | GO16: Needs Help | Calcifer is signalling to you that it needs your help. | GP16: Fully Confident | GQ16: 5.014 | GR16: 16.405 | GS16: 17.161 | GT16: 6 | GU16: Waiting for Input | Calcifer is in standby mode, waiting for a command from you. | GV16: Fully Confident | GW16: 0.866 | GX16: 11.212 | GY16: 11.678 | GZ16: 8 | HA16: Interacting with Pinecone | Calcifer is interacting with a target pinecone. | HB16: Fully Confident | HC16: 0.942 | HD16: 10.266 | HE16: 10.601 | HF16: 9 | HG16: Interacting with Pinecone | Calcifer is interacting with a target pinecone. | HH16: Very Confident | HI16: 0.903 | HJ16: 14.732 | HK16: 15.261 | HL16: 9 | HM16: Stillness, looking directly at me | HN16: What he expressed made sense to me | HO16: Crouching down, looking at pinecone | HP16: Maybe some more movement? I found it difficult to know when he was analysing vs signalling. | HQ16: I couldn’t tell the difference between analyzing and is indicating a found pine cone. | HR16: I guess the crouching down but still? | HS16: When he was shaking | HT16: I think that made sense | HU16: When he titled his head/body | HV16: Also made sense to me | HY16: 2 | HZ16: five_then_three | IA16: 12
A17: 45745.773 | B17: 45745.789 | C17: IP Address | D17: 116.255.54.37 | E17: 100 | F17: 1325 | G17: True | H17: 45745.789 | I17: R_9QFzKQ2hsgJFdSx | N17: -37.8351 | O17: 145.1285 | P17: anonymous | Q17: EN | R17: 0.69999999 | S17: Yes | T17: Yes | U17: Yes | V17: Yes | W17: Engineering (e.g. design, consulting) | X17: Fish | Y17: Nearly every day or more | Z17: Never | AA17: A few times per month | AB17: Less than once per month | AC17: Waiting for Input | Calcifer is in standby mode, waiting for a command from you. | AD17: Very Confident | AE17: 8.789 | AF17: 9.956 | AG17: 10.504 | AH17: 2 | AI17: Analyzing Pinecone | Calcifer is analyzing a target pinecone to assess its size. | AJ17: Fully Confident | AK17: 4.015 | AL17: 5.054 | AM17: 8.712 | AN17: 2 | AO17: Analyzing Pinecone | Calcifer is analyzing a target pinecone to assess its size. | AP17: Very Confident | AQ17: 6.137 | AR17: 9.098 | AS17: 9.554 | AT17: 4 | AU17: Error | Calcifer is signalling to you that it is experiencing a critical error. | AV17: Very Confident | AW17: 4.814 | AX17: 6.302 | AY17: 8.787 | AZ17: 3 | BA17: Error | Calcifer is signalling to you that it is experiencing a critical error. | BB17: Fully Confident | BC17: 11.306 | BD17: 12.901 | BE17: 13.483 | BF17: 3 | BG17: Waiting for Input | Calcifer is in standby mode, waiting for a command from you. | BH17: Fully Confident | BI17: 6.612 | BJ17: 9.603 | BK17: 10.298 | BL17: 4 | BM17: Analyzing Pinecone | Calcifer is analyzing a target pinecone to assess its size. | BN17: Very Confident | BO17: 5.918 | BP17: 7.312 | BQ17: 8.677 | BR17: 3 | BS17: Analyzing Pinecone | Calcifer is analyzing a target pinecone to assess its size. | BT17: Somewhat Confident | BU17: 15.076 | BV17: 17.504 | BW17: 17.786 | BX17: 3 | BY17: Error | Calcifer is signalling to you that it is experiencing a critical error. | BZ17: Very Confident | CA17: 5.594 | CB17: 7.806 | CC17: 8.641 | CD17: 6 | CE17: Confused | Calcifer is signalling to you that it is confused and unsure what to do. | CF17: Very Confident | CG17: 5.492 | CH17: 6.892 | CI17: 8.764 | CJ17: 3 | CK17: Waiting for Input | Calcifer is in standby mode, waiting for a command from you. | CL17: Fully Confident | CM17: 10.3 | CN17: 12.831 | CO17: 13.385 | CP17: 3 | CQ17: Analyzing Pinecone | Calcifer is analyzing a target pinecone to assess its size. | CR17: Somewhat Confident | CS17: 23.112 | CT17: 282.489 | CU17: 283.497 | CV17: 2 | CW17: Analyzing Pinecone | Calcifer is analyzing a target pinecone to assess its size. | CX17: Fully Confident | CY17: 4.137 | CZ17: 5.897 | DA17: 8.65 | DB17: 2 | DC17: Error | Calcifer is signalling to you that it is experiencing a critical error. | DD17: Very Confident | DE17: 6.278 | DF17: 7.469 | DG17: 8.575 | DH17: 2 | DI17: Confused | Calcifer is signalling to you that it is confused and unsure what to do. | DJ17: Fully Confident | DK17: 100.305 | DL17: 102.442 | DM17: 103.28 | DN17: 3 | DO17: Waiting for Input | Calcifer is in standby mode, waiting for a command from you. | DP17: Fully Confident | DQ17: 8.661 | DR17: 10.091 | DS17: 10.445 | DT17: 3 | DU17: Analyzing Pinecone | Calcifer is analyzing a target pinecone to assess its size. | DV17: Fully Confident | DW17: 8.702 | DX17: 10.135 | DY17: 10.666 | DZ17: 3 | EA17: Found Pinecone | Calcifer is signalling to you that it has found a suitable pinecone. | EB17: Somewhat Confident | EC17: 6.475 | ED17: 8.545 | EE17: 9.105 | EF17: 3 | EG17: Error | Calcifer is signalling to you that it is experiencing a critical error. | EH17: Fully Confident | EI17: 6.674 | EJ17: 7.89 | EK17: 8.7 | EL17: 2 | EM17: Confused | Calcifer is signalling to you that it is confused and unsure what to do. | EN17: Fully Confident | EO17: 7.492 | EP17: 9.097 | EQ17: 9.563 | ER17: 2 | ES17: Waiting for Input | Calcifer is in standby mode, waiting for a command from you. | ET17: Somewhat Confident | EU17: 8.056 | EV17: 12.831 | EW17: 13.531 | EX17: 5 | EY17: Interacting with Pinecone | Calcifer is interacting with a target pinecone. | EZ17: Fully Confident | FA17: 4.725 | FB17: 5.98 | FC17: 9.382 | FD17: 2 | FE17: Needs Help | Calcifer is signalling to you that it needs your help. | FF17: Fully Confident | FG17: 10.599 | FH17: 15.473 | FI17: 16.378 | FJ17: 4 | FK17: Waiting for Input | Calcifer is in standby mode, waiting for a command from you. | FL17: Fully Confident | FM17: 6.473 | FN17: 7.706 | FO17: 8.884 | FP17: 2 | FQ17: Interacting with Pinecone | Calcifer is interacting with a target pinecone. | FR17: Fully Confident | FS17: 6.484 | FT17: 9.739 | FU17: 10.472 | FV17: 2 | FW17: Needs Help | Calcifer is signalling to you that it needs your help. | FX17: Very Confident | FY17: 5.727 | FZ17: 7.869 | GA17: 9.552 | GB17: 2 | GC17: Waiting for Input | Calcifer is in standby mode, waiting for a command from you. | GD17: Fully Confident | GE17: 6.07 | GF17: 7.516 | GG17: 8.696 | GH17: 2 | GI17: Interacting with Pinecone | Calcifer is interacting with a target pinecone. | GJ17: Fully Confident | GK17: 5.58 | GL17: 7.075 | GM17: 8.682 | GN17: 2 | GO17: Needs Help | Calcifer is signalling to you that it needs your help. | GP17: Somewhat Confident | GQ17: 18.051 | GR17: 19.652 | GS17: 20.346 | GT17: 2 | GU17: Waiting for Input | Calcifer is in standby mode, waiting for a command from you. | GV17: Very Confident | GW17: 18.302 | GX17: 19.264 | GY17: 19.772 | GZ17: 2 | HA17: Interacting with Pinecone | Calcifer is interacting with a target pinecone. | HB17: Fully Confident | HC17: 5.204 | HD17: 6.284 | HE17: 8.7 | HF17: 2 | HG17: Needs Help | Calcifer is signalling to you that it needs your help. | HH17: Not Very Confident | HI17: 331.015 | HJ17: 333.05 | HK17: 334.22 | HL17: 3 | HM17: Looking at the user | HN17: Looking at the user, not shaking, flat not tilted | HO17: Looking at the ground, tilting body | HP17: Looking at the ground, tilting body | HQ17: Looking at the ground, flat | HR17: Looking at the ground, flat | HS17: Shaking motion looking at the user | HT17: Shaking motion looking at the user | HU17: Looking at the user head tilted | HV17: Looking at the user head tilted | HX17: tsam0009@student.monash.edu | HY17: 2 | HZ17: three_then_five | IA17: 20
A18: 45746.248 | B18: 45746.268 | C18: IP Address | D18: 68.146.22.107 | E18: 100 | F18: 1768 | G18: True | H18: 45746.268 | I18: R_56oyO4Os4M6bCJb | N18: 51.0455 | O18: -114.1988 | P18: anonymous | Q18: EN | R18: 0.40000001 | S18: Yes | T18: Yes | U18: Yes | V18: Yes | W18: Technology (e.g. app developer) | X18: Dog,Cat,Rabbit,Fish | Y18: Nearly every day or more | Z18: Never | AA18: Never | AB18: Never | AC18: Error | Calcifer is signalling to you that it is experiencing a critical error. | AD18: Somewhat Confident | AE18: 20.757 | AF18: 21.901 | AG18: 22.593 | AH18: 2 | AI18: Analyzing Pinecone | Calcifer is analyzing a target pinecone to assess its size. | AJ18: Very Confident | AK18: 9.318 | AL18: 13.183 | AM18: 13.979 | AN18: 2 | AO18: Analyzing Pinecone | Calcifer is analyzing a target pinecone to assess its size. | AP18: Somewhat Confident | AQ18: 12.727 | AR18: 16.758 | AS18: 17.451 | AT18: 2 | AU18: Error | Calcifer is signalling to you that it is experiencing a critical error. | AV18: Very Confident | AW18: 17.059 | AX18: 20.427 | AY18: 21.5 | AZ18: 2 | BA18: Found Pinecone | Calcifer is signalling to you that it has found a suitable pinecone. | BB18: Very Confident | BC18: 12.522 | BD18: 14.343 | BE18: 15.468 | BF18: 2 | BG18: Confused | Calcifer is signalling to you that it is confused and unsure what to do. | BH18: Somewhat Confident | BI18: 22.982 | BJ18: 24.421 | BK18: 25.339 | BL18: 2 | BM18: Found Pinecone | Calcifer is signalling to you that it has found a suitable pinecone. | BN18: Somewhat Confident | BO18: 11.861 | BP18: 13.941 | BQ18: 15.257 | BR18: 2 | BT18: Somewhat Confident | BU18: 16.611 | BV18: 19.611 | BW18: 20.448 | BX18: 3 | BY18: Found Pinecone | Calcifer is signalling to you that it has found a suitable pinecone. | BZ18: Very Confident | CA18: 18.075 | CB18: 20.187 | CC18: 21.591 | CD18: 2 | CE18: Error | Calcifer is signalling to you that it is experiencing a critical error. | CF18: Somewhat Confident | CG18: 18.018 | CH18: 19.587 | CI18: 20.375 | CJ18: 2 | CK18: Confused | Calcifer is signalling to you that it is confused and unsure what to do. | CL18: Somewhat Confident | CM18: 30.509 | CN18: 32.63 | CO18: 33.635 | CP18: 2 | CQ18: Analyzing Pinecone | Calcifer is analyzing a target pinecone to assess its size. | CR18: Very Confident | CS18: 14.122 | CT18: 15.45 | CU18: 16.239 | CV18: 2 | CX18: Somewhat Confident | CY18: 4.937 | CZ18: 25.939 | DA18: 27.039 | DB18: 3 | DC18: Waiting for Input | Calcifer is in standby mode, waiting for a command from you. | DD18: Very Confident | DE18: 30.075 | DF18: 41.547 | DG18: 42.848 | DH18: 2 | DI18: Confused | Calcifer is signalling to you that it is confused and unsure what to do. | DJ18: Very Confident | DK18: 15.923 | DL18: 17.147 | DM18: 17.792 | DN18: 2 | DO18: Confused | Calcifer is signalling to you that it is confused and unsure what to do. | DP18: Somewhat Confident | DQ18: 14.597 | DR18: 15.733 | DS18: 16.713 | DT18: 2 | DU18: Found Pinecone | Calcifer is signalling to you that it has found a suitable pinecone. | DV18: Somewhat Confident | DW18: 12.611 | DX18: 15.698 | DY18: 16.447 | DZ18: 2 | EA18: Found Pinecone | Calcifer is signalling to you that it has found a suitable pinecone. | EB18: Somewhat Confident | EC18: 21.379 | ED18: 23.027 | EE18: 24.376 | EF18: 2 | EG18: Waiting for Input | Calcifer is in standby mode, waiting for a command from you. | EH18: Very Confident | EI18: 9.472 | EJ18: 11.592 | EK18: 12.374 | EL18: 2 | EM18: Confused | Calcifer is signalling to you that it is confused and unsure what to do. | EN18: Very Confident | EO18: 11.346 | EP18: 12.769 | EQ18: 13.461 | ER18: 2 | ES18: Needs Help | Calcifer is signalling to you that it needs your help. | ET18: Somewhat Confident | EU18: 29.784 | EV18: 41.097 | EW18: 41.975 | EX18: 3 | EY18: Interacting with Pinecone | Calcifer is interacting with a target pinecone. | EZ18: Very Confident | FA18: 8.676 | FB18: 10.572 | FC18: 11.823 | FD18: 2 | FF18: Not Very Confident | FG18: 31.335 | FH18: 32.655 | FI18: 33.46 | FJ18: 2 | FK18: Waiting for Input | Calcifer is in standby mode, waiting for a command from you. | FL18: Very Confident | FM18: 7.636 | FN18: 9.812 | FO18: 10.514 | FP18: 2 | FQ18: Interacting with Pinecone | Calcifer is interacting with a target pinecone. | FR18: Very Confident | FS18: 17.727 | FT18: 19.399 | FU18: 20.235 | FV18: 2 | FW18: Needs Help | Calcifer is signalling to you that it needs your help. | FX18: Very Confident | FY18: 12.298 | FZ18: 15.905 | GA18: 17.989 | GB18: 2 | GC18: Waiting for Input | Calcifer is in standby mode, waiting for a command from you. | GD18: Very Confident | GE18: 9.654 | GF18: 11.783 | GG18: 12.539 | GH18: 2 | GI18: Interacting with Pinecone | Calcifer is interacting with a target pinecone. | GJ18: Very Confident | GK18: 10.335 | GL18: 12.119 | GM18: 13.4 | GN18: 3 | GO18: Waiting for Input | Calcifer is in standby mode, waiting for a command from you. | GP18: Very Confident | GQ18: 15.522 | GR18: 17.281 | GS18: 18.023 | GT18: 2 | GU18: Waiting for Input | Calcifer is in standby mode, waiting for a command from you. | GV18: Very Confident | GW18: 16.791 | GX18: 18.638 | GY18: 19.475 | GZ18: 2 | HA18: Interacting with Pinecone | Calcifer is interacting with a target pinecone. | HB18: Very Confident | HC18: 7.26 | HD18: 8.972 | HE18: 9.705 | HF18: 2 | HG18: Waiting for Input | Calcifer is in standby mode, waiting for a command from you. | HH18: Somewhat Confident | HI18: 22.628 | HJ18: 23.748 | HK18: 24.545 | HL18: 2 | HM18: Looking at me. | HN18: Look at me | HO18: Looking at pinecones | HP18: Look at pinecones | HQ18: Looking at pinecones and wagging | HR18: Look at pinecones and wag | HS18: Looking at ground and crouching with a tilt | HT18: Lie down and roll over to play dead | HU18: Look at ground and move front of body side to side | HV18: Look at ground and move front of body side to side as if shaking ones head to say 'no' | HW18: The greater the range of motion of the robot the easier it will be communicate their state. | HX18: Rainer@Iraschko.net | HY18: 2 | HZ18: five_then_three | IA18: 12
A19: 45747.529 | B19: 45747.542 | C19: IP Address | D19: 136.226.79.7 | E19: 100 | F19: 1084 | G19: True | H19: 45747.542 | I19: R_5Y9rumy3PJyVL9I | N19: 37.3388 | O19: -121.8916 | P19: anonymous | Q19: EN | R19: 0.89999998 | S19: Yes | T19: Yes | U19: Yes | V19: Yes | W19: Engineering (e.g. design, consulting) | X19: Cat | Y19: Nearly every day or more | Z19: Never | AA19: Never | AB19: Less than once per month | AC19: Waiting for Input | Calcifer is in standby mode, waiting for a command from you. | AD19: Somewhat Confident | AE19: 10.695 | AF19: 15.537 | AG19: 16.344 | AH19: 4 | AI19: Analyzing Pinecone | Calcifer is analyzing a target pinecone to assess its size. | AJ19: Fully Confident | AK19: 6.203 | AL19: 9.856 | AM19: 10.648 | AN19: 2 | AO19: Analyzing Pinecone | Calcifer is analyzing a target pinecone to assess its size. | AP19: Fully Confident | AQ19: 11.62 | AR19: 14.714 | AS19: 15.49 | AT19: 3 | AU19: Error | Calcifer is signalling to you that it is experiencing a critical error. | AV19: Somewhat Confident | AW19: 12.997 | AX19: 16.027 | AY19: 17.679 | AZ19: 3 | BA19: Error | Calcifer is signalling to you that it is experiencing a critical error. | BB19: Not Very Confident | BC19: 13.738 | BD19: 15.932 | BE19: 17.598 | BF19: 2 | BG19: Waiting for Input | Calcifer is in standby mode, waiting for a command from you. | BH19: Not Very Confident | BI19: 18.299 | BJ19: 20.346 | BK19: 21.673 | BL19: 2 | BM19: Analyzing Pinecone | Calcifer is analyzing a target pinecone to assess its size. | BN19: Fully Confident | BO19: 10.338 | BP19: 14.934 | BQ19: 18.907 | BR19: 3 | BS19: Confused | Calcifer is signalling to you that it is confused and unsure what to do. | BT19: Not Very Confident | BU19: 14.328 | BV19: 16.92 | BW19: 18.223 | BX19: 2 | BY19: Error | Calcifer is signalling to you that it is experiencing a critical error. | BZ19: Somewhat Confident | CA19: 11.109 | CB19: 15.892 | CC19: 17.896 | CD19: 2 | CE19: Confused | Calcifer is signalling to you that it is confused and unsure what to do. | CF19: Not Very Confident | CG19: 12.773 | CH19: 15.315 | CI19: 16.627 | CJ19: 2 | CK19: Waiting for Input | Calcifer is in standby mode, waiting for a command from you. | CL19: Somewhat Confident | CM19: 9.076 | CN19: 10.688 | CO19: 11.534 | CP19: 2 | CQ19: Analyzing Pinecone | Calcifer is analyzing a target pinecone to assess its size. | CR19: Fully Confident | CS19: 10.259 | CT19: 13.371 | CU19: 14.142 | CV19: 2 | CW19: Confused | Calcifer is signalling to you that it is confused and unsure what to do. | CX19: Not Very Confident | CY19: 9.041 | CZ19: 10.022 | DA19: 11.669 | DB19: 2 | DC19: Confused | Calcifer is signalling to you that it is confused and unsure what to do. | DD19: Not Very Confident | DE19: 9.501 | DF19: 11.092 | DG19: 12.448 | DH19: 3 | DI19: Waiting for Input | Calcifer is in standby mode, waiting for a command from you. | DJ19: Fully Confident | DK19: 5.863 | DL19: 9.969 | DM19: 11.903 | DN19: 3 | DO19: Error | Calcifer is signalling to you that it is experiencing a critical error. | DP19: Not Very Confident | DQ19: 15.213 | DR19: 16.674 | DS19: 17.784 | DT19: 2 | DU19: Analyzing Pinecone | Calcifer is analyzing a target pinecone to assess its size. | DV19: Fully Confident | DW19: 8.519 | DX19: 17.347 | DY19: 18.327 | DZ19: 4 | EA19: Found Pinecone | Calcifer is signalling to you that it has found a suitable pinecone. | EB19: Very Confident | EC19: 7.383 | ED19: 13.071 | EE19: 13.959 | EF19: 2 | EG19: Confused | Calcifer is signalling to you that it is confused and unsure what to do. | EH19: Not Very Confident | EI19: 12.331 | EJ19: 28.202 | EK19: 29.013 | EL19: 3 | EM19: Waiting for Input | Calcifer is in standby mode, waiting for a command from you. | EN19: Very Confident | EO19: 10.569 | EP19: 13.082 | EQ19: 14.31 | ER19: 2 | ET19: Somewhat Confident | EU19: 17.209 | EV19: 18.535 | EW19: 19.56 | EX19: 2 | EY19: Interacting with Pinecone | Calcifer is interacting with a target pinecone. | EZ19: Very Confident | FA19: 26.094 | FB19: 34.558 | FC19: 35.257 | FD19: 2 | FF19: Somewhat Confident | FG19: 8.291 | FH19: 22.173 | FI19: 23.635 | FJ19: 3 | FK19: Waiting for Input | Calcifer is in standby mode, waiting for a command from you. | FL19: Very Confident | FM19: 6.326 | FN19: 7.287 | FO19: 8.801 | FP19: 2 | FQ19: Interacting with Pinecone | Calcifer is interacting with a target pinecone. | FR19: Very Confident | FS19: 5.41 | FT19: 6.694 | FU19: 8.681 | FV19: 2 | FX19: Somewhat Confident | FY19: 7.169 | FZ19: 9.927 | GA19: 10.742 | GB19: 2 | GC19: Waiting for Input | Calcifer is in standby mode, waiting for a command from you. | GD19: Somewhat Confident | GE19: 6.257 | GF19: 7.76 | GG19: 9.151 | GH19: 2 | GI19: Interacting with Pinecone | Calcifer is interacting with a target pinecone. | GJ19: Very Confident | GK19: 5.301 | GL19: 10.326 | GM19: 11.139 | GN19: 2 | GO19: Needs Help | Calcifer is signalling to you that it needs your help. | GP19: Not Very Confident | GQ19: 7.467 | GR19: 8.464 | GS19: 9.549 | GT19: 2 | GU19: Waiting for Input | Calcifer is in standby mode, waiting for a command from you. | GV19: Very Confident | GW19: 4.772 | GX19: 7.054 | GY19: 8.768 | GZ19: 2 | HA19: Interacting with Pinecone | Calcifer is interacting with a target pinecone. | HB19: Very Confident | HC19: 9.323 | HD19: 10.591 | HE19: 11.28 | HF19: 2 | HG19: Needs Help | Calcifer is signalling to you that it needs your help. | HH19: Somewhat Confident | HI19: 10.619 | HJ19: 12.17 | HK19: 12.879 | HL19: 2 | HM19: Looking at me and sat still | HN19: Looking at me and sat still | HO19: Looking at pinecone not moving | HP19: Looking at pinecone not moving | HQ19: Looking at pinecone and moving | HR19: Look at pinecone then look at me or sit next to the pinecone | HS19: Shaking, not looking at anything | HT19: Lay down and not move | HU19: Tilted head | HV19: Tilt head | HW19: A lot of the videos look the same | HY19: 2 | HZ19: five_then_three | IA19: 12
A20: 45747.674 | B20: 45747.691 | C20: IP Address | D20: 220.233.4.109 | E20: 100 | F20: 1527 | G20: True | H20: 45747.691 | I20: R_9q1SqyY6LCOxUGk | N20: -37.8159 | O20: 144.9669 | P20: anonymous | Q20: EN | R20: 0.89999998 | S20: Yes | T20: Yes | U20: Yes | V20: Yes | W20: Academic (e.g. student, teacher) | X20: Bird | Y20: Nearly every day or more | Z20: Less than once per month | AA20: At least once per week | AB20: Less than once per month | AC20: Waiting for Input | Calcifer is in standby mode, waiting for a command from you. | AD20: Somewhat Confident | AE20: 19.213 | AF20: 27.257 | AG20: 28.189 | AH20: 2 | AI20: Found Pinecone | Calcifer is signalling to you that it has found a suitable pinecone. | AJ20: Very Confident | AK20: 10.441 | AL20: 11.797 | AM20: 12.898 | AN20: 2 | AO20: Analyzing Pinecone | Calcifer is analyzing a target pinecone to assess its size. | AP20: Somewhat Confident | AQ20: 9.855 | AR20: 12.239 | AS20: 13.298 | AT20: 2 | AU20: Error | Calcifer is signalling to you that it is experiencing a critical error. | AV20: Somewhat Confident | AW20: 11.991 | AX20: 13.601 | AY20: 15.16 | AZ20: 2 | BA20: Confused | Calcifer is signalling to you that it is confused and unsure what to do. | BB20: Somewhat Confident | BC20: 14.85 | BD20: 16.583 | BE20: 17.623 | BF20: 2 | BG20: Waiting for Input | Calcifer is in standby mode, waiting for a command from you. | BH20: Somewhat Confident | BI20: 11.661 | BJ20: 14.179 | BK20: 15.476 | BL20: 2 | BM20: Analyzing Pinecone | Calcifer is analyzing a target pinecone to assess its size. | BN20: Very Confident | BO20: 9.843 | BP20: 11.374 | BQ20: 12.272 | BR20: 2 | BS20: Waiting for Input | Calcifer is in standby mode, waiting for a command from you. | BT20: Somewhat Confident | BU20: 10.202 | BV20: 12.007 | BW20: 12.851 | BX20: 2 | BY20: Confused | Calcifer is signalling to you that it is confused and unsure what to do. | BZ20: Somewhat Confident | CA20: 8.503 | CB20: 11.732 | CC20: 12.976 | CD20: 2 | CE20: Found Pinecone | Calcifer is signalling to you that it has found a suitable pinecone. | CF20: Somewhat Confident | CG20: 14.597 | CH20: 16.048 | CI20: 17.594 | CJ20: 2 | CK20: Waiting for Input | Calcifer is in standby mode, waiting for a command from you. | CL20: Somewhat Confident | CM20: 11.44 | CN20: 13.315 | CO20: 14.744 | CP20: 2 | CQ20: Analyzing Pinecone | Calcifer is analyzing a target pinecone to assess its size. | CR20: Very Confident | CS20: 8.261 | CT20: 11.648 | CU20: 14.524 | CV20: 2 | CW20: Waiting for Input | Calcifer is in standby mode, waiting for a command from you. | CX20: Somewhat Confident | CY20: 11.795 | CZ20: 13.224 | DA20: 14.381 | DB20: 2 | DC20: Found Pinecone | Calcifer is signalling to you that it has found a suitable pinecone. | DD20: Very Confident | DE20: 8.642 | DF20: 12.464 | DG20: 13.973 | DH20: 2 | DI20: Waiting for Input | Calcifer is in standby mode, waiting for a command from you. | DJ20: Very Confident | DK20: 8.146 | DL20: 10.088 | DM20: 11.247 | DN20: 2 | DO20: Waiting for Input | Calcifer is in standby mode, waiting for a command from you. | DP20: Somewhat Confident | DQ20: 8.857 | DR20: 11.086 | DS20: 12.35 | DT20: 2 | DU20: Analyzing Pinecone | Calcifer is analyzing a target pinecone to assess its size. | DV20: Very Confident | DW20: 6.148 | DX20: 9.33 | DY20: 10.608 | DZ20: 2 | EA20: Found Pinecone | Calcifer is signalling to you that it has found a suitable pinecone. | EB20: Very Confident | EC20: 16.467 | ED20: 19.64 | EE20: 20.907 | EF20: 2 | EG20: Confused | Calcifer is signalling to you that it is confused and unsure what to do. | EH20: Somewhat Confident | EI20: 11.962 | EJ20: 13.562 | EK20: 14.775 | EL20: 2 | EM20: Found Pinecone | Calcifer is signalling to you that it has found a suitable pinecone. | EN20: Very Confident | EO20: 12.23 | EP20: 14.043 | EQ20: 15.465 | ER20: 2 | ES20: Waiting for Input | Calcifer is in standby mode, waiting for a command from you. | ET20: Somewhat Confident | EU20: 14.469 | EV20: 16.009 | EW20: 17.069 | EX20: 2 | EY20: Interacting with Pinecone | Calcifer is interacting with a target pinecone. | EZ20: Somewhat Confident | FA20: 12.652 | FB20: 14.995 | FC20: 16.594 | FD20: 2 | FE20: Needs Help | Calcifer is signalling to you that it needs your help. | FF20: Somewhat Confident | FG20: 11.867 | FH20: 13.869 | FI20: 15.302 | FJ20: 2 | FK20: Waiting for Input | Calcifer is in standby mode, waiting for a command from you. | FL20: Somewhat Confident | FM20: 11.487 | FN20: 13.899 | FO20: 15.276 | FP20: 2 | FQ20: Interacting with Pinecone | Calcifer is interacting with a target pinecone. | FR20: Very Confident | FS20: 5.867 | FT20: 7.98 | FU20: 9.238 | FV20: 2 | FW20: Needs Help | Calcifer is signalling to you that it needs your help. | FX20: Very Confident | FY20: 13.14 | FZ20: 16.038 | GA20: 23.286 | GB20: 2 | GC20: Needs Help | Calcifer is signalling to you that it needs your help. | GD20: Somewhat Confident | GE20: 11.339 | GF20: 12.294 | GG20: 13.737 | GH20: 2 | GI20: Interacting with Pinecone | Calcifer is interacting with a target pinecone. | GJ20: Very Confident | GK20: 25.095 | GL20: 35.588 | GM20: 36.83 | GN20: 2 | GO20: Needs Help | Calcifer is signalling to you that it needs your help. | GP20: Somewhat Confident | GQ20: 14.748 | GR20: 22.3 | GS20: 23.434 | GT20: 2 | GU20: Waiting for Input | Calcifer is in standby mode, waiting for a command from you. | GV20: Somewhat Confident | GW20: 24.311 | GX20: 25.995 | GY20: 27.085 | GZ20: 2 | HA20: Interacting with Pinecone | Calcifer is interacting with a target pinecone. | HB20: Somewhat Confident | HC20: 23.115 | HD20: 26.497 | HE20: 27.656 | HF20: 2 | HG20: Waiting for Input | Calcifer is in standby mode, waiting for a command from you. | HH20: Somewhat Confident | HI20: 14.213 | HJ20: 15.82 | HK20: 16.685 | HL20: 2 | HM20: sitting or standing still and facing me | HN20: sitting still and facing me | HO20: standing with lowered front while facing the pinecone | HP20: small head movement that looks like "scanning" the pinecone, or circling around the pinecone | HQ20: sitting next to the pinecone with head tilted towards the pinecone while facing me | HR20: look at pinecone, then look at me | HS20: trembles | HT20: head scratches? lying upside down? this one is kinda hard to communicate and probably depends on what error the robot is experiencing | HU20: trembles | HV20: I consider confused as a type of error, so it's difficult to distinguish them | HW20: some states are difficult to distinguish from gesture alone, such as sitting still may either be waiting for inputs or pinecone found | HX20: Leimin.Tian@monash.edu | HY20: 2 | HZ20: three_then_five | IA20: 20
A23: KEY | AC23: Waiting for Input | Calcifer is in standby mode, waiting for a command from you. | AI23: Analyzing Pinecone | Calcifer is analyzing a target pinecone to assess its size. | AO23: Found Pinecone | Calcifer is signalling to you that it has found a suitable pinecone. | AU23: Error | Calcifer is signalling to you that it is experiencing a critical error. | BA23: Confused | Calcifer is signalling to you that it is confused and unsure what to do. | BG23: Waiting for Input | Calcifer is in standby mode, waiting for a command from you. | BM23: Analyzing Pinecone | Calcifer is analyzing a target pinecone to assess its size. | BS23: Found Pinecone | Calcifer is signalling to you that it has found a suitable pinecone. | BY23: Error | Calcifer is signalling to you that it is experiencing a critical error. | CE23: Confused | Calcifer is signalling to you that it is confused and unsure what to do. | CK23: Waiting for Input | Calcifer is in standby mode, waiting for a command from you. | CQ23: Analyzing Pinecone | Calcifer is analyzing a target pinecone to assess its size. | CW23: Found Pinecone | Calcifer is signalling to you that it has found a suitable pinecone. | DC23: Error | Calcifer is signalling to you that it is experiencing a critical error. | DI23: Confused | Calcifer is signalling to you that it is confused and unsure what to do. | DO23: Waiting for Input | Calcifer is in standby mode, waiting for a command from you. | DU23: Analyzing Pinecone | Calcifer is analyzing a target pinecone to assess its size. | EA23: Found Pinecone | Calcifer is signalling to you that it has found a suitable pinecone. | EG23: Error | Calcifer is signalling to you that it is experiencing a critical error. | EM23: Confused | Calcifer is signalling to you that it is confused and unsure what to do. | ES23: Waiting for Input | Calcifer is in standby mode, waiting for a command from you. | EY23: Interacting with Pinecone | Calcifer is interacting with a target pinecone. | FE23: Needs Help | Calcifer is signalling to you that it needs your help. | FK23: Waiting for Input | Calcifer is in standby mode, waiting for a command from you. | FQ23: Interacting with Pinecone | Calcifer is interacting with a target pinecone. | FW23: Needs Help | Calcifer is signalling to you that it needs your help. | GC23: Waiting for Input | Calcifer is in standby mode, waiting for a command from you. | GI23: Interacting with Pinecone | Calcifer is interacting with a target pinecone. | GO23: Needs Help | Calcifer is signalling to you that it needs your help. | GU23: Waiting for Input | Calcifer is in standby mode, waiting for a command from you. | HA23: Interacting with Pinecone | Calcifer is interacting with a target pinecone. | HG23: Needs Help | Calcifer is signalling to you that it needs your help.
AC24: =COUNTIF(AC$3:AC$20,AC$23) -> 16 | AI24: =COUNTIF(AI$3:AI$20,AI$23) -> 14 | AO24: =COUNTIF(AO$3:AO$20,AO$23) -> 3 | AU24: =COUNTIF(AU$3:AU$20,AU$23) -> 15 | BA24: =COUNTIF(BA$3:BA$20,BA$23) -> 2 | BG24: =COUNTIF(BG$3:BG$20,BG$23) -> 16 | BM24: =COUNTIF(BM$3:BM$20,BM$23) -> 14 | BS24: =COUNTIF(BS$3:BS$20,BS$23) -> 0 | BY24: =COUNTIF(BY$3:BY$20,BY$23) -> 9 | CE24: =COUNTIF(CE$3:CE$20,CE$23) -> 13 | CK24: =COUNTIF(CK$3:CK$20,CK$23) -> 17 | CQ24: =COUNTIF(CQ$3:CQ$20,CQ$23) -> 15 | CW24: =COUNTIF(CW$3:CW$20,CW$23) -> 0 | DC24: =COUNTIF(DC$3:DC$20,DC$23) -> 6 | DI24: =COUNTIF(DI$3:DI$20,DI$23) -> 11 | DO24: =COUNTIF(DO$3:DO$20,DO$23) -> 15 | DU24: =COUNTIF(DU$3:DU$20,DU$23) -> 15 | EA24: =COUNTIF(EA$3:EA$20,EA$23) -> 13 | EG24: =COUNTIF(EG$3:EG$20,EG$23) -> 9 | EM24: =COUNTIF(EM$3:EM$20,EM$23) -> 11 | ES24: =COUNTIF(ES$3:ES$20,ES$23) -> 14 | EY24: =COUNTIF(EY$3:EY$20,EY$23) -> 17 | FE24: =COUNTIF(FE$3:FE$20,FE$23) -> 12 | FK24: =COUNTIF(FK$3:FK$20,FK$23) -> 17 | FQ24: =COUNTIF(FQ$3:FQ$20,FQ$23) -> 15 | FW24: =COUNTIF(FW$3:FW$20,FW$23) -> 14 | GC24: =COUNTIF(GC$3:GC$20,GC$23) -> 15 | GI24: =COUNTIF(GI$3:GI$20,GI$23) -> 17 | GO24: =COUNTIF(GO$3:GO$20,GO$23) -> 12 | GU24: =COUNTIF(GU$3:GU$20,GU$23) -> 15 | HA24: =COUNTIF(HA$3:HA$20,HA$23) -> 17 | HG24: =COUNTIF(HG$3:HG$20,HG$23) -> 6

Sheet Sheet1
C2: Isolation | D2: No Dist | E2: EMD | F2: Dynamic
A3: 5-State Space | B3: WFI | C3: =RAW_w_CALCS!AC24 /B18 -> 0.88888889 | D3: =RAW_w_CALCS!BG24/B18 -> 0.88888889 | E3: =RAW_w_CALCS!CK24/B18 -> 0.94444444 | F3: =RAW_w_CALCS!DO24/B18 -> 0.83333333
B4: AO | C4: =RAW_w_CALCS!AI24/B18 -> 0.77777778 | D4: =RAW_w_CALCS!BM24/B18 -> 0.77777778 | E4: =RAW_w_CALCS!CQ24/B18 -> 0.83333333 | F4: =RAW_w_CALCS!DU24/B18 -> 0.83333333
B5: FO | C5: =RAW_w_CALCS!AO24/B18 -> 0.16666667 | D5: =RAW_w_CALCS!BS24/B18 -> 0 | E5: =RAW_w_CALCS!CW24/B18 -> 0 | F5: =RAW_w_CALCS!EA24/B18 -> 0.72222222
B6: E | C6: =RAW_w_CALCS!AU24/B18 -> 0.83333333 | D6: =RAW_w_CALCS!BY24/B18 -> 0.5 | E6: =RAW_w_CALCS!DC24/B18 -> 0.33333333 | F6: =RAW_w_CALCS!EG24/B18 -> 0.5
B7: C | C7: =RAW_w_CALCS!BA24/B18 -> 0.11111111 | D7: =RAW_w_CALCS!CE24/B18 -> 0.72222222 | E7: =RAW_w_CALCS!DI24/B18 -> 0.61111111 | F7: =RAW_w_CALCS!EM24/B18 -> 0.61111111
B8: All-State Average | C8: =AVERAGE(C3:C7) -> 0.55555556 | D8: =AVERAGE(D3:D7) -> 0.57777778 | E8: =AVERAGE(E3:E7) -> 0.54444444 | F8: =AVERAGE(F3:F7) -> 0.7
B9: Total Average | C9: =AVERAGE(C8:F8) -> 0.59444444
C11: Isolation | D11: No Dist | E11: EMD | F11: Dynamic
A12: 3-State Space | B12: WFI | C12: =RAW_w_CALCS!ES24/B18 -> 0.77777778 | D12: =RAW_w_CALCS!FK24/B18 -> 0.94444444 | E12: =RAW_w_CALCS!GC24/B18 -> 0.83333333 | F12: =RAW_w_CALCS!GU24/B18 -> 0.83333333
B13: IWO | C13: =RAW_w_CALCS!EY24/B18 -> 0.94444444 | D13: =RAW_w_CALCS!FQ24/B18 -> 0.83333333 | E13: =RAW_w_CALCS!GI24/B18 -> 0.94444444 | F13: =RAW_w_CALCS!HA24/B18 -> 0.94444444
B14: NH | C14: =RAW_w_CALCS!FE24/B18 -> 0.66666667 | D14: =RAW_w_CALCS!FW24/B18 -> 0.77777778 | E14: =RAW_w_CALCS!GO24/B18 -> 0.66666667 | F14: =RAW_w_CALCS!HG24/B18 -> 0.33333333
B15: All-State Average | C15: =AVERAGE(C12:C14) -> 0.7962963 | D15: =AVERAGE(D12:D14) -> 0.85185185 | E15: =AVERAGE(E12:E14) -> 0.81481481 | F15: =AVERAGE(F12:F14) -> 0.7037037
B16: Total Average | C16: =AVERAGE(C15:F15) -> 0.79166667
A18: Participants | B18: 18
